YEAR,MONTH,DAY_OF_WEEK,ORIGIN_AIRPORT,AIRLINE,DEPARTURE_DELAY,CANCELLED,CANCELLATION_REASON,Status
2015,1,4,LAS,WN,2,0,,Delayed
2015,1,4,LAS,WN,3,0,,Delayed
2015,1,4,LAS,WN,7,0,,Delayed
2015,1,4,LAS,WN,1,0,,Delayed
2015,1,4,LAS,WN,2,0,,Delayed
2015,1,4,LAS,WN,26,0,,Delayed
2015,1,4,LAS,WN,4,0,,Delayed
2015,1,4,LAS,WN,45,0,,Delayed
2015,1,4,LAS,WN,11,0,,Delayed
2015,1,4,LAS,WN,3,0,,Delayed
2015,1,4,LAS,WN,41,0,,Delayed
2015,1,4,LAS,WN,11,0,,Delayed
2015,1,4,LAS,WN,23,0,,Delayed
2015,1,4,LAS,WN,9,0,,Delayed
2015,1,4,LAS,WN,48,0,,Delayed
2015,1,4,LAS,WN,14,0,,Delayed
2015,1,4,LAS,WN,12,0,,Delayed
2015,1,4,LAS,WN,17,0,,Delayed
2015,1,4,LAS,WN,1,0,,Delayed
2015,1,4,LAS,WN,12,0,,Delayed
2015,1,4,LAS,WN,41,0,,Delayed
2015,1,4,LAS,WN,3,0,,Delayed
2015,1,4,LAS,WN,1,0,,Delayed
2015,1,4,LAS,WN,18,0,,Delayed
2015,1,4,LAS,WN,16,0,,Delayed
2015,1,4,LAS,WN,7,0,,Delayed
2015,1,4,LAS,WN,5,0,,Delayed
2015,1,4,LAS,WN,60,0,,Delayed
2015,1,4,LAS,WN,137,0,,Delayed
2015,1,4,LAS,WN,41,0,,Delayed
2015,1,4,LAS,WN,63,0,,Delayed
2015,1,4,LAS,WN,39,0,,Delayed
2015,1,4,LAS,WN,14,0,,Delayed
2015,1,4,LAS,WN,33,0,,Delayed
2015,1,4,LAS,WN,14,0,,Delayed
2015,1,4,LAS,WN,12,0,,Delayed
2015,1,4,LAS,WN,91,0,,Delayed
2015,1,4,LAS,WN,12,0,,Delayed
2015,1,4,LAS,WN,2,0,,Delayed
2015,1,4,LAS,WN,24,0,,Delayed
2015,1,4,LAS,WN,78,0,,Delayed
2015,1,4,LAS,WN,19,0,,Delayed
2015,1,4,LAS,WN,43,0,,Delayed
2015,1,4,LAS,WN,4,0,,Delayed
2015,1,4,LAS,WN,17,0,,Delayed
2015,1,4,LAS,WN,3,0,,Delayed
2015,1,4,LAS,WN,39,0,,Delayed
2015,1,4,LAS,WN,39,0,,Delayed
2015,1,4,LAS,WN,21,0,,Delayed
2015,1,4,LAS,WN,10,0,,Delayed
2015,1,4,LAS,WN,6,0,,Delayed
2015,1,4,LAS,WN,7,0,,Delayed
2015,1,4,LAS,WN,21,0,,Delayed
2015,1,4,LAS,WN,15,0,,Delayed
2015,1,4,LAS,WN,26,0,,Delayed
2015,1,4,LAS,WN,12,0,,Delayed
2015,1,4,LAS,WN,16,0,,Delayed
2015,1,4,LAS,WN,12,0,,Delayed
2015,1,4,LAS,WN,6,0,,Delayed
2015,1,4,LAS,WN,15,0,,Delayed
2015,1,4,LAS,WN,18,0,,Delayed
2015,1,4,LAS,WN,1,0,,Delayed
2015,1,4,LAS,WN,12,0,,Delayed
2015,1,4,LAS,WN,23,0,,Delayed
2015,1,4,LAS,WN,18,0,,Delayed
2015,1,4,LAS,WN,52,0,,Delayed
2015,1,4,LAS,WN,11,0,,Delayed
2015,1,4,LAS,WN,21,0,,Delayed
2015,1,4,LAS,WN,103,0,,Delayed
2015,1,4,LAS,WN,2,0,,Delayed
2015,1,4,LAS,WN,12,0,,Delayed
2015,1,4,LAS,WN,26,0,,Delayed
2015,1,4,LAS,WN,2,0,,Delayed
2015,1,4,LAS,WN,3,0,,Delayed
2015,1,4,LAS,WN,20,0,,Delayed
2015,1,4,LAS,WN,1,0,,Delayed
2015,1,4,LAS,WN,6,0,,Delayed
2015,1,4,LAS,WN,22,0,,Delayed
2015,1,4,LAS,WN,4,0,,Delayed
2015,1,4,LAS,WN,15,0,,Delayed
2015,1,4,LAS,WN,5,0,,Delayed
2015,1,4,LAS,WN,5,0,,Delayed
2015,1,4,LAS,WN,27,0,,Delayed
2015,1,4,LAS,WN,19,0,,Delayed
2015,1,4,LAS,WN,34,0,,Delayed
2015,1,4,LAS,WN,13,0,,Delayed
2015,1,4,LAS,WN,17,0,,Delayed
2015,1,4,LAS,WN,37,0,,Delayed
2015,1,4,LAS,WN,28,0,,Delayed
2015,1,4,LAS,WN,18,0,,Delayed
2015,1,4,LAS,WN,33,0,,Delayed
2015,1,4,LAS,WN,4,0,,Delayed
2015,1,4,LAS,WN,31,0,,Delayed
2015,1,4,LAS,WN,1,0,,Delayed
2015,1,4,LAS,WN,2,0,,Delayed
2015,1,4,LAS,WN,12,0,,Delayed
2015,1,4,LAS,WN,6,0,,Delayed
2015,1,4,LAS,WN,8,0,,Delayed
2015,1,4,LAS,WN,75,0,,Delayed
2015,1,4,LAS,WN,51,0,,Delayed
2015,1,4,LAS,WN,38,0,,Delayed
2015,1,4,LAS,WN,31,0,,Delayed
2015,1,4,LAS,WN,20,0,,Delayed
2015,1,4,LAS,WN,15,0,,Delayed
2015,1,4,LAS,WN,77,0,,Delayed
2015,1,4,LAS,WN,25,0,,Delayed
2015,1,4,LAS,WN,7,0,,Delayed
2015,1,4,LAS,WN,7,0,,Delayed
2015,1,4,LAS,WN,22,0,,Delayed
2015,1,4,LAS,WN,11,0,,Delayed
2015,1,4,LAS,WN,60,0,,Delayed
2015,1,4,LAS,WN,31,0,,Delayed
2015,1,4,LAS,WN,40,0,,Delayed
2015,1,4,LAS,WN,5,0,,Delayed
2015,1,4,LAS,WN,22,0,,Delayed
2015,1,4,LAS,WN,4,0,,Delayed
2015,1,5,LAS,WN,3,0,,Delayed
2015,1,5,LAS,WN,2,0,,Delayed
2015,1,5,LAS,WN,6,0,,Delayed
2015,1,5,LAS,WN,2,0,,Delayed
2015,1,5,LAS,WN,18,0,,Delayed
2015,1,5,LAS,WN,14,0,,Delayed
2015,1,5,LAS,WN,5,0,,Delayed
2015,1,5,LAS,WN,17,0,,Delayed
2015,1,5,LAS,WN,7,0,,Delayed
2015,1,5,LAS,WN,13,0,,Delayed
2015,1,5,LAS,WN,2,0,,Delayed
2015,1,5,LAS,WN,13,0,,Delayed
2015,1,5,LAS,WN,17,0,,Delayed
2015,1,5,LAS,WN,12,0,,Delayed
2015,1,5,LAS,WN,7,0,,Delayed
2015,1,5,LAS,WN,9,0,,Delayed
2015,1,5,LAS,WN,44,0,,Delayed
2015,1,5,LAS,WN,86,0,,Delayed
2015,1,5,LAS,WN,63,0,,Delayed
2015,1,5,LAS,WN,77,0,,Delayed
2015,1,5,LAS,WN,10,0,,Delayed
2015,1,5,LAS,WN,4,0,,Delayed
2015,1,5,LAS,WN,32,0,,Delayed
2015,1,5,LAS,WN,6,0,,Delayed
2015,1,5,LAS,WN,33,0,,Delayed
2015,1,5,LAS,WN,11,0,,Delayed
2015,1,5,LAS,WN,2,0,,Delayed
2015,1,5,LAS,WN,1,0,,Delayed
2015,1,5,LAS,WN,20,0,,Delayed
2015,1,5,LAS,WN,3,0,,Delayed
2015,1,5,LAS,WN,2,0,,Delayed
2015,1,5,LAS,WN,9,0,,Delayed
2015,1,5,LAS,WN,21,0,,Delayed
2015,1,5,LAS,WN,8,0,,Delayed
2015,1,5,LAS,WN,30,0,,Delayed
2015,1,5,LAS,WN,1,0,,Delayed
2015,1,5,LAS,WN,39,0,,Delayed
2015,1,5,LAS,WN,31,0,,Delayed
2015,1,5,LAS,WN,6,0,,Delayed
2015,1,5,LAS,WN,6,0,,Delayed
2015,1,5,LAS,WN,1,0,,Delayed
2015,1,5,LAS,WN,7,0,,Delayed
2015,1,5,LAS,WN,47,0,,Delayed
2015,1,5,LAS,WN,11,0,,Delayed
2015,1,5,LAS,WN,16,0,,Delayed
2015,1,5,LAS,WN,11,0,,Delayed
2015,1,5,LAS,WN,23,0,,Delayed
2015,1,5,LAS,WN,15,0,,Delayed
2015,1,5,LAS,WN,28,0,,Delayed
2015,1,5,LAS,WN,41,0,,Delayed
2015,1,5,LAS,WN,41,0,,Delayed
2015,1,5,LAS,WN,46,0,,Delayed
2015,1,5,LAS,WN,5,0,,Delayed
2015,1,5,LAS,WN,31,0,,Delayed
2015,1,5,LAS,WN,34,0,,Delayed
2015,1,5,LAS,WN,17,0,,Delayed
2015,1,5,LAS,WN,18,0,,Delayed
2015,1,5,LAS,WN,45,0,,Delayed
2015,1,5,LAS,WN,2,0,,Delayed
2015,1,5,LAS,WN,41,0,,Delayed
2015,1,5,LAS,WN,15,0,,Delayed
2015,1,5,LAS,WN,53,0,,Delayed
2015,1,5,LAS,WN,58,0,,Delayed
2015,1,5,LAS,WN,20,0,,Delayed
2015,1,5,LAS,WN,10,0,,Delayed
2015,1,5,LAS,WN,64,0,,Delayed
2015,1,5,LAS,WN,19,0,,Delayed
2015,1,5,LAS,WN,47,0,,Delayed
2015,1,5,LAS,WN,35,0,,Delayed
2015,1,5,LAS,WN,18,0,,Delayed
2015,1,5,LAS,WN,33,0,,Delayed
2015,1,5,LAS,WN,13,0,,Delayed
2015,1,5,LAS,WN,44,0,,Delayed
2015,1,5,LAS,WN,33,0,,Delayed
2015,1,5,LAS,WN,1,0,,Delayed
2015,1,5,LAS,WN,8,0,,Delayed
2015,1,5,LAS,WN,49,0,,Delayed
2015,1,5,LAS,WN,2,0,,Delayed
2015,1,5,LAS,WN,2,0,,Delayed
2015,1,5,LAS,WN,5,0,,Delayed
2015,1,5,LAS,WN,13,0,,Delayed
2015,1,5,LAS,WN,44,0,,Delayed
2015,1,5,LAS,WN,26,0,,Delayed
2015,1,5,LAS,WN,8,0,,Delayed
2015,1,5,LAS,WN,25,0,,Delayed
2015,1,5,LAS,WN,18,0,,Delayed
2015,1,5,LAS,WN,30,0,,Delayed
2015,1,5,LAS,WN,41,0,,Delayed
2015,1,5,LAS,WN,36,0,,Delayed
2015,1,5,LAS,WN,1,0,,Delayed
2015,1,5,LAS,WN,30,0,,Delayed
2015,1,5,LAS,WN,108,0,,Delayed
2015,1,5,LAS,WN,9,0,,Delayed
2015,1,5,LAS,WN,4,0,,Delayed
2015,1,5,LAS,WN,18,0,,Delayed
2015,1,5,LAS,WN,4,0,,Delayed
2015,1,5,LAS,WN,1,0,,Delayed
2015,1,5,LAS,WN,58,0,,Delayed
2015,1,5,LAS,WN,2,0,,Delayed
2015,1,5,LAS,WN,55,0,,Delayed
2015,1,5,LAS,WN,13,0,,Delayed
2015,1,5,LAS,WN,139,0,,Delayed
2015,1,5,LAS,WN,8,0,,Delayed
2015,1,5,LAS,WN,36,0,,Delayed
2015,1,5,LAS,WN,22,0,,Delayed
2015,1,5,LAS,WN,16,0,,Delayed
2015,1,5,LAS,WN,24,0,,Delayed
2015,1,5,LAS,WN,8,0,,Delayed
2015,1,5,LAS,WN,44,0,,Delayed
2015,1,5,LAS,WN,2,0,,Delayed
2015,1,5,LAS,WN,27,0,,Delayed
2015,1,5,LAS,WN,8,0,,Delayed
2015,1,5,LAS,WN,26,0,,Delayed
2015,1,5,LAS,WN,13,0,,Delayed
2015,1,5,LAS,WN,30,0,,Delayed
2015,1,5,LAS,WN,5,0,,Delayed
2015,1,5,LAS,WN,32,0,,Delayed
2015,1,5,LAS,WN,28,0,,Delayed
2015,1,5,LAS,WN,26,0,,Delayed
2015,1,5,LAS,WN,16,0,,Delayed
2015,1,5,LAS,WN,14,0,,Delayed
2015,1,5,LAS,WN,17,0,,Delayed
2015,1,5,LAS,WN,32,0,,Delayed
2015,1,5,LAS,WN,104,0,,Delayed
2015,1,5,LAS,WN,85,0,,Delayed
2015,1,5,LAS,WN,14,0,,Delayed
2015,1,4,PHX,WN,1,0,,Delayed
2015,1,4,PHX,WN,4,0,,Delayed
2015,1,4,PHX,WN,1,0,,Delayed
2015,1,4,PHX,WN,8,0,,Delayed
2015,1,4,PHX,WN,9,0,,Delayed
2015,1,4,PHX,WN,9,0,,Delayed
2015,1,4,PHX,WN,1,0,,Delayed
2015,1,4,PHX,WN,2,0,,Delayed
2015,1,4,PHX,WN,9,0,,Delayed
2015,1,4,PHX,WN,9,0,,Delayed
2015,1,4,PHX,WN,36,0,,Delayed
2015,1,4,PHX,WN,2,0,,Delayed
2015,1,4,PHX,WN,3,0,,Delayed
2015,1,4,PHX,WN,1,0,,Delayed
2015,1,4,PHX,WN,2,0,,Delayed
2015,1,4,PHX,WN,14,0,,Delayed
2015,1,4,PHX,WN,37,0,,Delayed
2015,1,4,PHX,WN,7,0,,Delayed
2015,1,4,PHX,WN,8,0,,Delayed
2015,1,4,PHX,WN,8,0,,Delayed
2015,1,4,PHX,WN,47,0,,Delayed
2015,1,4,PHX,WN,12,0,,Delayed
2015,1,4,PHX,WN,8,0,,Delayed
2015,1,4,PHX,WN,2,0,,Delayed
2015,1,4,PHX,WN,1,0,,Delayed
2015,1,4,PHX,WN,4,0,,Delayed
2015,1,4,PHX,WN,8,0,,Delayed
2015,1,4,PHX,WN,14,0,,Delayed
2015,1,4,PHX,WN,11,0,,Delayed
2015,1,4,PHX,WN,49,0,,Delayed
2015,1,4,PHX,WN,22,0,,Delayed
2015,1,4,PHX,WN,20,0,,Delayed
2015,1,4,PHX,WN,3,0,,Delayed
2015,1,4,PHX,WN,6,0,,Delayed
2015,1,4,PHX,WN,12,0,,Delayed
2015,1,4,PHX,WN,65,0,,Delayed
2015,1,4,PHX,WN,13,0,,Delayed
2015,1,4,PHX,WN,12,0,,Delayed
2015,1,4,PHX,WN,7,0,,Delayed
2015,1,4,PHX,WN,11,0,,Delayed
2015,1,4,PHX,WN,21,0,,Delayed
2015,1,4,PHX,WN,35,0,,Delayed
2015,1,4,PHX,WN,19,0,,Delayed
2015,1,4,PHX,WN,6,0,,Delayed
2015,1,4,PHX,WN,4,0,,Delayed
2015,1,4,PHX,WN,4,0,,Delayed
2015,1,4,PHX,WN,17,0,,Delayed
2015,1,4,PHX,WN,31,0,,Delayed
2015,1,4,PHX,WN,29,0,,Delayed
2015,1,4,PHX,WN,24,0,,Delayed
2015,1,4,PHX,WN,28,0,,Delayed
2015,1,4,PHX,WN,39,0,,Delayed
2015,1,4,PHX,WN,31,0,,Delayed
2015,1,4,PHX,WN,6,0,,Delayed
2015,1,4,PHX,WN,56,0,,Delayed
2015,1,4,PHX,WN,74,0,,Delayed
2015,1,4,PHX,WN,51,0,,Delayed
2015,1,4,PHX,WN,11,0,,Delayed
2015,1,4,PHX,WN,51,0,,Delayed
2015,1,4,PHX,WN,35,0,,Delayed
2015,1,4,PHX,WN,1,0,,Delayed
2015,1,4,PHX,WN,25,0,,Delayed
2015,1,4,PHX,WN,17,0,,Delayed
2015,1,4,PHX,WN,15,0,,Delayed
2015,1,4,PHX,WN,9,0,,Delayed
2015,1,4,PHX,WN,24,0,,Delayed
2015,1,4,PHX,WN,5,0,,Delayed
2015,1,4,PHX,WN,7,0,,Delayed
2015,1,4,PHX,WN,3,0,,Delayed
2015,1,4,PHX,WN,15,0,,Delayed
2015,1,4,PHX,WN,45,0,,Delayed
2015,1,4,PHX,WN,40,0,,Delayed
2015,1,4,PHX,WN,47,0,,Delayed
2015,1,4,PHX,WN,59,0,,Delayed
2015,1,4,PHX,WN,67,0,,Delayed
2015,1,4,PHX,WN,133,0,,Delayed
2015,1,4,PHX,WN,38,0,,Delayed
2015,1,4,PHX,WN,33,0,,Delayed
2015,1,4,PHX,WN,21,0,,Delayed
2015,1,4,PHX,WN,50,0,,Delayed
2015,1,4,PHX,WN,24,0,,Delayed
2015,1,4,PHX,WN,20,0,,Delayed
2015,1,4,PHX,WN,12,0,,Delayed
2015,1,4,PHX,WN,14,0,,Delayed
2015,1,4,PHX,WN,4,0,,Delayed
2015,1,4,PHX,WN,14,0,,Delayed
2015,1,4,PHX,WN,13,0,,Delayed
2015,1,4,PHX,WN,46,0,,Delayed
2015,1,4,PHX,WN,33,0,,Delayed
2015,1,4,PHX,WN,39,0,,Delayed
2015,1,4,PHX,WN,39,0,,Delayed
2015,1,4,PHX,WN,11,0,,Delayed
2015,1,4,PHX,WN,22,0,,Delayed
2015,1,4,PHX,WN,25,0,,Delayed
2015,1,4,PHX,WN,28,0,,Delayed
2015,1,4,PHX,WN,22,0,,Delayed
2015,1,4,PHX,WN,70,0,,Delayed
2015,1,4,PHX,WN,11,0,,Delayed
2015,1,4,PHX,WN,87,0,,Delayed
2015,1,4,PHX,WN,45,0,,Delayed
2015,1,4,PHX,WN,27,0,,Delayed
2015,1,5,PHX,WN,17,0,,Delayed
2015,1,5,PHX,WN,3,0,,Delayed
2015,1,5,PHX,WN,12,0,,Delayed
2015,1,5,PHX,WN,18,0,,Delayed
2015,1,5,PHX,WN,2,0,,Delayed
2015,1,5,PHX,WN,1,0,,Delayed
2015,1,5,PHX,WN,46,0,,Delayed
2015,1,5,PHX,WN,32,0,,Delayed
2015,1,5,PHX,WN,1,0,,Delayed
2015,1,5,PHX,WN,46,0,,Delayed
2015,1,5,PHX,WN,48,0,,Delayed
2015,1,5,PHX,WN,12,0,,Delayed
2015,1,5,PHX,WN,35,0,,Delayed
2015,1,5,PHX,WN,20,0,,Delayed
2015,1,5,PHX,WN,23,0,,Delayed
2015,1,5,PHX,WN,12,0,,Delayed
2015,1,5,PHX,WN,26,0,,Delayed
2015,1,5,PHX,WN,11,0,,Delayed
2015,1,5,PHX,WN,3,0,,Delayed
2015,1,5,PHX,WN,10,0,,Delayed
2015,1,5,PHX,WN,26,0,,Delayed
2015,1,5,PHX,WN,9,0,,Delayed
2015,1,5,PHX,WN,10,0,,Delayed
2015,1,5,PHX,WN,7,0,,Delayed
2015,1,5,PHX,WN,12,0,,Delayed
2015,1,5,PHX,WN,18,0,,Delayed
2015,1,5,PHX,WN,8,0,,Delayed
2015,1,5,PHX,WN,69,0,,Delayed
2015,1,5,PHX,WN,209,0,,Delayed
2015,1,5,PHX,WN,62,0,,Delayed
2015,1,5,PHX,WN,27,0,,Delayed
2015,1,5,PHX,WN,23,0,,Delayed
2015,1,5,PHX,WN,9,0,,Delayed
2015,1,5,PHX,WN,13,0,,Delayed
2015,1,5,PHX,WN,33,0,,Delayed
2015,1,5,PHX,WN,115,0,,Delayed
2015,1,5,PHX,WN,3,0,,Delayed
2015,1,5,PHX,WN,14,0,,Delayed
2015,1,5,PHX,WN,9,0,,Delayed
2015,1,5,PHX,WN,11,0,,Delayed
2015,1,5,PHX,WN,12,0,,Delayed
2015,1,5,PHX,WN,4,0,,Delayed
2015,1,5,PHX,WN,35,0,,Delayed
2015,1,5,PHX,WN,51,0,,Delayed
2015,1,5,PHX,WN,42,0,,Delayed
2015,1,5,PHX,WN,21,0,,Delayed
2015,1,5,PHX,WN,15,0,,Delayed
2015,1,5,PHX,WN,29,0,,Delayed
2015,1,5,PHX,WN,16,0,,Delayed
2015,1,5,PHX,WN,9,0,,Delayed
2015,1,5,PHX,WN,9,0,,Delayed
2015,1,5,PHX,WN,6,0,,Delayed
2015,1,5,PHX,WN,11,0,,Delayed
2015,1,5,PHX,WN,1,0,,Delayed
2015,1,5,PHX,WN,1,0,,Delayed
2015,1,5,PHX,WN,17,0,,Delayed
2015,1,5,PHX,WN,15,0,,Delayed
2015,1,5,PHX,WN,10,0,,Delayed
2015,1,5,PHX,WN,5,0,,Delayed
2015,1,5,PHX,WN,41,0,,Delayed
2015,1,5,PHX,WN,37,0,,Delayed
2015,1,5,PHX,WN,14,0,,Delayed
2015,1,5,PHX,WN,42,0,,Delayed
2015,1,5,PHX,WN,14,0,,Delayed
2015,1,5,PHX,WN,14,0,,Delayed
2015,1,5,PHX,WN,5,0,,Delayed
2015,1,5,PHX,WN,12,0,,Delayed
2015,1,5,PHX,WN,9,0,,Delayed
2015,1,5,PHX,WN,31,0,,Delayed
2015,1,5,PHX,WN,30,0,,Delayed
2015,1,5,PHX,WN,6,0,,Delayed
2015,1,5,PHX,WN,50,0,,Delayed
2015,1,5,PHX,WN,14,0,,Delayed
2015,1,5,PHX,WN,18,0,,Delayed
2015,1,5,PHX,WN,42,0,,Delayed
2015,1,5,PHX,WN,20,0,,Delayed
2015,1,5,PHX,WN,54,0,,Delayed
2015,1,5,PHX,WN,29,0,,Delayed
2015,1,5,PHX,WN,4,0,,Delayed
2015,1,5,PHX,WN,40,0,,Delayed
2015,1,5,PHX,WN,10,0,,Delayed
2015,1,5,PHX,WN,14,0,,Delayed
2015,1,5,PHX,WN,33,0,,Delayed
2015,1,5,PHX,WN,3,0,,Delayed
2015,1,5,PHX,WN,12,0,,Delayed
2015,1,5,PHX,WN,58,0,,Delayed
2015,1,5,PHX,WN,13,0,,Delayed
2015,1,5,PHX,WN,29,0,,Delayed
2015,1,5,PHX,WN,18,0,,Delayed
2015,1,5,PHX,WN,11,0,,Delayed
2015,1,5,PHX,WN,63,0,,Delayed
2015,1,5,PHX,WN,8,0,,Delayed
2015,1,5,PHX,WN,27,0,,Delayed
2015,1,5,PHX,WN,10,0,,Delayed
2015,1,5,PHX,WN,6,0,,Delayed
2015,1,5,PHX,WN,18,0,,Delayed
2015,1,5,PHX,WN,17,0,,Delayed
2015,1,5,PHX,WN,35,0,,Delayed
2015,1,5,PHX,WN,54,0,,Delayed
2015,1,5,PHX,WN,32,0,,Delayed
2015,1,5,PHX,WN,38,0,,Delayed
2015,1,5,PHX,WN,35,0,,Delayed
2015,1,5,PHX,WN,26,0,,Delayed
2015,1,5,PHX,WN,32,0,,Delayed
2015,1,5,PHX,WN,59,0,,Delayed
2015,1,5,PHX,WN,38,0,,Delayed
2015,1,5,PHX,WN,14,0,,Delayed
2015,1,5,PHX,WN,8,0,,Delayed
2015,1,5,PHX,WN,15,0,,Delayed
2015,1,5,PHX,WN,34,0,,Delayed
2015,1,5,PHX,WN,52,0,,Delayed
2015,1,5,PHX,WN,41,0,,Delayed
2015,1,5,PHX,WN,38,0,,Delayed
2015,1,5,PHX,WN,9,0,,Delayed
2015,1,5,PHX,WN,28,0,,Delayed
2015,1,5,PHX,WN,26,0,,Delayed
2015,1,5,PHX,WN,7,0,,Delayed
2015,1,5,PHX,WN,13,0,,Delayed
2015,1,5,PHX,WN,35,0,,Delayed
2015,1,4,DEN,WN,2,0,,Delayed
2015,1,4,DEN,WN,2,0,,Delayed
2015,1,4,DEN,WN,17,0,,Delayed
2015,1,4,DEN,WN,10,0,,Delayed
2015,1,4,DEN,WN,6,0,,Delayed
2015,1,4,DEN,WN,3,0,,Delayed
2015,1,4,DEN,WN,4,0,,Delayed
2015,1,4,DEN,WN,3,0,,Delayed
2015,1,4,DEN,WN,1,0,,Delayed
2015,1,4,DEN,WN,12,0,,Delayed
2015,1,4,DEN,WN,28,0,,Delayed
2015,1,4,DEN,WN,2,0,,Delayed
2015,1,4,DEN,WN,7,0,,Delayed
2015,1,4,DEN,WN,21,0,,Delayed
2015,1,4,DEN,WN,5,0,,Delayed
2015,1,4,DEN,WN,8,0,,Delayed
2015,1,4,DEN,WN,3,0,,Delayed
2015,1,4,DEN,WN,5,0,,Delayed
2015,1,4,DEN,WN,10,0,,Delayed
2015,1,4,DEN,WN,6,0,,Delayed
2015,1,4,DEN,WN,5,0,,Delayed
2015,1,4,DEN,WN,3,0,,Delayed
2015,1,4,DEN,WN,3,0,,Delayed
2015,1,4,DEN,WN,5,0,,Delayed
2015,1,4,DEN,WN,1,0,,Delayed
2015,1,4,DEN,WN,4,0,,Delayed
2015,1,4,DEN,WN,20,0,,Delayed
2015,1,4,DEN,WN,1,0,,Delayed
2015,1,4,DEN,WN,21,0,,Delayed
2015,1,4,DEN,WN,17,0,,Delayed
2015,1,4,DEN,WN,6,0,,Delayed
2015,1,4,DEN,WN,10,0,,Delayed
2015,1,4,DEN,WN,14,0,,Delayed
2015,1,4,DEN,WN,8,0,,Delayed
2015,1,4,DEN,WN,9,0,,Delayed
2015,1,4,DEN,WN,49,0,,Delayed
2015,1,4,DEN,WN,33,0,,Delayed
2015,1,4,DEN,WN,25,0,,Delayed
2015,1,4,DEN,WN,1,0,,Delayed
2015,1,4,DEN,WN,38,0,,Delayed
2015,1,4,DEN,WN,7,0,,Delayed
2015,1,4,DEN,WN,31,0,,Delayed
2015,1,4,DEN,WN,5,0,,Delayed
2015,1,4,DEN,WN,32,0,,Delayed
2015,1,4,DEN,WN,9,0,,Delayed
2015,1,4,DEN,WN,24,0,,Delayed
2015,1,4,DEN,WN,27,0,,Delayed
2015,1,4,DEN,WN,34,0,,Delayed
2015,1,4,DEN,WN,45,0,,Delayed
2015,1,4,DEN,WN,15,0,,Delayed
2015,1,4,DEN,WN,43,0,,Delayed
2015,1,4,DEN,WN,77,0,,Delayed
2015,1,4,DEN,WN,52,0,,Delayed
2015,1,4,DEN,WN,27,0,,Delayed
2015,1,4,DEN,WN,6,0,,Delayed
2015,1,4,DEN,WN,13,0,,Delayed
2015,1,4,DEN,WN,19,0,,Delayed
2015,1,4,DEN,WN,17,0,,Delayed
2015,1,4,DEN,WN,8,0,,Delayed
2015,1,4,DEN,WN,16,0,,Delayed
2015,1,4,DEN,WN,29,0,,Delayed
2015,1,4,DEN,WN,32,0,,Delayed
2015,1,4,DEN,WN,48,0,,Delayed
2015,1,4,DEN,WN,33,0,,Delayed
2015,1,4,DEN,WN,52,0,,Delayed
2015,1,4,DEN,WN,23,0,,Delayed
2015,1,4,DEN,WN,23,0,,Delayed
2015,1,4,DEN,WN,14,0,,Delayed
2015,1,4,DEN,WN,14,0,,Delayed
2015,1,4,DEN,WN,227,0,,Delayed
2015,1,4,DEN,WN,5,0,,Delayed
2015,1,4,DEN,WN,44,0,,Delayed
2015,1,4,DEN,WN,65,0,,Delayed
2015,1,4,DEN,WN,72,0,,Delayed
2015,1,4,DEN,WN,58,0,,Delayed
2015,1,4,DEN,WN,69,0,,Delayed
2015,1,4,DEN,WN,19,0,,Delayed
2015,1,4,DEN,WN,42,0,,Delayed
2015,1,4,DEN,WN,117,0,,Delayed
2015,1,4,DEN,WN,118,0,,Delayed
2015,1,4,DEN,WN,69,0,,Delayed
2015,1,4,DEN,WN,34,0,,Delayed
2015,1,4,DEN,WN,57,0,,Delayed
2015,1,4,DEN,WN,60,0,,Delayed
2015,1,4,DEN,WN,46,0,,Delayed
2015,1,4,DEN,WN,62,0,,Delayed
2015,1,4,DEN,WN,36,0,,Delayed
2015,1,4,DEN,WN,33,0,,Delayed
2015,1,4,DEN,WN,121,0,,Delayed
2015,1,4,DEN,WN,49,0,,Delayed
2015,1,4,DEN,WN,37,0,,Delayed
2015,1,4,DEN,WN,30,0,,Delayed
2015,1,4,DEN,WN,2,0,,Delayed
2015,1,4,DEN,WN,19,0,,Delayed
2015,1,4,DEN,WN,49,0,,Delayed
2015,1,4,DEN,WN,37,0,,Delayed
2015,1,4,DEN,WN,52,0,,Delayed
2015,1,4,DEN,WN,9,0,,Delayed
2015,1,4,DEN,WN,93,0,,Delayed
2015,1,4,DEN,WN,88,0,,Delayed
2015,1,4,DEN,WN,14,0,,Delayed
2015,1,4,DEN,WN,31,0,,Delayed
2015,1,4,DEN,WN,10,0,,Delayed
2015,1,4,DEN,WN,51,0,,Delayed
2015,1,4,DEN,WN,32,0,,Delayed
2015,1,4,DEN,WN,80,0,,Delayed
2015,1,4,DEN,WN,72,0,,Delayed
2015,1,4,DEN,WN,55,0,,Delayed
2015,1,4,DEN,WN,134,0,,Delayed
2015,1,4,DEN,WN,25,0,,Delayed
2015,1,4,DEN,WN,69,0,,Delayed
2015,1,5,DEN,WN,4,0,,Delayed
2015,1,5,DEN,WN,4,0,,Delayed
2015,1,5,DEN,WN,4,0,,Delayed
2015,1,5,DEN,WN,1,0,,Delayed
2015,1,5,DEN,WN,3,0,,Delayed
2015,1,5,DEN,WN,14,0,,Delayed
2015,1,5,DEN,WN,7,0,,Delayed
2015,1,5,DEN,WN,16,0,,Delayed
2015,1,5,DEN,WN,4,0,,Delayed
2015,1,5,DEN,WN,8,0,,Delayed
2015,1,5,DEN,WN,6,0,,Delayed
2015,1,5,DEN,WN,5,0,,Delayed
2015,1,5,DEN,WN,35,0,,Delayed
2015,1,5,DEN,WN,75,0,,Delayed
2015,1,5,DEN,WN,9,0,,Delayed
2015,1,5,DEN,WN,8,0,,Delayed
2015,1,5,DEN,WN,6,0,,Delayed
2015,1,5,DEN,WN,19,0,,Delayed
2015,1,5,DEN,WN,8,0,,Delayed
2015,1,5,DEN,WN,12,0,,Delayed
2015,1,5,DEN,WN,51,0,,Delayed
2015,1,5,DEN,WN,11,0,,Delayed
2015,1,5,DEN,WN,20,0,,Delayed
2015,1,5,DEN,WN,14,0,,Delayed
2015,1,5,DEN,WN,6,0,,Delayed
2015,1,5,DEN,WN,42,0,,Delayed
2015,1,5,DEN,WN,25,0,,Delayed
2015,1,5,DEN,WN,9,0,,Delayed
2015,1,5,DEN,WN,6,0,,Delayed
2015,1,5,DEN,WN,12,0,,Delayed
2015,1,5,DEN,WN,19,0,,Delayed
2015,1,5,DEN,WN,28,0,,Delayed
2015,1,5,DEN,WN,6,0,,Delayed
2015,1,5,DEN,WN,14,0,,Delayed
2015,1,5,DEN,WN,13,0,,Delayed
2015,1,5,DEN,WN,23,0,,Delayed
2015,1,5,DEN,WN,18,0,,Delayed
2015,1,5,DEN,WN,21,0,,Delayed
2015,1,5,DEN,WN,10,0,,Delayed
2015,1,5,DEN,WN,7,0,,Delayed
2015,1,5,DEN,WN,9,0,,Delayed
2015,1,5,DEN,WN,7,0,,Delayed
2015,1,5,DEN,WN,13,0,,Delayed
2015,1,5,DEN,WN,128,0,,Delayed
2015,1,5,DEN,WN,18,0,,Delayed
2015,1,5,DEN,WN,8,0,,Delayed
2015,1,5,DEN,WN,33,0,,Delayed
2015,1,5,DEN,WN,3,0,,Delayed
2015,1,5,DEN,WN,15,0,,Delayed
2015,1,5,DEN,WN,14,0,,Delayed
2015,1,5,DEN,WN,11,0,,Delayed
2015,1,5,DEN,WN,18,0,,Delayed
2015,1,5,DEN,WN,14,0,,Delayed
2015,1,5,DEN,WN,31,0,,Delayed
2015,1,5,DEN,WN,6,0,,Delayed
2015,1,5,DEN,WN,98,0,,Delayed
2015,1,5,DEN,WN,19,0,,Delayed
2015,1,5,DEN,WN,108,0,,Delayed
2015,1,5,DEN,WN,30,0,,Delayed
2015,1,5,DEN,WN,42,0,,Delayed
2015,1,5,DEN,WN,19,0,,Delayed
2015,1,5,DEN,WN,43,0,,Delayed
2015,1,5,DEN,WN,6,0,,Delayed
2015,1,5,DEN,WN,29,0,,Delayed
2015,1,5,DEN,WN,13,0,,Delayed
2015,1,5,DEN,WN,6,0,,Delayed
2015,1,5,DEN,WN,30,0,,Delayed
2015,1,5,DEN,WN,43,0,,Delayed
2015,1,5,DEN,WN,17,0,,Delayed
2015,1,5,DEN,WN,3,0,,Delayed
2015,1,5,DEN,WN,63,0,,Delayed
2015,1,5,DEN,WN,7,0,,Delayed
2015,1,5,DEN,WN,14,0,,Delayed
2015,1,5,DEN,WN,33,0,,Delayed
2015,1,5,DEN,WN,56,0,,Delayed
2015,1,5,DEN,WN,33,0,,Delayed
2015,1,5,DEN,WN,13,0,,Delayed
2015,1,5,DEN,WN,84,0,,Delayed
2015,1,5,DEN,WN,94,0,,Delayed
2015,1,5,DEN,WN,79,0,,Delayed
2015,1,5,DEN,WN,54,0,,Delayed
2015,1,5,DEN,WN,27,0,,Delayed
2015,1,5,DEN,WN,29,0,,Delayed
2015,1,5,DEN,WN,15,0,,Delayed
2015,1,5,DEN,WN,6,0,,Delayed
2015,1,5,DEN,WN,14,0,,Delayed
2015,1,5,DEN,WN,22,0,,Delayed
2015,1,5,DEN,WN,36,0,,Delayed
2015,1,5,DEN,WN,22,0,,Delayed
2015,1,5,DEN,WN,4,0,,Delayed
2015,1,5,DEN,WN,9,0,,Delayed
2015,1,5,DEN,WN,23,0,,Delayed
2015,1,5,DEN,WN,35,0,,Delayed
2015,1,5,DEN,WN,32,0,,Delayed
2015,1,5,DEN,WN,204,0,,Delayed
2015,1,5,DEN,WN,36,0,,Delayed
2015,1,5,DEN,WN,56,0,,Delayed
2015,1,5,DEN,WN,10,0,,Delayed
2015,1,4,ATL,WN,1,0,,Delayed
2015,1,4,ATL,WN,6,0,,Delayed
2015,1,4,ATL,WN,1,0,,Delayed
2015,1,4,ATL,WN,37,0,,Delayed
2015,1,4,ATL,WN,1,0,,Delayed
2015,1,4,ATL,WN,69,0,,Delayed
2015,1,4,ATL,WN,1,0,,Delayed
2015,1,4,ATL,WN,22,0,,Delayed
2015,1,4,ATL,WN,6,0,,Delayed
2015,1,4,ATL,WN,13,0,,Delayed
2015,1,4,ATL,WN,25,0,,Delayed
2015,1,4,ATL,WN,3,0,,Delayed
2015,1,4,ATL,WN,31,0,,Delayed
2015,1,4,ATL,WN,14,0,,Delayed
2015,1,4,ATL,WN,1,0,,Delayed
2015,1,4,ATL,WN,46,0,,Delayed
2015,1,4,ATL,WN,13,0,,Delayed
2015,1,4,ATL,WN,1,0,,Delayed
2015,1,4,ATL,WN,15,0,,Delayed
2015,1,4,ATL,WN,12,0,,Delayed
2015,1,4,ATL,WN,20,0,,Delayed
2015,1,4,ATL,WN,42,0,,Delayed
2015,1,4,ATL,WN,11,0,,Delayed
2015,1,4,ATL,WN,6,0,,Delayed
2015,1,4,ATL,WN,11,0,,Delayed
2015,1,4,ATL,WN,34,0,,Delayed
2015,1,4,ATL,WN,10,0,,Delayed
2015,1,4,ATL,WN,1,0,,Delayed
2015,1,4,ATL,WN,14,0,,Delayed
2015,1,4,ATL,WN,30,0,,Delayed
2015,1,4,ATL,WN,15,0,,Delayed
2015,1,4,ATL,WN,5,0,,Delayed
2015,1,4,ATL,WN,28,0,,Delayed
2015,1,4,ATL,WN,19,0,,Delayed
2015,1,4,ATL,WN,11,0,,Delayed
2015,1,4,ATL,WN,14,0,,Delayed
2015,1,4,ATL,WN,5,0,,Delayed
2015,1,4,ATL,WN,1,0,,Delayed
2015,1,4,ATL,WN,2,0,,Delayed
2015,1,4,ATL,WN,7,0,,Delayed
2015,1,4,ATL,WN,3,0,,Delayed
2015,1,4,ATL,WN,9,0,,Delayed
2015,1,4,ATL,WN,21,0,,Delayed
2015,1,4,ATL,WN,19,0,,Delayed
2015,1,4,ATL,WN,13,0,,Delayed
2015,1,4,ATL,WN,37,0,,Delayed
2015,1,4,ATL,WN,6,0,,Delayed
2015,1,4,ATL,WN,3,0,,Delayed
2015,1,4,ATL,WN,39,0,,Delayed
2015,1,4,ATL,WN,34,0,,Delayed
2015,1,4,ATL,WN,38,0,,Delayed
2015,1,4,ATL,WN,41,0,,Delayed
2015,1,4,ATL,WN,23,0,,Delayed
2015,1,4,ATL,WN,39,0,,Delayed
2015,1,4,ATL,WN,41,0,,Delayed
2015,1,4,ATL,WN,15,0,,Delayed
2015,1,4,ATL,WN,7,0,,Delayed
2015,1,4,ATL,WN,30,0,,Delayed
2015,1,4,ATL,WN,25,0,,Delayed
2015,1,4,ATL,WN,69,0,,Delayed
2015,1,4,ATL,WN,34,0,,Delayed
2015,1,4,ATL,WN,35,0,,Delayed
2015,1,4,ATL,WN,22,0,,Delayed
2015,1,5,ATL,WN,10,0,,Delayed
2015,1,5,ATL,WN,2,0,,Delayed
2015,1,5,ATL,WN,26,0,,Delayed
2015,1,5,ATL,WN,12,0,,Delayed
2015,1,5,ATL,WN,46,0,,Delayed
2015,1,5,ATL,WN,6,0,,Delayed
2015,1,5,ATL,WN,2,0,,Delayed
2015,1,5,ATL,WN,48,0,,Delayed
2015,1,5,ATL,WN,22,0,,Delayed
2015,1,5,ATL,WN,20,0,,Delayed
2015,1,5,ATL,WN,16,0,,Delayed
2015,1,5,ATL,WN,17,0,,Delayed
2015,1,5,ATL,WN,35,0,,Delayed
2015,1,5,ATL,WN,24,0,,Delayed
2015,1,5,ATL,WN,44,0,,Delayed
2015,1,5,ATL,WN,3,0,,Delayed
2015,1,5,ATL,WN,27,0,,Delayed
2015,1,5,ATL,WN,41,0,,Delayed
2015,1,5,ATL,WN,3,0,,Delayed
2015,1,5,ATL,WN,24,0,,Delayed
2015,1,5,ATL,WN,2,0,,Delayed
2015,1,5,ATL,WN,18,0,,Delayed
2015,1,5,ATL,WN,55,0,,Delayed
2015,1,5,ATL,WN,26,0,,Delayed
2015,1,5,ATL,WN,5,0,,Delayed
2015,1,5,ATL,WN,46,0,,Delayed
2015,1,5,ATL,WN,4,0,,Delayed
2015,1,5,ATL,WN,23,0,,Delayed
2015,1,5,ATL,WN,106,0,,Delayed
2015,1,5,ATL,WN,16,0,,Delayed
2015,1,5,ATL,WN,9,0,,Delayed
2015,1,5,ATL,WN,7,0,,Delayed
2015,1,5,ATL,WN,87,0,,Delayed
2015,1,5,ATL,WN,39,0,,Delayed
2015,1,5,ATL,WN,13,0,,Delayed
2015,1,5,ATL,WN,14,0,,Delayed
2015,1,5,ATL,WN,43,0,,Delayed
2015,1,5,ATL,WN,38,0,,Delayed
2015,1,5,ATL,WN,25,0,,Delayed
2015,1,5,ATL,WN,28,0,,Delayed
2015,1,5,ATL,WN,13,0,,Delayed
2015,1,5,ATL,WN,22,0,,Delayed
2015,1,5,ATL,WN,15,0,,Delayed
2015,1,5,ATL,WN,33,0,,Delayed
2015,1,5,ATL,WN,14,0,,Delayed
2015,1,5,ATL,WN,20,0,,Delayed
2015,1,5,ATL,WN,36,0,,Delayed
2015,1,5,ATL,WN,45,0,,Delayed
2015,1,5,ATL,WN,15,0,,Delayed
2015,1,5,ATL,WN,21,0,,Delayed
2015,1,5,ATL,WN,32,0,,Delayed
2015,1,5,ATL,WN,42,0,,Delayed
2015,1,5,ATL,WN,29,0,,Delayed
2015,1,5,ATL,WN,39,0,,Delayed
2015,1,5,ATL,WN,28,0,,Delayed
2015,1,5,ATL,WN,28,0,,Delayed
2015,1,5,ATL,WN,14,0,,Delayed
2015,1,5,ATL,WN,22,0,,Delayed
2015,1,5,ATL,WN,29,0,,Delayed
2015,1,5,ATL,WN,32,0,,Delayed
2015,1,5,ATL,WN,64,0,,Delayed
2015,1,5,ATL,WN,14,0,,Delayed
2015,1,5,ATL,WN,21,0,,Delayed
2015,1,5,ATL,WN,15,0,,Delayed
2015,1,5,ATL,WN,2,0,,Delayed
2015,1,5,ATL,WN,5,0,,Delayed
2015,1,5,ATL,WN,3,0,,Delayed
2015,1,5,ATL,WN,61,0,,Delayed
2015,1,5,ATL,WN,23,0,,Delayed
2015,1,5,ATL,WN,15,0,,Delayed
2015,1,5,ATL,WN,48,0,,Delayed
2015,1,5,ATL,WN,54,0,,Delayed
2015,1,5,ATL,WN,46,0,,Delayed
2015,1,5,ATL,WN,5,0,,Delayed
2015,1,5,ATL,WN,7,0,,Delayed
2015,1,5,ATL,WN,14,0,,Delayed
2015,1,5,ATL,WN,29,0,,Delayed
2015,1,5,LAX,WN,17,0,,Delayed
2015,1,5,LAX,WN,2,0,,Delayed
2015,1,5,LAX,WN,15,0,,Delayed
2015,1,5,LAX,WN,4,0,,Delayed
2015,1,5,LAX,WN,6,0,,Delayed
2015,1,5,LAX,WN,40,0,,Delayed
2015,1,5,LAX,WN,15,0,,Delayed
2015,1,5,LAX,WN,8,0,,Delayed
2015,1,5,LAX,WN,16,0,,Delayed
2015,1,5,LAX,WN,2,0,,Delayed
2015,1,5,LAX,WN,1,0,,Delayed
2015,1,5,LAX,WN,8,0,,Delayed
2015,1,5,LAX,WN,2,0,,Delayed
2015,1,5,LAX,WN,4,0,,Delayed
2015,1,5,LAX,WN,1,0,,Delayed
2015,1,5,LAX,WN,20,0,,Delayed
2015,1,5,LAX,WN,37,0,,Delayed
2015,1,5,LAX,WN,9,0,,Delayed
2015,1,5,LAX,WN,16,0,,Delayed
2015,1,5,LAX,WN,12,0,,Delayed
2015,1,5,LAX,WN,12,0,,Delayed
2015,1,5,LAX,WN,1,0,,Delayed
2015,1,5,LAX,WN,38,0,,Delayed
2015,1,5,LAX,WN,102,0,,Delayed
2015,1,5,LAX,WN,29,0,,Delayed
2015,1,5,LAX,WN,33,0,,Delayed
2015,1,5,LAX,WN,24,0,,Delayed
2015,1,5,LAX,WN,1,0,,Delayed
2015,1,5,LAX,WN,3,0,,Delayed
2015,1,5,LAX,WN,61,0,,Delayed
2015,1,5,LAX,WN,19,0,,Delayed
2015,1,5,LAX,WN,22,0,,Delayed
2015,1,5,LAX,WN,12,0,,Delayed
2015,1,5,LAX,WN,9,0,,Delayed
2015,1,5,LAX,WN,18,0,,Delayed
2015,1,5,LAX,WN,9,0,,Delayed
2015,1,5,LAX,WN,31,0,,Delayed
2015,1,5,LAX,WN,62,0,,Delayed
2015,1,5,LAX,WN,31,0,,Delayed
2015,1,5,LAX,WN,11,0,,Delayed
2015,1,5,LAX,WN,23,0,,Delayed
2015,1,5,LAX,WN,12,0,,Delayed
2015,1,5,LAX,WN,7,0,,Delayed
2015,1,5,LAX,WN,4,0,,Delayed
2015,1,5,LAX,WN,20,0,,Delayed
2015,1,5,LAX,WN,9,0,,Delayed
2015,1,5,LAX,WN,27,0,,Delayed
2015,1,5,LAX,WN,52,0,,Delayed
2015,1,5,LAX,WN,61,0,,Delayed
2015,1,5,LAX,WN,4,0,,Delayed
2015,1,5,LAX,WN,23,0,,Delayed
2015,1,5,LAX,WN,47,0,,Delayed
2015,1,5,LAX,WN,10,0,,Delayed
2015,1,5,LAX,WN,16,0,,Delayed
2015,1,5,LAX,WN,8,0,,Delayed
2015,1,5,LAX,WN,47,0,,Delayed
2015,1,5,LAX,WN,6,0,,Delayed
2015,1,5,LAX,WN,27,0,,Delayed
2015,1,5,LAX,WN,20,0,,Delayed
2015,1,5,LAX,WN,103,0,,Delayed
2015,1,5,LAX,WN,13,0,,Delayed
2015,1,5,LAX,WN,3,0,,Delayed
2015,1,5,LAX,WN,13,0,,Delayed
2015,1,5,LAX,WN,9,0,,Delayed
2015,1,5,LAX,WN,32,0,,Delayed
2015,1,5,LAX,WN,3,0,,Delayed
2015,1,5,LAX,WN,11,0,,Delayed
2015,1,5,LAX,WN,29,0,,Delayed
2015,1,5,LAX,WN,23,0,,Delayed
2015,1,5,LAX,WN,9,0,,Delayed
2015,1,5,LAX,WN,69,0,,Delayed
2015,1,5,LAX,WN,69,0,,Delayed
2015,1,5,LAX,WN,12,0,,Delayed
2015,1,4,LAX,WN,26,0,,Delayed
2015,1,4,LAX,WN,297,0,,Delayed
2015,1,4,LAX,WN,1,0,,Delayed
2015,1,4,LAX,WN,9,0,,Delayed
2015,1,4,LAX,WN,7,0,,Delayed
2015,1,4,LAX,WN,17,0,,Delayed
2015,1,4,LAX,WN,11,0,,Delayed
2015,1,4,LAX,WN,26,0,,Delayed
2015,1,4,LAX,WN,13,0,,Delayed
2015,1,4,LAX,WN,21,0,,Delayed
2015,1,4,LAX,WN,39,0,,Delayed
2015,1,4,LAX,WN,39,0,,Delayed
2015,1,4,LAX,WN,1,0,,Delayed
2015,1,4,LAX,WN,52,0,,Delayed
2015,1,4,LAX,WN,2,0,,Delayed
2015,1,4,LAX,WN,21,0,,Delayed
2015,1,4,LAX,WN,14,0,,Delayed
2015,1,4,LAX,WN,12,0,,Delayed
2015,1,4,LAX,WN,7,0,,Delayed
2015,1,4,LAX,WN,18,0,,Delayed
2015,1,4,LAX,WN,7,0,,Delayed
2015,1,4,LAX,WN,19,0,,Delayed
2015,1,4,LAX,WN,13,0,,Delayed
2015,1,4,LAX,WN,44,0,,Delayed
2015,1,4,LAX,WN,24,0,,Delayed
2015,1,4,LAX,WN,5,0,,Delayed
2015,1,4,LAX,WN,19,0,,Delayed
2015,1,4,LAX,WN,10,0,,Delayed
2015,1,4,LAX,WN,44,0,,Delayed
2015,1,4,LAX,WN,2,0,,Delayed
2015,1,4,LAX,WN,34,0,,Delayed
2015,1,4,LAX,WN,26,0,,Delayed
2015,1,4,LAX,WN,22,0,,Delayed
2015,1,4,LAX,WN,21,0,,Delayed
2015,1,4,LAX,WN,21,0,,Delayed
2015,1,4,LAX,WN,29,0,,Delayed
2015,1,4,LAX,WN,44,0,,Delayed
2015,1,4,LAX,WN,42,0,,Delayed
2015,1,4,LAX,WN,9,0,,Delayed
2015,1,4,LAX,WN,17,0,,Delayed
2015,1,4,LAX,WN,20,0,,Delayed
2015,1,4,LAX,WN,58,0,,Delayed
2015,1,4,LAX,WN,41,0,,Delayed
2015,1,4,LAX,WN,48,0,,Delayed
2015,1,4,LAX,WN,70,0,,Delayed
2015,1,4,LAX,WN,8,0,,Delayed
2015,1,4,LAX,WN,74,0,,Delayed
2015,1,4,LAX,WN,1,0,,Delayed
2015,1,4,LAX,WN,14,0,,Delayed
2015,1,4,LAX,WN,36,0,,Delayed
2015,1,4,LAX,WN,19,0,,Delayed
2015,1,4,LAX,WN,43,0,,Delayed
2015,1,4,LAX,WN,46,0,,Delayed
2015,1,4,LAX,WN,26,0,,Delayed
2015,1,4,LAX,WN,6,0,,Delayed
2015,1,4,LAX,WN,21,0,,Delayed
2015,1,4,LAX,WN,128,0,,Delayed
2015,1,4,LAX,WN,2,0,,Delayed
2015,1,4,LAX,WN,23,0,,Delayed
2015,1,4,LAX,WN,13,0,,Delayed
2015,1,4,LAX,WN,79,0,,Delayed
2015,1,4,LAX,WN,1,0,,Delayed
2015,1,4,LAX,WN,105,0,,Delayed
2015,1,4,LAX,WN,44,0,,Delayed
2015,1,4,SFO,WN,14,0,,Delayed
2015,1,4,MSP,WN,3,0,,Delayed
2015,1,4,SFO,WN,20,0,,Delayed
2015,1,4,MSP,WN,8,0,,Delayed
2015,1,4,SFO,WN,26,0,,Delayed
2015,1,4,SFO,WN,68,0,,Delayed
2015,1,4,SFO,WN,52,0,,Delayed
2015,1,4,MSP,WN,9,0,,Delayed
2015,1,4,SFO,WN,62,0,,Delayed
2015,1,4,MSP,WN,9,0,,Delayed
2015,1,4,SFO,WN,21,0,,Delayed
2015,1,4,SFO,WN,32,0,,Delayed
2015,1,4,MSP,WN,9,0,,Delayed
2015,1,4,SFO,WN,12,0,,Delayed
2015,1,4,MSP,WN,10,0,,Delayed
2015,1,4,MSP,WN,4,0,,Delayed
2015,1,4,SFO,WN,92,0,,Delayed
2015,1,4,MSP,WN,3,0,,Delayed
2015,1,4,MSP,WN,4,0,,Delayed
2015,1,4,SFO,WN,4,0,,Delayed
2015,1,4,SFO,WN,16,0,,Delayed
2015,1,4,MSP,WN,27,0,,Delayed
2015,1,4,SFO,WN,13,0,,Delayed
2015,1,4,SFO,WN,14,0,,Delayed
2015,1,4,MSP,WN,3,0,,Delayed
2015,1,4,SFO,WN,24,0,,Delayed
2015,1,5,MSP,WN,5,0,,Delayed
2015,1,5,SFO,WN,7,0,,Delayed
2015,1,5,SFO,WN,2,0,,Delayed
2015,1,5,SFO,WN,2,0,,Delayed
2015,1,5,SFO,WN,4,0,,Delayed
2015,1,5,SFO,WN,36,0,,Delayed
2015,1,5,SFO,WN,6,0,,Delayed
2015,1,5,MSP,WN,32,0,,Delayed
2015,1,5,SFO,WN,2,0,,Delayed
2015,1,5,SFO,WN,20,0,,Delayed
2015,1,5,MSP,WN,6,0,,Delayed
2015,1,5,MSP,WN,22,0,,Delayed
2015,1,5,MSP,WN,6,0,,Delayed
2015,1,5,SFO,WN,9,0,,Delayed
2015,1,5,SFO,WN,3,0,,Delayed
2015,1,5,SFO,WN,37,0,,Delayed
2015,1,5,MSP,WN,25,0,,Delayed
2015,1,5,MSP,WN,1,0,,Delayed
2015,1,5,SFO,WN,20,0,,Delayed
2015,1,5,SFO,WN,22,0,,Delayed
2015,1,5,SFO,WN,11,0,,Delayed
2015,1,5,MSP,WN,2,0,,Delayed
2015,1,5,SFO,WN,18,0,,Delayed
2015,1,5,SFO,WN,30,0,,Delayed
2015,1,5,MSP,WN,5,0,,Delayed
2015,1,5,SFO,WN,2,0,,Delayed
2015,1,5,SFO,WN,12,0,,Delayed
2015,1,5,SFO,WN,8,0,,Delayed
2015,1,5,MSP,WN,37,0,,Delayed
2015,1,5,SFO,WN,6,0,,Delayed
2015,1,5,MSP,WN,4,0,,Delayed
2015,1,5,MSP,WN,18,0,,Delayed
2015,1,5,MSP,WN,30,0,,Delayed
2015,1,5,SFO,WN,1,0,,Delayed
2015,1,5,MSP,WN,48,0,,Delayed
2015,1,5,MSP,WN,47,0,,Delayed
2015,1,5,SFO,WN,164,0,,Delayed
2015,1,5,SFO,WN,40,0,,Delayed
2015,1,4,PHX,UA,111,0,,Delayed
2015,1,4,PHX,UA,61,0,,Delayed
2015,1,4,PHX,UA,24,0,,Delayed
2015,1,4,PHX,UA,32,0,,Delayed
2015,1,4,PHX,UA,40,0,,Delayed
2015,1,4,ATL,UA,12,0,,Delayed
2015,1,4,PHX,UA,18,0,,Delayed
2015,1,4,PHX,UA,3,0,,Delayed
2015,1,4,LAS,UA,8,0,,Delayed
2015,1,4,LAS,UA,11,0,,Delayed
2015,1,4,PHX,UA,9,0,,Delayed
2015,1,4,PHX,UA,49,0,,Delayed
2015,1,4,LAS,UA,12,0,,Delayed
2015,1,4,LAS,UA,23,0,,Delayed
2015,1,4,PHX,UA,85,0,,Delayed
2015,1,4,LAS,UA,19,0,,Delayed
2015,1,4,PHX,UA,3,0,,Delayed
2015,1,4,MSP,UA,13,0,,Delayed
2015,1,4,ATL,UA,26,0,,Delayed
2015,1,4,PHX,UA,59,0,,Delayed
2015,1,5,PHX,UA,66,0,,Delayed
2015,1,5,PHX,UA,23,0,,Delayed
2015,1,5,LAS,UA,78,0,,Delayed
2015,1,5,PHX,UA,36,0,,Delayed
2015,1,5,PHX,UA,40,0,,Delayed
2015,1,5,PHX,UA,25,0,,Delayed
2015,1,5,PHX,UA,46,0,,Delayed
2015,1,5,ATL,UA,5,0,,Delayed
2015,1,5,PHX,UA,24,0,,Delayed
2015,1,5,LAS,UA,9,0,,Delayed
2015,1,5,ATL,UA,6,0,,Delayed
2015,1,5,LAS,UA,20,0,,Delayed
2015,1,5,PHX,UA,5,0,,Delayed
2015,1,5,PHX,UA,32,0,,Delayed
2015,1,5,LAS,UA,9,0,,Delayed
2015,1,5,LAS,UA,13,0,,Delayed
2015,1,5,LAS,UA,217,0,,Delayed
2015,1,5,LAS,UA,16,0,,Delayed
2015,1,5,PHX,UA,23,0,,Delayed
2015,1,5,LAS,UA,3,0,,Delayed
2015,1,5,LAS,UA,13,0,,Delayed
2015,1,5,ATL,UA,22,0,,Delayed
2015,1,5,PHX,UA,97,0,,Delayed
2015,1,5,ATL,UA,9,0,,Delayed
2015,1,5,MSP,UA,28,0,,Delayed
2015,1,5,ATL,UA,3,0,,Delayed
2015,1,5,LAS,UA,2,0,,Delayed
2015,1,4,LAX,UA,7,0,,Delayed
2015,1,4,LAX,UA,2,0,,Delayed
2015,1,4,LAX,UA,68,0,,Delayed
2015,1,4,LAX,UA,17,0,,Delayed
2015,1,4,LAX,UA,4,0,,Delayed
2015,1,4,LAX,UA,39,0,,Delayed
2015,1,4,LAX,UA,15,0,,Delayed
2015,1,4,LAX,UA,24,0,,Delayed
2015,1,4,LAX,UA,4,0,,Delayed
2015,1,4,LAX,UA,29,0,,Delayed
2015,1,4,LAX,UA,13,0,,Delayed
2015,1,4,LAX,UA,12,0,,Delayed
2015,1,4,LAX,UA,11,0,,Delayed
2015,1,4,LAX,UA,15,0,,Delayed
2015,1,4,LAX,UA,1,0,,Delayed
2015,1,4,LAX,UA,1,0,,Delayed
2015,1,4,LAX,UA,28,0,,Delayed
2015,1,4,LAX,UA,6,0,,Delayed
2015,1,4,LAX,UA,18,0,,Delayed
2015,1,4,LAX,UA,15,0,,Delayed
2015,1,4,LAX,UA,75,0,,Delayed
2015,1,4,LAX,UA,5,0,,Delayed
2015,1,4,LAX,UA,21,0,,Delayed
2015,1,4,LAX,UA,36,0,,Delayed
2015,1,4,LAX,UA,18,0,,Delayed
2015,1,4,LAX,UA,14,0,,Delayed
2015,1,4,LAX,UA,5,0,,Delayed
2015,1,4,LAX,UA,99,0,,Delayed
2015,1,4,LAX,UA,1,0,,Delayed
2015,1,4,LAX,UA,280,0,,Delayed
2015,1,4,LAX,UA,1,0,,Delayed
2015,1,4,LAX,UA,14,0,,Delayed
2015,1,4,LAX,UA,11,0,,Delayed
2015,1,4,LAX,UA,1,0,,Delayed
2015,1,4,LAX,UA,3,0,,Delayed
2015,1,4,LAX,UA,10,0,,Delayed
2015,1,4,LAX,UA,2,0,,Delayed
2015,1,4,LAX,UA,26,0,,Delayed
2015,1,4,LAX,UA,1,0,,Delayed
2015,1,4,LAX,UA,31,0,,Delayed
2015,1,4,LAX,UA,12,0,,Delayed
2015,1,4,LAX,UA,28,0,,Delayed
2015,1,4,LAX,UA,3,0,,Delayed
2015,1,5,LAX,UA,25,0,,Delayed
2015,1,5,LAX,UA,8,0,,Delayed
2015,1,5,LAX,UA,2,0,,Delayed
2015,1,5,LAX,UA,58,0,,Delayed
2015,1,5,LAX,UA,5,0,,Delayed
2015,1,5,LAX,UA,1,0,,Delayed
2015,1,5,LAX,UA,308,0,,Delayed
2015,1,5,LAX,UA,22,0,,Delayed
2015,1,5,LAX,UA,14,0,,Delayed
2015,1,5,LAX,UA,5,0,,Delayed
2015,1,5,LAX,UA,4,0,,Delayed
2015,1,5,LAX,UA,5,0,,Delayed
2015,1,5,LAX,UA,21,0,,Delayed
2015,1,5,LAX,UA,11,0,,Delayed
2015,1,5,LAX,UA,5,0,,Delayed
2015,1,5,LAX,UA,18,0,,Delayed
2015,1,5,LAX,UA,123,0,,Delayed
2015,1,5,LAX,UA,4,0,,Delayed
2015,1,5,LAX,UA,1,0,,Delayed
2015,1,5,LAX,UA,59,0,,Delayed
2015,1,5,LAX,UA,1,0,,Delayed
2015,1,5,LAX,UA,3,0,,Delayed
2015,1,5,LAX,UA,10,0,,Delayed
2015,1,5,LAX,UA,10,0,,Delayed
2015,1,5,LAX,UA,2,0,,Delayed
2015,1,5,LAX,UA,7,0,,Delayed
2015,1,5,LAX,UA,8,0,,Delayed
2015,1,5,LAX,UA,104,0,,Delayed
2015,1,5,LAX,UA,16,0,,Delayed
2015,1,5,LAX,UA,3,0,,Delayed
2015,1,5,LAX,UA,83,0,,Delayed
2015,1,5,LAX,UA,2,0,,Delayed
2015,1,5,LAX,UA,4,0,,Delayed
2015,1,5,LAX,UA,197,0,,Delayed
2015,1,5,LAX,UA,8,0,,Delayed
2015,1,5,LAX,UA,3,0,,Delayed
2015,1,5,LAX,UA,26,0,,Delayed
2015,1,5,LAX,UA,2,0,,Delayed
2015,1,5,LAX,UA,109,0,,Delayed
2015,1,5,LAX,UA,6,0,,Delayed
2015,1,5,LAX,UA,21,0,,Delayed
2015,1,5,LAX,UA,72,0,,Delayed
2015,1,4,SFO,UA,19,0,,Delayed
2015,1,4,SFO,UA,5,0,,Delayed
2015,1,4,SFO,UA,76,0,,Delayed
2015,1,4,SFO,UA,3,0,,Delayed
2015,1,4,SFO,UA,27,0,,Delayed
2015,1,4,SFO,UA,30,0,,Delayed
2015,1,4,SFO,UA,3,0,,Delayed
2015,1,4,SFO,UA,81,0,,Delayed
2015,1,4,SFO,UA,2,0,,Delayed
2015,1,4,SFO,UA,1,0,,Delayed
2015,1,4,SFO,UA,163,0,,Delayed
2015,1,4,SFO,UA,1,0,,Delayed
2015,1,4,SFO,UA,20,0,,Delayed
2015,1,4,SFO,UA,12,0,,Delayed
2015,1,4,SFO,UA,9,0,,Delayed
2015,1,4,SFO,UA,17,0,,Delayed
2015,1,4,SFO,UA,296,0,,Delayed
2015,1,4,SFO,UA,15,0,,Delayed
2015,1,4,SFO,UA,18,0,,Delayed
2015,1,4,SFO,UA,76,0,,Delayed
2015,1,4,SFO,UA,4,0,,Delayed
2015,1,4,SFO,UA,18,0,,Delayed
2015,1,4,SFO,UA,46,0,,Delayed
2015,1,4,SFO,UA,110,0,,Delayed
2015,1,4,SFO,UA,6,0,,Delayed
2015,1,4,SFO,UA,10,0,,Delayed
2015,1,4,SFO,UA,14,0,,Delayed
2015,1,4,SFO,UA,10,0,,Delayed
2015,1,4,SFO,UA,1,0,,Delayed
2015,1,4,SFO,UA,178,0,,Delayed
2015,1,4,SFO,UA,4,0,,Delayed
2015,1,4,SFO,UA,38,0,,Delayed
2015,1,4,SFO,UA,17,0,,Delayed
2015,1,4,SFO,UA,3,0,,Delayed
2015,1,4,SFO,UA,5,0,,Delayed
2015,1,4,SFO,UA,20,0,,Delayed
2015,1,4,SFO,UA,27,0,,Delayed
2015,1,4,SFO,UA,3,0,,Delayed
2015,1,4,SFO,UA,4,0,,Delayed
2015,1,4,SFO,UA,6,0,,Delayed
2015,1,4,SFO,UA,16,0,,Delayed
2015,1,4,SFO,UA,9,0,,Delayed
2015,1,4,SFO,UA,70,0,,Delayed
2015,1,4,SFO,UA,13,0,,Delayed
2015,1,4,SFO,UA,2,0,,Delayed
2015,1,4,SFO,UA,6,0,,Delayed
2015,1,4,SFO,UA,14,0,,Delayed
2015,1,4,SFO,UA,35,0,,Delayed
2015,1,4,SFO,UA,4,0,,Delayed
2015,1,4,SFO,UA,15,0,,Delayed
2015,1,4,SFO,UA,8,0,,Delayed
2015,1,4,SFO,UA,6,0,,Delayed
2015,1,4,SFO,UA,17,0,,Delayed
2015,1,4,SFO,UA,8,0,,Delayed
2015,1,4,SFO,UA,13,0,,Delayed
2015,1,4,SFO,UA,5,0,,Delayed
2015,1,4,SFO,UA,49,0,,Delayed
2015,1,5,SFO,UA,3,0,,Delayed
2015,1,5,SFO,UA,10,0,,Delayed
2015,1,5,SFO,UA,15,0,,Delayed
2015,1,5,SFO,UA,10,0,,Delayed
2015,1,5,SFO,UA,10,0,,Delayed
2015,1,5,SFO,UA,33,0,,Delayed
2015,1,5,SFO,UA,145,0,,Delayed
2015,1,5,SFO,UA,32,0,,Delayed
2015,1,5,SFO,UA,5,0,,Delayed
2015,1,5,SFO,UA,4,0,,Delayed
2015,1,5,SFO,UA,16,0,,Delayed
2015,1,5,SFO,UA,27,0,,Delayed
2015,1,5,SFO,UA,26,0,,Delayed
2015,1,5,SFO,UA,53,0,,Delayed
2015,1,5,SFO,UA,3,0,,Delayed
2015,1,5,SFO,UA,1,0,,Delayed
2015,1,5,SFO,UA,6,0,,Delayed
2015,1,5,SFO,UA,24,0,,Delayed
2015,1,5,SFO,UA,230,0,,Delayed
2015,1,5,SFO,UA,36,0,,Delayed
2015,1,5,SFO,UA,7,0,,Delayed
2015,1,5,SFO,UA,35,0,,Delayed
2015,1,5,SFO,UA,28,0,,Delayed
2015,1,5,SFO,UA,26,0,,Delayed
2015,1,5,SFO,UA,18,0,,Delayed
2015,1,5,SFO,UA,41,0,,Delayed
2015,1,5,SFO,UA,60,0,,Delayed
2015,1,5,SFO,UA,6,0,,Delayed
2015,1,5,SFO,UA,50,0,,Delayed
2015,1,5,SFO,UA,1,0,,Delayed
2015,1,5,SFO,UA,18,0,,Delayed
2015,1,5,SFO,UA,1,0,,Delayed
2015,1,5,SFO,UA,32,0,,Delayed
2015,1,5,SFO,UA,5,0,,Delayed
2015,1,5,SFO,UA,8,0,,Delayed
2015,1,5,SFO,UA,11,0,,Delayed
2015,1,5,SFO,UA,12,0,,Delayed
2015,1,5,SFO,UA,109,0,,Delayed
2015,1,5,SFO,UA,15,0,,Delayed
2015,1,5,SFO,UA,196,0,,Delayed
2015,1,5,SFO,UA,11,0,,Delayed
2015,1,5,SFO,UA,37,0,,Delayed
2015,1,5,SFO,UA,103,0,,Delayed
2015,1,5,SFO,UA,92,0,,Delayed
2015,1,5,SFO,UA,24,0,,Delayed
2015,1,5,SFO,UA,19,0,,Delayed
2015,1,5,SFO,UA,33,0,,Delayed
2015,1,5,SFO,UA,50,0,,Delayed
2015,1,5,SFO,UA,8,0,,Delayed
2015,1,5,SFO,UA,8,0,,Delayed
2015,1,5,SFO,UA,4,0,,Delayed
2015,1,5,SFO,UA,5,0,,Delayed
2015,1,5,SFO,UA,9,0,,Delayed
2015,1,5,SFO,UA,33,0,,Delayed
2015,1,5,SFO,UA,14,0,,Delayed
2015,1,5,SFO,UA,23,0,,Delayed
2015,1,5,SFO,UA,69,0,,Delayed
2015,1,5,SFO,UA,9,0,,Delayed
2015,1,5,SFO,UA,24,0,,Delayed
2015,1,5,SFO,UA,13,0,,Delayed
2015,1,5,SFO,UA,7,0,,Delayed
2015,1,5,SFO,UA,2,0,,Delayed
2015,1,4,ORD,UA,4,0,,Delayed
2015,1,4,ORD,UA,7,0,,Delayed
2015,1,4,ORD,UA,3,0,,Delayed
2015,1,4,ORD,UA,4,0,,Delayed
2015,1,4,ORD,UA,8,0,,Delayed
2015,1,4,ORD,UA,12,0,,Delayed
2015,1,4,ORD,UA,14,0,,Delayed
2015,1,4,ORD,UA,7,0,,Delayed
2015,1,4,ORD,UA,21,0,,Delayed
2015,1,4,ORD,UA,34,0,,Delayed
2015,1,4,ORD,UA,4,0,,Delayed
2015,1,4,ORD,UA,60,0,,Delayed
2015,1,4,ORD,UA,21,0,,Delayed
2015,1,4,ORD,UA,36,0,,Delayed
2015,1,4,ORD,UA,28,0,,Delayed
2015,1,4,ORD,UA,3,0,,Delayed
2015,1,4,ORD,UA,11,0,,Delayed
2015,1,4,ORD,UA,4,0,,Delayed
2015,1,4,ORD,UA,18,0,,Delayed
2015,1,4,ORD,UA,9,0,,Delayed
2015,1,4,ORD,UA,2,0,,Delayed
2015,1,4,ORD,UA,492,0,,Delayed
2015,1,4,ORD,UA,10,0,,Delayed
2015,1,4,ORD,UA,19,0,,Delayed
2015,1,4,ORD,UA,21,0,,Delayed
2015,1,4,ORD,UA,12,0,,Delayed
2015,1,4,ORD,UA,4,0,,Delayed
2015,1,4,ORD,UA,5,0,,Delayed
2015,1,4,ORD,UA,10,0,,Delayed
2015,1,4,ORD,UA,2,0,,Delayed
2015,1,4,ORD,UA,46,0,,Delayed
2015,1,4,ORD,UA,8,0,,Delayed
2015,1,4,ORD,UA,2,0,,Delayed
2015,1,4,ORD,UA,8,0,,Delayed
2015,1,4,ORD,UA,86,0,,Delayed
2015,1,4,ORD,UA,11,0,,Delayed
2015,1,4,ORD,UA,12,0,,Delayed
2015,1,4,ORD,UA,19,0,,Delayed
2015,1,4,ORD,UA,10,0,,Delayed
2015,1,4,ORD,UA,3,0,,Delayed
2015,1,4,ORD,UA,12,0,,Delayed
2015,1,4,ORD,UA,2,0,,Delayed
2015,1,4,ORD,UA,16,0,,Delayed
2015,1,4,ORD,UA,3,0,,Delayed
2015,1,4,ORD,UA,6,0,,Delayed
2015,1,4,ORD,UA,1,0,,Delayed
2015,1,4,ORD,UA,8,0,,Delayed
2015,1,4,ORD,UA,35,0,,Delayed
2015,1,4,ORD,UA,28,0,,Delayed
2015,1,4,ORD,UA,133,0,,Delayed
2015,1,4,ORD,UA,16,0,,Delayed
2015,1,4,ORD,UA,9,0,,Delayed
2015,1,4,ORD,UA,5,0,,Delayed
2015,1,4,ORD,UA,4,0,,Delayed
2015,1,4,ORD,UA,8,0,,Delayed
2015,1,4,ORD,UA,6,0,,Delayed
2015,1,4,ORD,UA,3,0,,Delayed
2015,1,4,ORD,UA,7,0,,Delayed
2015,1,4,ORD,UA,25,0,,Delayed
2015,1,4,ORD,UA,9,0,,Delayed
2015,1,4,ORD,UA,7,0,,Delayed
2015,1,4,ORD,UA,76,0,,Delayed
2015,1,4,ORD,UA,39,0,,Delayed
2015,1,4,ORD,UA,15,0,,Delayed
2015,1,4,ORD,UA,3,0,,Delayed
2015,1,4,ORD,UA,3,0,,Delayed
2015,1,4,ORD,UA,4,0,,Delayed
2015,1,4,ORD,UA,39,0,,Delayed
2015,1,4,ORD,UA,72,0,,Delayed
2015,1,4,ORD,UA,6,0,,Delayed
2015,1,4,ORD,UA,55,0,,Delayed
2015,1,4,ORD,UA,5,0,,Delayed
2015,1,4,ORD,UA,1,0,,Delayed
2015,1,4,ORD,UA,4,0,,Delayed
2015,1,4,ORD,UA,19,0,,Delayed
2015,1,4,ORD,UA,109,0,,Delayed
2015,1,4,ORD,UA,11,0,,Delayed
2015,1,4,ORD,UA,8,0,,Delayed
2015,1,4,ORD,UA,5,0,,Delayed
2015,1,4,ORD,UA,13,0,,Delayed
2015,1,4,ORD,UA,42,0,,Delayed
2015,1,4,ORD,UA,27,0,,Delayed
2015,1,4,ORD,UA,38,0,,Delayed
2015,1,4,ORD,UA,13,0,,Delayed
2015,1,4,ORD,UA,1,0,,Delayed
2015,1,4,ORD,UA,15,0,,Delayed
2015,1,4,ORD,UA,7,0,,Delayed
2015,1,4,ORD,UA,5,0,,Delayed
2015,1,4,ORD,UA,2,0,,Delayed
2015,1,4,ORD,UA,9,0,,Delayed
2015,1,4,ORD,UA,40,0,,Delayed
2015,1,4,ORD,UA,48,0,,Delayed
2015,1,4,ORD,UA,74,0,,Delayed
2015,1,4,ORD,UA,4,0,,Delayed
2015,1,4,ORD,UA,15,0,,Delayed
2015,1,5,ORD,UA,24,0,,Delayed
2015,1,5,ORD,UA,1,0,,Delayed
2015,1,5,ORD,UA,20,0,,Delayed
2015,1,5,ORD,UA,2,0,,Delayed
2015,1,5,ORD,UA,45,0,,Delayed
2015,1,5,ORD,UA,3,0,,Delayed
2015,1,5,ORD,UA,8,0,,Delayed
2015,1,5,ORD,UA,2,0,,Delayed
2015,1,5,ORD,UA,7,0,,Delayed
2015,1,5,ORD,UA,2,0,,Delayed
2015,1,5,ORD,UA,60,0,,Delayed
2015,1,5,ORD,UA,2,0,,Delayed
2015,1,5,ORD,UA,16,0,,Delayed
2015,1,5,ORD,UA,7,0,,Delayed
2015,1,5,ORD,UA,15,0,,Delayed
2015,1,5,ORD,UA,24,0,,Delayed
2015,1,5,ORD,UA,73,0,,Delayed
2015,1,5,ORD,UA,10,0,,Delayed
2015,1,5,ORD,UA,12,0,,Delayed
2015,1,5,ORD,UA,10,0,,Delayed
2015,1,5,ORD,UA,80,0,,Delayed
2015,1,5,ORD,UA,6,0,,Delayed
2015,1,5,ORD,UA,31,0,,Delayed
2015,1,5,ORD,UA,50,0,,Delayed
2015,1,5,ORD,UA,1,0,,Delayed
2015,1,5,ORD,UA,8,0,,Delayed
2015,1,5,ORD,UA,15,0,,Delayed
2015,1,5,ORD,UA,10,0,,Delayed
2015,1,5,ORD,UA,3,0,,Delayed
2015,1,5,ORD,UA,44,0,,Delayed
2015,1,5,ORD,UA,2,0,,Delayed
2015,1,5,ORD,UA,31,0,,Delayed
2015,1,5,ORD,UA,3,0,,Delayed
2015,1,5,ORD,UA,25,0,,Delayed
2015,1,5,ORD,UA,6,0,,Delayed
2015,1,5,ORD,UA,49,0,,Delayed
2015,1,5,ORD,UA,18,0,,Delayed
2015,1,5,ORD,UA,12,0,,Delayed
2015,1,5,ORD,UA,18,0,,Delayed
2015,1,5,ORD,UA,6,0,,Delayed
2015,1,5,ORD,UA,27,0,,Delayed
2015,1,5,ORD,UA,2,0,,Delayed
2015,1,5,ORD,UA,6,0,,Delayed
2015,1,5,ORD,UA,9,0,,Delayed
2015,1,5,ORD,UA,57,0,,Delayed
2015,1,5,ORD,UA,8,0,,Delayed
2015,1,5,ORD,UA,6,0,,Delayed
2015,1,5,ORD,UA,2,0,,Delayed
2015,1,5,ORD,UA,32,0,,Delayed
2015,1,5,ORD,UA,6,0,,Delayed
2015,1,5,ORD,UA,88,0,,Delayed
2015,1,5,ORD,UA,7,0,,Delayed
2015,1,5,ORD,UA,2,0,,Delayed
2015,1,5,ORD,UA,31,0,,Delayed
2015,1,5,ORD,UA,52,0,,Delayed
2015,1,5,ORD,UA,2,0,,Delayed
2015,1,5,ORD,UA,11,0,,Delayed
2015,1,5,ORD,UA,5,0,,Delayed
2015,1,5,ORD,UA,5,0,,Delayed
2015,1,5,ORD,UA,42,0,,Delayed
2015,1,5,ORD,UA,53,0,,Delayed
2015,1,5,ORD,UA,65,0,,Delayed
2015,1,5,ORD,UA,4,0,,Delayed
2015,1,5,ORD,UA,18,0,,Delayed
2015,1,5,ORD,UA,17,0,,Delayed
2015,1,5,ORD,UA,225,0,,Delayed
2015,1,5,ORD,UA,44,0,,Delayed
2015,1,5,ORD,UA,16,0,,Delayed
2015,1,5,ORD,UA,55,0,,Delayed
2015,1,5,ORD,UA,27,0,,Delayed
2015,1,5,DEN,UA,35,0,,Delayed
2015,1,5,DEN,UA,10,0,,Delayed
2015,1,5,DEN,UA,11,0,,Delayed
2015,1,5,DEN,UA,28,0,,Delayed
2015,1,5,DEN,UA,11,0,,Delayed
2015,1,5,DEN,UA,13,0,,Delayed
2015,1,5,DEN,UA,3,0,,Delayed
2015,1,5,DEN,UA,39,0,,Delayed
2015,1,5,DEN,UA,2,0,,Delayed
2015,1,5,DEN,UA,31,0,,Delayed
2015,1,5,DEN,UA,18,0,,Delayed
2015,1,5,DEN,UA,18,0,,Delayed
2015,1,5,DEN,UA,18,0,,Delayed
2015,1,5,DEN,UA,249,0,,Delayed
2015,1,5,DEN,UA,19,0,,Delayed
2015,1,5,DEN,UA,46,0,,Delayed
2015,1,5,DEN,UA,32,0,,Delayed
2015,1,5,DEN,UA,7,0,,Delayed
2015,1,5,DEN,UA,17,0,,Delayed
2015,1,5,DEN,UA,14,0,,Delayed
2015,1,5,DEN,UA,14,0,,Delayed
2015,1,5,DEN,UA,9,0,,Delayed
2015,1,5,DEN,UA,92,0,,Delayed
2015,1,5,DEN,UA,13,0,,Delayed
2015,1,5,DEN,UA,35,0,,Delayed
2015,1,5,DEN,UA,4,0,,Delayed
2015,1,5,DEN,UA,13,0,,Delayed
2015,1,5,DEN,UA,49,0,,Delayed
2015,1,5,DEN,UA,41,0,,Delayed
2015,1,5,DEN,UA,44,0,,Delayed
2015,1,5,DEN,UA,65,0,,Delayed
2015,1,5,DEN,UA,27,0,,Delayed
2015,1,5,DEN,UA,31,0,,Delayed
2015,1,5,DEN,UA,42,0,,Delayed
2015,1,5,DEN,UA,18,0,,Delayed
2015,1,5,DEN,UA,45,0,,Delayed
2015,1,5,DEN,UA,102,0,,Delayed
2015,1,5,DEN,UA,71,0,,Delayed
2015,1,5,DEN,UA,50,0,,Delayed
2015,1,5,DEN,UA,32,0,,Delayed
2015,1,5,DEN,UA,33,0,,Delayed
2015,1,5,DEN,UA,29,0,,Delayed
2015,1,5,DEN,UA,25,0,,Delayed
2015,1,5,DEN,UA,21,0,,Delayed
2015,1,5,DEN,UA,8,0,,Delayed
2015,1,5,DEN,UA,70,0,,Delayed
2015,1,5,DEN,UA,86,0,,Delayed
2015,1,5,DEN,UA,39,0,,Delayed
2015,1,5,DEN,UA,104,0,,Delayed
2015,1,5,DEN,UA,15,0,,Delayed
2015,1,5,DEN,UA,24,0,,Delayed
2015,1,5,DEN,UA,26,0,,Delayed
2015,1,5,DEN,UA,19,0,,Delayed
2015,1,5,DEN,UA,240,0,,Delayed
2015,1,5,DEN,UA,61,0,,Delayed
2015,1,5,DEN,UA,40,0,,Delayed
2015,1,5,DEN,UA,26,0,,Delayed
2015,1,5,DEN,UA,32,0,,Delayed
2015,1,5,DEN,UA,30,0,,Delayed
2015,1,5,DEN,UA,71,0,,Delayed
2015,1,5,DEN,UA,23,0,,Delayed
2015,1,5,DEN,UA,16,0,,Delayed
2015,1,5,DEN,UA,205,0,,Delayed
2015,1,5,DEN,UA,72,0,,Delayed
2015,1,5,DEN,UA,6,0,,Delayed
2015,1,5,DEN,UA,5,0,,Delayed
2015,1,5,DEN,UA,16,0,,Delayed
2015,1,5,DEN,UA,16,0,,Delayed
2015,1,5,DEN,UA,2,0,,Delayed
2015,1,5,DEN,UA,9,0,,Delayed
2015,1,5,DEN,UA,32,0,,Delayed
2015,1,5,DEN,UA,20,0,,Delayed
2015,1,5,DEN,UA,26,0,,Delayed
2015,1,5,DEN,UA,20,0,,Delayed
2015,1,5,DEN,UA,13,0,,Delayed
2015,1,5,DEN,UA,28,0,,Delayed
2015,1,5,DEN,UA,69,0,,Delayed
2015,1,5,DEN,UA,11,0,,Delayed
2015,1,5,DEN,UA,22,0,,Delayed
2015,1,5,DEN,UA,14,0,,Delayed
2015,1,5,DEN,UA,18,0,,Delayed
2015,1,5,DEN,UA,2,0,,Delayed
2015,1,5,DEN,UA,46,0,,Delayed
2015,1,5,DEN,UA,13,0,,Delayed
2015,1,5,DEN,UA,21,0,,Delayed
2015,1,5,DEN,UA,51,0,,Delayed
2015,1,5,DEN,UA,19,0,,Delayed
2015,1,5,DEN,UA,13,0,,Delayed
2015,1,5,DEN,UA,9,0,,Delayed
2015,1,5,DEN,UA,4,0,,Delayed
2015,1,5,DEN,UA,22,0,,Delayed
2015,1,4,DEN,UA,18,0,,Delayed
2015,1,4,DEN,UA,15,0,,Delayed
2015,1,4,DEN,UA,18,0,,Delayed
2015,1,4,DEN,UA,1,0,,Delayed
2015,1,4,DEN,UA,1,0,,Delayed
2015,1,4,DEN,UA,7,0,,Delayed
2015,1,4,DEN,UA,11,0,,Delayed
2015,1,4,DEN,UA,25,0,,Delayed
2015,1,4,DEN,UA,16,0,,Delayed
2015,1,4,DEN,UA,336,0,,Delayed
2015,1,4,DEN,UA,6,0,,Delayed
2015,1,4,DEN,UA,37,0,,Delayed
2015,1,4,DEN,UA,115,0,,Delayed
2015,1,4,DEN,UA,8,0,,Delayed
2015,1,4,DEN,UA,4,0,,Delayed
2015,1,4,DEN,UA,11,0,,Delayed
2015,1,4,DEN,UA,25,0,,Delayed
2015,1,4,DEN,UA,10,0,,Delayed
2015,1,4,DEN,UA,10,0,,Delayed
2015,1,4,DEN,UA,11,0,,Delayed
2015,1,4,DEN,UA,3,0,,Delayed
2015,1,4,DEN,UA,5,0,,Delayed
2015,1,4,DEN,UA,7,0,,Delayed
2015,1,4,DEN,UA,42,0,,Delayed
2015,1,4,DEN,UA,66,0,,Delayed
2015,1,4,DEN,UA,16,0,,Delayed
2015,1,4,DEN,UA,6,0,,Delayed
2015,1,4,DEN,UA,61,0,,Delayed
2015,1,4,DEN,UA,27,0,,Delayed
2015,1,4,DEN,UA,30,0,,Delayed
2015,1,4,DEN,UA,73,0,,Delayed
2015,1,4,DEN,UA,44,0,,Delayed
2015,1,4,DEN,UA,58,0,,Delayed
2015,1,4,DEN,UA,96,0,,Delayed
2015,1,4,DEN,UA,12,0,,Delayed
2015,1,4,DEN,UA,68,0,,Delayed
2015,1,4,DEN,UA,56,0,,Delayed
2015,1,4,DEN,UA,67,0,,Delayed
2015,1,4,DEN,UA,70,0,,Delayed
2015,1,4,DEN,UA,14,0,,Delayed
2015,1,4,DEN,UA,33,0,,Delayed
2015,1,4,DEN,UA,46,0,,Delayed
2015,1,4,DEN,UA,32,0,,Delayed
2015,1,4,DEN,UA,40,0,,Delayed
2015,1,4,DEN,UA,107,0,,Delayed
2015,1,4,DEN,UA,31,0,,Delayed
2015,1,4,DEN,UA,38,0,,Delayed
2015,1,4,DEN,UA,2,0,,Delayed
2015,1,4,DEN,UA,43,0,,Delayed
2015,1,4,DEN,UA,8,0,,Delayed
2015,1,4,DEN,UA,7,0,,Delayed
2015,1,4,DEN,UA,73,0,,Delayed
2015,1,4,DEN,UA,29,0,,Delayed
2015,1,4,DEN,UA,41,0,,Delayed
2015,1,4,DEN,UA,6,0,,Delayed
2015,1,4,DEN,UA,20,0,,Delayed
2015,1,4,DEN,UA,105,0,,Delayed
2015,1,4,DEN,UA,20,0,,Delayed
2015,1,4,DEN,UA,13,0,,Delayed
2015,1,4,DEN,UA,11,0,,Delayed
2015,1,4,DEN,UA,6,0,,Delayed
2015,1,4,DEN,UA,3,0,,Delayed
2015,1,4,DEN,UA,7,0,,Delayed
2015,1,4,DEN,UA,34,0,,Delayed
2015,1,4,DEN,UA,30,0,,Delayed
2015,1,4,DEN,UA,6,0,,Delayed
2015,1,4,DEN,UA,54,0,,Delayed
2015,1,4,DEN,UA,94,0,,Delayed
2015,1,4,DEN,UA,14,0,,Delayed
2015,1,4,DEN,UA,109,0,,Delayed
2015,1,4,DEN,UA,41,0,,Delayed
2015,1,4,DEN,UA,17,0,,Delayed
2015,1,4,DEN,UA,56,0,,Delayed
2015,1,4,DEN,UA,1,0,,Delayed
2015,1,4,DEN,UA,80,0,,Delayed
2015,1,4,DEN,UA,20,0,,Delayed
2015,1,4,DEN,UA,35,0,,Delayed
2015,1,4,DEN,UA,2,0,,Delayed
2015,1,4,DEN,UA,21,0,,Delayed
2015,1,4,DEN,UA,53,0,,Delayed
2015,1,4,DEN,UA,45,0,,Delayed
2015,1,4,DEN,UA,60,0,,Delayed
2015,1,4,DEN,UA,40,0,,Delayed
2015,1,4,DEN,UA,76,0,,Delayed
2015,1,4,DEN,UA,34,0,,Delayed
2015,1,4,DEN,UA,73,0,,Delayed
2015,1,4,DEN,UA,46,0,,Delayed
2015,1,4,DEN,UA,68,0,,Delayed
2015,1,4,DEN,UA,87,0,,Delayed
2015,1,4,DEN,UA,78,0,,Delayed
2015,1,4,DEN,UA,23,0,,Delayed
2015,1,4,DEN,UA,116,0,,Delayed
2015,1,4,DEN,UA,41,0,,Delayed
2015,1,4,DEN,UA,131,0,,Delayed
2015,1,4,DEN,UA,96,0,,Delayed
2015,1,4,DEN,UA,89,0,,Delayed
2015,1,4,DEN,UA,109,0,,Delayed
2015,1,4,DEN,UA,21,0,,Delayed
2015,1,4,DEN,UA,68,0,,Delayed
2015,1,4,DEN,UA,63,0,,Delayed
2015,1,4,DEN,UA,87,0,,Delayed
2015,1,4,DEN,UA,69,0,,Delayed
2015,1,4,DEN,UA,73,0,,Delayed
2015,1,4,DEN,UA,91,0,,Delayed
2015,1,4,DEN,UA,17,0,,Delayed
2015,1,4,DEN,UA,28,0,,Delayed
2015,1,4,DEN,UA,30,0,,Delayed
2015,1,4,DEN,UA,77,0,,Delayed
2015,1,4,DEN,UA,10,0,,Delayed
2015,1,4,DEN,UA,37,0,,Delayed
2015,1,4,DEN,UA,69,0,,Delayed
2015,1,4,DEN,UA,43,0,,Delayed
2015,1,4,DEN,UA,37,0,,Delayed
2015,1,4,DEN,UA,51,0,,Delayed
2015,1,4,DEN,UA,34,0,,Delayed
2015,1,4,DEN,UA,15,0,,Delayed
2015,1,4,DEN,UA,25,0,,Delayed
2015,1,4,DEN,UA,74,0,,Delayed
2015,1,4,DEN,UA,33,0,,Delayed
2015,1,5,IAH,UA,53,0,,Delayed
2015,1,5,IAH,UA,6,0,,Delayed
2015,1,5,IAH,UA,11,0,,Delayed
2015,1,5,IAH,UA,72,0,,Delayed
2015,1,5,IAH,UA,4,0,,Delayed
2015,1,5,IAH,UA,7,0,,Delayed
2015,1,5,IAH,UA,4,0,,Delayed
2015,1,5,IAH,UA,3,0,,Delayed
2015,1,5,IAH,UA,5,0,,Delayed
2015,1,5,IAH,UA,1,0,,Delayed
2015,1,5,IAH,UA,28,0,,Delayed
2015,1,5,IAH,UA,19,0,,Delayed
2015,1,5,IAH,UA,18,0,,Delayed
2015,1,5,IAH,UA,20,0,,Delayed
2015,1,5,IAH,UA,3,0,,Delayed
2015,1,5,IAH,UA,11,0,,Delayed
2015,1,5,IAH,UA,6,0,,Delayed
2015,1,5,IAH,UA,10,0,,Delayed
2015,1,5,IAH,UA,5,0,,Delayed
2015,1,5,IAH,UA,11,0,,Delayed
2015,1,5,IAH,UA,11,0,,Delayed
2015,1,5,IAH,UA,3,0,,Delayed
2015,1,5,IAH,UA,3,0,,Delayed
2015,1,5,IAH,UA,98,0,,Delayed
2015,1,5,IAH,UA,1,0,,Delayed
2015,1,5,IAH,UA,9,0,,Delayed
2015,1,5,IAH,UA,5,0,,Delayed
2015,1,5,IAH,UA,5,0,,Delayed
2015,1,5,IAH,UA,14,0,,Delayed
2015,1,5,IAH,UA,5,0,,Delayed
2015,1,5,IAH,UA,6,0,,Delayed
2015,1,5,IAH,UA,7,0,,Delayed
2015,1,5,IAH,UA,5,0,,Delayed
2015,1,5,IAH,UA,19,0,,Delayed
2015,1,5,IAH,UA,5,0,,Delayed
2015,1,5,IAH,UA,24,0,,Delayed
2015,1,5,IAH,UA,5,0,,Delayed
2015,1,5,IAH,UA,16,0,,Delayed
2015,1,5,IAH,UA,6,0,,Delayed
2015,1,5,IAH,UA,98,0,,Delayed
2015,1,5,IAH,UA,4,0,,Delayed
2015,1,5,IAH,UA,2,0,,Delayed
2015,1,5,IAH,UA,1,0,,Delayed
2015,1,5,IAH,UA,6,0,,Delayed
2015,1,5,IAH,UA,9,0,,Delayed
2015,1,5,IAH,UA,12,0,,Delayed
2015,1,5,IAH,UA,53,0,,Delayed
2015,1,5,IAH,UA,5,0,,Delayed
2015,1,5,IAH,UA,13,0,,Delayed
2015,1,5,IAH,UA,20,0,,Delayed
2015,1,5,IAH,UA,3,0,,Delayed
2015,1,5,IAH,UA,22,0,,Delayed
2015,1,5,IAH,UA,23,0,,Delayed
2015,1,5,IAH,UA,10,0,,Delayed
2015,1,5,IAH,UA,44,0,,Delayed
2015,1,5,IAH,UA,4,0,,Delayed
2015,1,5,IAH,UA,1,0,,Delayed
2015,1,5,IAH,UA,17,0,,Delayed
2015,1,5,IAH,UA,19,0,,Delayed
2015,1,5,IAH,UA,12,0,,Delayed
2015,1,5,IAH,UA,39,0,,Delayed
2015,1,5,IAH,UA,4,0,,Delayed
2015,1,5,IAH,UA,3,0,,Delayed
2015,1,5,IAH,UA,22,0,,Delayed
2015,1,5,IAH,UA,25,0,,Delayed
2015,1,5,IAH,UA,106,0,,Delayed
2015,1,5,IAH,UA,12,0,,Delayed
2015,1,5,IAH,UA,4,0,,Delayed
2015,1,5,IAH,UA,1,0,,Delayed
2015,1,5,IAH,UA,6,0,,Delayed
2015,1,5,IAH,UA,66,0,,Delayed
2015,1,5,IAH,UA,93,0,,Delayed
2015,1,5,IAH,UA,8,0,,Delayed
2015,1,5,IAH,UA,9,0,,Delayed
2015,1,5,IAH,UA,1,0,,Delayed
2015,1,5,IAH,UA,60,0,,Delayed
2015,1,5,IAH,UA,2,0,,Delayed
2015,1,5,IAH,UA,10,0,,Delayed
2015,1,5,IAH,UA,68,0,,Delayed
2015,1,5,IAH,UA,23,0,,Delayed
2015,1,5,IAH,UA,24,0,,Delayed
2015,1,5,IAH,UA,5,0,,Delayed
2015,1,5,IAH,UA,6,0,,Delayed
2015,1,5,IAH,UA,30,0,,Delayed
2015,1,5,IAH,UA,30,0,,Delayed
2015,1,5,IAH,UA,12,0,,Delayed
2015,1,5,IAH,UA,22,0,,Delayed
2015,1,5,IAH,UA,43,0,,Delayed
2015,1,5,IAH,UA,70,0,,Delayed
2015,1,5,IAH,UA,61,0,,Delayed
2015,1,5,IAH,UA,216,0,,Delayed
2015,1,5,IAH,UA,23,0,,Delayed
2015,1,5,IAH,UA,64,0,,Delayed
2015,1,5,IAH,UA,5,0,,Delayed
2015,1,5,IAH,UA,23,0,,Delayed
2015,1,5,IAH,UA,22,0,,Delayed
2015,1,5,IAH,UA,39,0,,Delayed
2015,1,4,IAH,UA,1,0,,Delayed
2015,1,4,IAH,UA,13,0,,Delayed
2015,1,4,IAH,UA,2,0,,Delayed
2015,1,4,IAH,UA,1,0,,Delayed
2015,1,4,IAH,UA,17,0,,Delayed
2015,1,4,IAH,UA,2,0,,Delayed
2015,1,4,IAH,UA,2,0,,Delayed
2015,1,4,IAH,UA,10,0,,Delayed
2015,1,4,IAH,UA,19,0,,Delayed
2015,1,4,IAH,UA,39,0,,Delayed
2015,1,4,IAH,UA,42,0,,Delayed
2015,1,4,IAH,UA,3,0,,Delayed
2015,1,4,IAH,UA,3,0,,Delayed
2015,1,4,IAH,UA,15,0,,Delayed
2015,1,4,IAH,UA,8,0,,Delayed
2015,1,4,IAH,UA,114,0,,Delayed
2015,1,4,IAH,UA,2,0,,Delayed
2015,1,4,IAH,UA,7,0,,Delayed
2015,1,4,IAH,UA,5,0,,Delayed
2015,1,4,IAH,UA,18,0,,Delayed
2015,1,4,IAH,UA,6,0,,Delayed
2015,1,4,IAH,UA,1,0,,Delayed
2015,1,4,IAH,UA,9,0,,Delayed
2015,1,4,IAH,UA,1,0,,Delayed
2015,1,4,IAH,UA,11,0,,Delayed
2015,1,4,IAH,UA,8,0,,Delayed
2015,1,4,IAH,UA,13,0,,Delayed
2015,1,4,IAH,UA,12,0,,Delayed
2015,1,4,IAH,UA,9,0,,Delayed
2015,1,4,IAH,UA,28,0,,Delayed
2015,1,4,IAH,UA,2,0,,Delayed
2015,1,4,IAH,UA,7,0,,Delayed
2015,1,4,IAH,UA,59,0,,Delayed
2015,1,4,IAH,UA,1,0,,Delayed
2015,1,4,IAH,UA,3,0,,Delayed
2015,1,4,IAH,UA,32,0,,Delayed
2015,1,4,IAH,UA,2,0,,Delayed
2015,1,4,IAH,UA,19,0,,Delayed
2015,1,4,IAH,UA,39,0,,Delayed
2015,1,4,IAH,UA,10,0,,Delayed
2015,1,4,IAH,UA,3,0,,Delayed
2015,1,4,IAH,UA,34,0,,Delayed
2015,1,4,IAH,UA,5,0,,Delayed
2015,1,4,IAH,UA,8,0,,Delayed
2015,1,4,IAH,UA,33,0,,Delayed
2015,1,4,IAH,UA,20,0,,Delayed
2015,1,4,IAH,UA,1,0,,Delayed
2015,1,4,IAH,UA,1,0,,Delayed
2015,1,4,IAH,UA,13,0,,Delayed
2015,1,4,IAH,UA,12,0,,Delayed
2015,1,4,IAH,UA,6,0,,Delayed
2015,1,4,IAH,UA,23,0,,Delayed
2015,1,4,IAH,UA,9,0,,Delayed
2015,1,4,IAH,UA,4,0,,Delayed
2015,1,4,IAH,UA,20,0,,Delayed
2015,1,4,IAH,UA,1,0,,Delayed
2015,1,4,IAH,UA,7,0,,Delayed
2015,1,4,IAH,UA,5,0,,Delayed
2015,1,4,IAH,UA,7,0,,Delayed
2015,1,4,IAH,UA,2,0,,Delayed
2015,1,4,IAH,UA,16,0,,Delayed
2015,1,4,IAH,UA,8,0,,Delayed
2015,1,4,IAH,UA,11,0,,Delayed
2015,1,4,IAH,UA,2,0,,Delayed
2015,1,4,IAH,UA,24,0,,Delayed
2015,1,4,IAH,UA,33,0,,Delayed
2015,1,4,IAH,UA,47,0,,Delayed
2015,1,4,IAH,UA,8,0,,Delayed
2015,1,4,IAH,UA,7,0,,Delayed
2015,1,4,IAH,UA,7,0,,Delayed
2015,1,4,IAH,UA,22,0,,Delayed
2015,1,4,IAH,UA,1,0,,Delayed
2015,1,4,IAH,UA,1,0,,Delayed
2015,1,4,IAH,UA,2,0,,Delayed
2015,1,4,IAH,UA,50,0,,Delayed
2015,1,4,IAH,UA,107,0,,Delayed
2015,1,4,IAH,UA,24,0,,Delayed
2015,1,4,IAH,UA,3,0,,Delayed
2015,1,4,IAH,UA,9,0,,Delayed
2015,1,4,IAH,UA,31,0,,Delayed
2015,1,4,IAH,UA,255,0,,Delayed
2015,1,4,IAH,UA,18,0,,Delayed
2015,1,4,IAH,UA,179,0,,Delayed
2015,1,4,IAH,UA,31,0,,Delayed
2015,1,4,IAH,UA,3,0,,Delayed
2015,1,4,IAH,UA,9,0,,Delayed
2015,1,4,IAH,UA,7,0,,Delayed
2015,1,4,IAH,UA,9,0,,Delayed
2015,1,4,IAH,UA,104,0,,Delayed
2015,1,4,IAH,UA,53,0,,Delayed
2015,1,4,IAH,UA,9,0,,Delayed
2015,1,4,IAH,UA,2,0,,Delayed
2015,1,4,IAH,UA,27,0,,Delayed
2015,1,4,IAH,UA,45,0,,Delayed
2015,1,4,IAH,UA,41,0,,Delayed
2015,1,4,IAH,UA,48,0,,Delayed
2015,1,4,IAH,UA,17,0,,Delayed
2015,1,4,IAH,UA,21,0,,Delayed
2015,1,4,IAH,UA,26,0,,Delayed
2015,1,4,IAH,UA,81,0,,Delayed
2015,1,4,IAH,UA,5,0,,Delayed
2015,1,4,IAH,UA,29,0,,Delayed
2015,1,4,IAH,UA,5,0,,Delayed
2015,1,4,IAH,UA,3,0,,Delayed
2015,1,4,IAH,UA,69,0,,Delayed
2015,1,4,IAH,UA,12,0,,Delayed
2015,1,4,IAH,UA,7,0,,Delayed
2015,1,4,IAH,UA,8,0,,Delayed
2015,1,4,IAH,UA,6,0,,Delayed
2015,1,4,IAH,UA,151,0,,Delayed
2015,1,4,IAH,UA,27,0,,Delayed
2015,1,4,IAH,UA,34,0,,Delayed
2015,1,4,IAH,UA,21,0,,Delayed
2015,1,4,IAH,UA,17,0,,Delayed
2015,1,4,IAH,UA,10,0,,Delayed
2015,1,4,IAH,UA,42,0,,Delayed
2015,1,4,IAH,UA,40,0,,Delayed
2015,1,4,IAH,UA,49,0,,Delayed
2015,1,4,IAH,UA,23,0,,Delayed
2015,1,4,IAH,UA,113,0,,Delayed
2015,1,4,IAH,UA,29,0,,Delayed
2015,1,4,IAH,UA,14,0,,Delayed
2015,1,4,IAH,UA,100,0,,Delayed
2015,1,4,IAH,UA,35,0,,Delayed
2015,1,4,IAH,UA,21,0,,Delayed
2015,1,4,IAH,UA,50,0,,Delayed
2015,1,4,IAH,UA,2,0,,Delayed
2015,1,4,IAH,UA,33,0,,Delayed
2015,1,4,IAH,UA,88,0,,Delayed
2015,1,4,IAH,UA,21,0,,Delayed
2015,1,4,IAH,UA,38,0,,Delayed
2015,1,4,DEN,OO,73,0,,Delayed
2015,1,4,DEN,OO,11,0,,Delayed
2015,1,4,DEN,OO,1,0,,Delayed
2015,1,4,DEN,OO,9,0,,Delayed
2015,1,4,DEN,OO,36,0,,Delayed
2015,1,4,DEN,OO,59,0,,Delayed
2015,1,4,DEN,OO,17,0,,Delayed
2015,1,4,DEN,OO,10,0,,Delayed
2015,1,4,DEN,OO,31,0,,Delayed
2015,1,4,DEN,OO,13,0,,Delayed
2015,1,4,DEN,OO,19,0,,Delayed
2015,1,4,DEN,OO,138,0,,Delayed
2015,1,4,DEN,OO,10,0,,Delayed
2015,1,4,DEN,OO,27,0,,Delayed
2015,1,4,DEN,OO,13,0,,Delayed
2015,1,4,DEN,OO,8,0,,Delayed
2015,1,4,DEN,OO,26,0,,Delayed
2015,1,4,DEN,OO,146,0,,Delayed
2015,1,4,DEN,OO,128,0,,Delayed
2015,1,4,DEN,OO,11,0,,Delayed
2015,1,4,DEN,OO,27,0,,Delayed
2015,1,4,DEN,OO,39,0,,Delayed
2015,1,4,DEN,OO,25,0,,Delayed
2015,1,4,DEN,OO,46,0,,Delayed
2015,1,4,DEN,OO,70,0,,Delayed
2015,1,4,DEN,OO,26,0,,Delayed
2015,1,4,DEN,OO,4,0,,Delayed
2015,1,4,DEN,OO,21,0,,Delayed
2015,1,4,DEN,OO,34,0,,Delayed
2015,1,4,DEN,OO,12,0,,Delayed
2015,1,4,DEN,OO,8,0,,Delayed
2015,1,4,DEN,OO,82,0,,Delayed
2015,1,4,DEN,OO,2,0,,Delayed
2015,1,4,DEN,OO,69,0,,Delayed
2015,1,4,DEN,OO,3,0,,Delayed
2015,1,4,DEN,OO,40,0,,Delayed
2015,1,4,DEN,OO,33,0,,Delayed
2015,1,4,DEN,OO,22,0,,Delayed
2015,1,4,DEN,OO,5,0,,Delayed
2015,1,4,DEN,OO,41,0,,Delayed
2015,1,4,DEN,OO,78,0,,Delayed
2015,1,4,DEN,OO,31,0,,Delayed
2015,1,4,DEN,OO,66,0,,Delayed
2015,1,4,DEN,OO,149,0,,Delayed
2015,1,4,DEN,OO,14,0,,Delayed
2015,1,4,DEN,OO,38,0,,Delayed
2015,1,4,DEN,OO,6,0,,Delayed
2015,1,4,DEN,OO,20,0,,Delayed
2015,1,4,DEN,OO,149,0,,Delayed
2015,1,4,DEN,OO,36,0,,Delayed
2015,1,4,DEN,OO,30,0,,Delayed
2015,1,4,DEN,OO,19,0,,Delayed
2015,1,4,DEN,OO,31,0,,Delayed
2015,1,4,DEN,OO,10,0,,Delayed
2015,1,4,DEN,OO,30,0,,Delayed
2015,1,4,DEN,OO,10,0,,Delayed
2015,1,4,DEN,OO,164,0,,Delayed
2015,1,4,DEN,OO,6,0,,Delayed
2015,1,4,DEN,OO,2,0,,Delayed
2015,1,4,DEN,OO,99,0,,Delayed
2015,1,4,DEN,OO,3,0,,Delayed
2015,1,4,DEN,OO,40,0,,Delayed
2015,1,4,DEN,OO,12,0,,Delayed
2015,1,4,DEN,OO,37,0,,Delayed
2015,1,4,DEN,OO,29,0,,Delayed
2015,1,4,DEN,OO,19,0,,Delayed
2015,1,4,DEN,OO,47,0,,Delayed
2015,1,4,DEN,OO,47,0,,Delayed
2015,1,4,DEN,OO,64,0,,Delayed
2015,1,4,DEN,OO,83,0,,Delayed
2015,1,4,DEN,OO,29,0,,Delayed
2015,1,4,DEN,OO,24,0,,Delayed
2015,1,4,DEN,OO,105,0,,Delayed
2015,1,4,DEN,OO,42,0,,Delayed
2015,1,4,DEN,OO,91,0,,Delayed
2015,1,4,DEN,OO,29,0,,Delayed
2015,1,4,DEN,OO,58,0,,Delayed
2015,1,4,DEN,OO,44,0,,Delayed
2015,1,4,DEN,OO,44,0,,Delayed
2015,1,4,DEN,OO,67,0,,Delayed
2015,1,4,DEN,OO,82,0,,Delayed
2015,1,4,DEN,OO,26,0,,Delayed
2015,1,4,DEN,OO,15,0,,Delayed
2015,1,4,DEN,OO,54,0,,Delayed
2015,1,4,DEN,OO,72,0,,Delayed
2015,1,4,DEN,OO,43,0,,Delayed
2015,1,4,DEN,OO,79,0,,Delayed
2015,1,4,DEN,OO,61,0,,Delayed
2015,1,4,DEN,OO,130,0,,Delayed
2015,1,4,DEN,OO,33,0,,Delayed
2015,1,4,DEN,OO,94,0,,Delayed
2015,1,4,DEN,OO,66,0,,Delayed
2015,1,4,DEN,OO,51,0,,Delayed
2015,1,4,DEN,OO,87,0,,Delayed
2015,1,4,DEN,OO,58,0,,Delayed
2015,1,4,DEN,OO,53,0,,Delayed
2015,1,4,DEN,OO,127,0,,Delayed
2015,1,4,DEN,OO,41,0,,Delayed
2015,1,4,DEN,OO,86,0,,Delayed
2015,1,4,DEN,OO,17,0,,Delayed
2015,1,4,DEN,OO,52,0,,Delayed
2015,1,4,DEN,OO,23,0,,Delayed
2015,1,4,DEN,OO,38,0,,Delayed
2015,1,4,DEN,OO,14,0,,Delayed
2015,1,4,DEN,OO,29,0,,Delayed
2015,1,4,DEN,OO,38,0,,Delayed
2015,1,4,DEN,OO,23,0,,Delayed
2015,1,4,DEN,OO,56,0,,Delayed
2015,1,4,DEN,OO,14,0,,Delayed
2015,1,4,DEN,OO,80,0,,Delayed
2015,1,4,DEN,OO,43,0,,Delayed
2015,1,4,DEN,OO,88,0,,Delayed
2015,1,4,DEN,OO,110,0,,Delayed
2015,1,4,DEN,OO,47,0,,Delayed
2015,1,4,DEN,OO,46,0,,Delayed
2015,1,4,DEN,OO,48,0,,Delayed
2015,1,4,DEN,OO,59,0,,Delayed
2015,1,4,DEN,OO,24,0,,Delayed
2015,1,4,DEN,OO,34,0,,Delayed
2015,1,4,DEN,OO,50,0,,Delayed
2015,1,4,DEN,OO,35,0,,Delayed
2015,1,5,DEN,OO,15,0,,Delayed
2015,1,5,DEN,OO,17,0,,Delayed
2015,1,5,DEN,OO,5,0,,Delayed
2015,1,5,DEN,OO,41,0,,Delayed
2015,1,5,DEN,OO,32,0,,Delayed
2015,1,5,DEN,OO,28,0,,Delayed
2015,1,5,DEN,OO,40,0,,Delayed
2015,1,5,DEN,OO,10,0,,Delayed
2015,1,5,DEN,OO,63,0,,Delayed
2015,1,5,DEN,OO,2,0,,Delayed
2015,1,5,DEN,OO,140,0,,Delayed
2015,1,5,DEN,OO,35,0,,Delayed
2015,1,5,DEN,OO,101,0,,Delayed
2015,1,5,DEN,OO,27,0,,Delayed
2015,1,5,DEN,OO,20,0,,Delayed
2015,1,5,DEN,OO,22,0,,Delayed
2015,1,5,DEN,OO,14,0,,Delayed
2015,1,5,DEN,OO,13,0,,Delayed
2015,1,5,DEN,OO,37,0,,Delayed
2015,1,5,DEN,OO,38,0,,Delayed
2015,1,5,DEN,OO,14,0,,Delayed
2015,1,5,DEN,OO,12,0,,Delayed
2015,1,5,DEN,OO,64,0,,Delayed
2015,1,5,DEN,OO,34,0,,Delayed
2015,1,5,DEN,OO,24,0,,Delayed
2015,1,5,DEN,OO,47,0,,Delayed
2015,1,5,DEN,OO,23,0,,Delayed
2015,1,5,DEN,OO,15,0,,Delayed
2015,1,5,DEN,OO,21,0,,Delayed
2015,1,5,DEN,OO,25,0,,Delayed
2015,1,5,DEN,OO,39,0,,Delayed
2015,1,5,DEN,OO,91,0,,Delayed
2015,1,5,DEN,OO,16,0,,Delayed
2015,1,5,DEN,OO,21,0,,Delayed
2015,1,5,DEN,OO,31,0,,Delayed
2015,1,5,DEN,OO,155,0,,Delayed
2015,1,5,DEN,OO,31,0,,Delayed
2015,1,5,DEN,OO,16,0,,Delayed
2015,1,5,DEN,OO,64,0,,Delayed
2015,1,5,DEN,OO,30,0,,Delayed
2015,1,5,DEN,OO,45,0,,Delayed
2015,1,5,DEN,OO,11,0,,Delayed
2015,1,5,DEN,OO,5,0,,Delayed
2015,1,5,DEN,OO,18,0,,Delayed
2015,1,5,DEN,OO,1,0,,Delayed
2015,1,5,DEN,OO,25,0,,Delayed
2015,1,5,DEN,OO,13,0,,Delayed
2015,1,5,DEN,OO,24,0,,Delayed
2015,1,5,DEN,OO,8,0,,Delayed
2015,1,5,DEN,OO,10,0,,Delayed
2015,1,5,DEN,OO,5,0,,Delayed
2015,1,5,DEN,OO,43,0,,Delayed
2015,1,5,DEN,OO,25,0,,Delayed
2015,1,5,DEN,OO,22,0,,Delayed
2015,1,5,DEN,OO,15,0,,Delayed
2015,1,5,DEN,OO,7,0,,Delayed
2015,1,5,DEN,OO,58,0,,Delayed
2015,1,5,DEN,OO,9,0,,Delayed
2015,1,5,DEN,OO,4,0,,Delayed
2015,1,5,DEN,OO,35,0,,Delayed
2015,1,5,DEN,OO,68,0,,Delayed
2015,1,5,DEN,OO,54,0,,Delayed
2015,1,5,DEN,OO,2,0,,Delayed
2015,1,5,DEN,OO,64,0,,Delayed
2015,1,5,DEN,OO,35,0,,Delayed
2015,1,5,DEN,OO,44,0,,Delayed
2015,1,5,DEN,OO,49,0,,Delayed
2015,1,5,DEN,OO,97,0,,Delayed
2015,1,5,DEN,OO,42,0,,Delayed
2015,1,5,DEN,OO,33,0,,Delayed
2015,1,5,DEN,OO,38,0,,Delayed
2015,1,5,DEN,OO,145,0,,Delayed
2015,1,5,DEN,OO,1,0,,Delayed
2015,1,5,DEN,OO,93,0,,Delayed
2015,1,5,DEN,OO,4,0,,Delayed
2015,1,5,DEN,OO,59,0,,Delayed
2015,1,5,DEN,OO,40,0,,Delayed
2015,1,5,DEN,OO,64,0,,Delayed
2015,1,5,DEN,OO,69,0,,Delayed
2015,1,5,DEN,OO,42,0,,Delayed
2015,1,5,DEN,OO,44,0,,Delayed
2015,1,5,DEN,OO,6,0,,Delayed
2015,1,5,DEN,OO,17,0,,Delayed
2015,1,5,DEN,OO,44,0,,Delayed
2015,1,5,DEN,OO,32,0,,Delayed
2015,1,5,DEN,OO,42,0,,Delayed
2015,1,5,DEN,OO,22,0,,Delayed
2015,1,5,DEN,OO,102,0,,Delayed
2015,1,5,DEN,OO,26,0,,Delayed
2015,1,5,DEN,OO,70,0,,Delayed
2015,1,5,DEN,OO,24,0,,Delayed
2015,1,5,DEN,OO,115,0,,Delayed
2015,1,4,LAX,OO,26,0,,Delayed
2015,1,4,LAX,OO,96,0,,Delayed
2015,1,4,LAX,OO,19,0,,Delayed
2015,1,4,LAX,OO,33,0,,Delayed
2015,1,4,LAX,OO,6,0,,Delayed
2015,1,4,LAX,OO,16,0,,Delayed
2015,1,4,LAX,OO,42,0,,Delayed
2015,1,4,LAX,OO,31,0,,Delayed
2015,1,4,LAX,OO,41,0,,Delayed
2015,1,4,LAX,OO,1,0,,Delayed
2015,1,4,LAX,OO,28,0,,Delayed
2015,1,4,LAX,OO,130,0,,Delayed
2015,1,4,LAX,OO,25,0,,Delayed
2015,1,4,LAX,OO,9,0,,Delayed
2015,1,4,LAX,OO,1,0,,Delayed
2015,1,4,LAX,OO,15,0,,Delayed
2015,1,4,LAX,OO,37,0,,Delayed
2015,1,4,LAX,OO,23,0,,Delayed
2015,1,4,LAX,OO,14,0,,Delayed
2015,1,4,LAX,OO,62,0,,Delayed
2015,1,4,LAX,OO,8,0,,Delayed
2015,1,4,LAX,OO,119,0,,Delayed
2015,1,4,LAX,OO,19,0,,Delayed
2015,1,4,LAX,OO,6,0,,Delayed
2015,1,4,LAX,OO,4,0,,Delayed
2015,1,4,LAX,OO,54,0,,Delayed
2015,1,4,LAX,OO,4,0,,Delayed
2015,1,4,LAX,OO,34,0,,Delayed
2015,1,4,LAX,OO,19,0,,Delayed
2015,1,4,LAX,OO,95,0,,Delayed
2015,1,4,LAX,OO,18,0,,Delayed
2015,1,4,LAX,OO,3,0,,Delayed
2015,1,4,LAX,OO,27,0,,Delayed
2015,1,4,LAX,OO,10,0,,Delayed
2015,1,4,LAX,OO,7,0,,Delayed
2015,1,4,LAX,OO,23,0,,Delayed
2015,1,4,LAX,OO,24,0,,Delayed
2015,1,4,LAX,OO,90,0,,Delayed
2015,1,4,LAX,OO,28,0,,Delayed
2015,1,4,LAX,OO,17,0,,Delayed
2015,1,4,LAX,OO,19,0,,Delayed
2015,1,4,LAX,OO,25,0,,Delayed
2015,1,4,LAX,OO,12,0,,Delayed
2015,1,4,LAX,OO,45,0,,Delayed
2015,1,4,LAX,OO,9,0,,Delayed
2015,1,4,LAX,OO,9,0,,Delayed
2015,1,4,LAX,OO,59,0,,Delayed
2015,1,4,LAX,OO,9,0,,Delayed
2015,1,4,LAX,OO,2,0,,Delayed
2015,1,4,LAX,OO,7,0,,Delayed
2015,1,4,LAX,OO,36,0,,Delayed
2015,1,4,LAX,OO,15,0,,Delayed
2015,1,4,LAX,OO,5,0,,Delayed
2015,1,5,LAX,OO,193,0,,Delayed
2015,1,5,LAX,OO,164,0,,Delayed
2015,1,5,LAX,OO,22,0,,Delayed
2015,1,5,LAX,OO,24,0,,Delayed
2015,1,5,LAX,OO,57,0,,Delayed
2015,1,5,LAX,OO,13,0,,Delayed
2015,1,5,LAX,OO,43,0,,Delayed
2015,1,5,LAX,OO,67,0,,Delayed
2015,1,5,LAX,OO,39,0,,Delayed
2015,1,5,LAX,OO,223,0,,Delayed
2015,1,5,LAX,OO,8,0,,Delayed
2015,1,5,LAX,OO,171,0,,Delayed
2015,1,5,LAX,OO,46,0,,Delayed
2015,1,5,LAX,OO,3,0,,Delayed
2015,1,5,LAX,OO,11,0,,Delayed
2015,1,5,LAX,OO,2,0,,Delayed
2015,1,5,LAX,OO,71,0,,Delayed
2015,1,5,LAX,OO,39,0,,Delayed
2015,1,5,LAX,OO,45,0,,Delayed
2015,1,5,LAX,OO,23,0,,Delayed
2015,1,5,LAX,OO,92,0,,Delayed
2015,1,5,LAX,OO,91,0,,Delayed
2015,1,5,LAX,OO,24,0,,Delayed
2015,1,5,LAX,OO,32,0,,Delayed
2015,1,5,LAX,OO,19,0,,Delayed
2015,1,5,LAX,OO,26,0,,Delayed
2015,1,5,LAX,OO,113,0,,Delayed
2015,1,5,LAX,OO,108,0,,Delayed
2015,1,5,LAX,OO,49,0,,Delayed
2015,1,5,LAX,OO,3,0,,Delayed
2015,1,5,LAX,OO,21,0,,Delayed
2015,1,5,LAX,OO,6,0,,Delayed
2015,1,5,LAX,OO,24,0,,Delayed
2015,1,5,LAX,OO,19,0,,Delayed
2015,1,5,LAX,OO,34,0,,Delayed
2015,1,5,LAX,OO,12,0,,Delayed
2015,1,5,LAX,OO,49,0,,Delayed
2015,1,5,LAX,OO,1,0,,Delayed
2015,1,5,LAX,OO,52,0,,Delayed
2015,1,5,LAX,OO,100,0,,Delayed
2015,1,5,LAX,OO,16,0,,Delayed
2015,1,5,LAX,OO,144,0,,Delayed
2015,1,5,LAX,OO,8,0,,Delayed
2015,1,5,LAX,OO,7,0,,Delayed
2015,1,5,LAX,OO,7,0,,Delayed
2015,1,5,LAX,OO,24,0,,Delayed
2015,1,5,LAX,OO,2,0,,Delayed
2015,1,5,LAX,OO,3,0,,Delayed
2015,1,5,LAX,OO,31,0,,Delayed
2015,1,5,LAX,OO,90,0,,Delayed
2015,1,5,LAX,OO,27,0,,Delayed
2015,1,5,LAX,OO,7,0,,Delayed
2015,1,5,LAX,OO,9,0,,Delayed
2015,1,5,LAX,OO,46,0,,Delayed
2015,1,5,LAX,OO,9,0,,Delayed
2015,1,5,LAX,OO,3,0,,Delayed
2015,1,5,LAX,OO,89,0,,Delayed
2015,1,5,LAX,OO,11,0,,Delayed
2015,1,5,LAX,OO,113,0,,Delayed
2015,1,5,LAX,OO,44,0,,Delayed
2015,1,5,LAX,OO,11,0,,Delayed
2015,1,4,SFO,OO,7,0,,Delayed
2015,1,4,SFO,OO,29,0,,Delayed
2015,1,4,SFO,OO,21,0,,Delayed
2015,1,4,SFO,OO,1,0,,Delayed
2015,1,4,SFO,OO,96,0,,Delayed
2015,1,4,SFO,OO,4,0,,Delayed
2015,1,4,SFO,OO,3,0,,Delayed
2015,1,4,SFO,OO,6,0,,Delayed
2015,1,4,SFO,OO,5,0,,Delayed
2015,1,4,SFO,OO,12,0,,Delayed
2015,1,4,SFO,OO,14,0,,Delayed
2015,1,4,SFO,OO,14,0,,Delayed
2015,1,4,SFO,OO,10,0,,Delayed
2015,1,4,SFO,OO,86,0,,Delayed
2015,1,4,SFO,OO,14,0,,Delayed
2015,1,4,SFO,OO,19,0,,Delayed
2015,1,4,SFO,OO,8,0,,Delayed
2015,1,4,SFO,OO,21,0,,Delayed
2015,1,4,SFO,OO,13,0,,Delayed
2015,1,4,SFO,OO,2,0,,Delayed
2015,1,4,SFO,OO,9,0,,Delayed
2015,1,4,SFO,OO,1,0,,Delayed
2015,1,4,SFO,OO,2,0,,Delayed
2015,1,4,SFO,OO,84,0,,Delayed
2015,1,4,SFO,OO,27,0,,Delayed
2015,1,4,SFO,OO,53,0,,Delayed
2015,1,4,SFO,OO,53,0,,Delayed
2015,1,4,SFO,OO,20,0,,Delayed
2015,1,4,SFO,OO,2,0,,Delayed
2015,1,4,SFO,OO,7,0,,Delayed
2015,1,4,SFO,OO,14,0,,Delayed
2015,1,4,SFO,OO,15,0,,Delayed
2015,1,4,SFO,OO,9,0,,Delayed
2015,1,4,SFO,OO,91,0,,Delayed
2015,1,4,SFO,OO,8,0,,Delayed
2015,1,4,SFO,OO,29,0,,Delayed
2015,1,4,SFO,OO,46,0,,Delayed
2015,1,4,SFO,OO,54,0,,Delayed
2015,1,4,SFO,OO,20,0,,Delayed
2015,1,4,SFO,OO,21,0,,Delayed
2015,1,4,SFO,OO,77,0,,Delayed
2015,1,4,SFO,OO,7,0,,Delayed
2015,1,4,SFO,OO,3,0,,Delayed
2015,1,4,SFO,OO,38,0,,Delayed
2015,1,5,SFO,OO,1,0,,Delayed
2015,1,5,SFO,OO,12,0,,Delayed
2015,1,5,SFO,OO,118,0,,Delayed
2015,1,5,SFO,OO,2,0,,Delayed
2015,1,5,SFO,OO,2,0,,Delayed
2015,1,5,SFO,OO,7,0,,Delayed
2015,1,5,SFO,OO,20,0,,Delayed
2015,1,5,SFO,OO,17,0,,Delayed
2015,1,5,SFO,OO,25,0,,Delayed
2015,1,5,SFO,OO,42,0,,Delayed
2015,1,5,SFO,OO,1,0,,Delayed
2015,1,5,SFO,OO,7,0,,Delayed
2015,1,5,SFO,OO,97,0,,Delayed
2015,1,5,SFO,OO,6,0,,Delayed
2015,1,5,SFO,OO,16,0,,Delayed
2015,1,5,SFO,OO,5,0,,Delayed
2015,1,5,SFO,OO,37,0,,Delayed
2015,1,5,SFO,OO,108,0,,Delayed
2015,1,5,SFO,OO,96,0,,Delayed
2015,1,5,SFO,OO,26,0,,Delayed
2015,1,5,SFO,OO,3,0,,Delayed
2015,1,5,SFO,OO,8,0,,Delayed
2015,1,5,SFO,OO,14,0,,Delayed
2015,1,5,SFO,OO,3,0,,Delayed
2015,1,5,SFO,OO,87,0,,Delayed
2015,1,5,SFO,OO,1,0,,Delayed
2015,1,5,SFO,OO,1,0,,Delayed
2015,1,5,SFO,OO,7,0,,Delayed
2015,1,5,SFO,OO,9,0,,Delayed
2015,1,5,SFO,OO,45,0,,Delayed
2015,1,5,SFO,OO,4,0,,Delayed
2015,1,5,SFO,OO,58,0,,Delayed
2015,1,5,SFO,OO,36,0,,Delayed
2015,1,5,SFO,OO,6,0,,Delayed
2015,1,5,SFO,OO,46,0,,Delayed
2015,1,5,SFO,OO,17,0,,Delayed
2015,1,5,SFO,OO,46,0,,Delayed
2015,1,5,SFO,OO,38,0,,Delayed
2015,1,5,SFO,OO,1,0,,Delayed
2015,1,5,SFO,OO,56,0,,Delayed
2015,1,5,SFO,OO,8,0,,Delayed
2015,1,5,SFO,OO,30,0,,Delayed
2015,1,5,SFO,OO,6,0,,Delayed
2015,1,4,ORD,OO,82,0,,Delayed
2015,1,4,ORD,OO,100,0,,Delayed
2015,1,4,ORD,OO,176,0,,Delayed
2015,1,4,ORD,OO,9,0,,Delayed
2015,1,4,ORD,OO,15,0,,Delayed
2015,1,4,ORD,OO,80,0,,Delayed
2015,1,4,ORD,OO,24,0,,Delayed
2015,1,4,ORD,OO,71,0,,Delayed
2015,1,4,ORD,OO,72,0,,Delayed
2015,1,4,ORD,OO,74,0,,Delayed
2015,1,4,ORD,OO,57,0,,Delayed
2015,1,4,ORD,OO,32,0,,Delayed
2015,1,4,ORD,OO,9,0,,Delayed
2015,1,4,ORD,OO,32,0,,Delayed
2015,1,4,ORD,OO,3,0,,Delayed
2015,1,4,ORD,OO,7,0,,Delayed
2015,1,4,ORD,OO,2,0,,Delayed
2015,1,4,ORD,OO,1,0,,Delayed
2015,1,4,ORD,OO,54,0,,Delayed
2015,1,4,ORD,OO,31,0,,Delayed
2015,1,4,ORD,OO,25,0,,Delayed
2015,1,4,ORD,OO,43,0,,Delayed
2015,1,4,ORD,OO,15,0,,Delayed
2015,1,4,ORD,OO,35,0,,Delayed
2015,1,4,ORD,OO,27,0,,Delayed
2015,1,4,ORD,OO,22,0,,Delayed
2015,1,4,ORD,OO,13,0,,Delayed
2015,1,4,ORD,OO,6,0,,Delayed
2015,1,4,ORD,OO,11,0,,Delayed
2015,1,4,ORD,OO,5,0,,Delayed
2015,1,4,ORD,OO,38,0,,Delayed
2015,1,4,ORD,OO,48,0,,Delayed
2015,1,4,ORD,OO,63,0,,Delayed
2015,1,4,ORD,OO,6,0,,Delayed
2015,1,4,ORD,OO,28,0,,Delayed
2015,1,4,ORD,OO,104,0,,Delayed
2015,1,4,ORD,OO,28,0,,Delayed
2015,1,4,ORD,OO,4,0,,Delayed
2015,1,4,ORD,OO,21,0,,Delayed
2015,1,5,ORD,OO,8,0,,Delayed
2015,1,5,ORD,OO,27,0,,Delayed
2015,1,5,ORD,OO,51,0,,Delayed
2015,1,5,ORD,OO,22,0,,Delayed
2015,1,5,ORD,OO,36,0,,Delayed
2015,1,5,ORD,OO,34,0,,Delayed
2015,1,5,ORD,OO,6,0,,Delayed
2015,1,5,ORD,OO,14,0,,Delayed
2015,1,5,ORD,OO,72,0,,Delayed
2015,1,5,ORD,OO,1,0,,Delayed
2015,1,5,ORD,OO,7,0,,Delayed
2015,1,5,ORD,OO,22,0,,Delayed
2015,1,5,ORD,OO,12,0,,Delayed
2015,1,5,ORD,OO,33,0,,Delayed
2015,1,5,ORD,OO,41,0,,Delayed
2015,1,5,ORD,OO,11,0,,Delayed
2015,1,5,ORD,OO,38,0,,Delayed
2015,1,5,ORD,OO,4,0,,Delayed
2015,1,5,ORD,OO,29,0,,Delayed
2015,1,5,ORD,OO,26,0,,Delayed
2015,1,5,ORD,OO,1,0,,Delayed
2015,1,5,ORD,OO,143,0,,Delayed
2015,1,5,ORD,OO,11,0,,Delayed
2015,1,5,ORD,OO,53,0,,Delayed
2015,1,5,ORD,OO,59,0,,Delayed
2015,1,5,ORD,OO,1,0,,Delayed
2015,1,5,ORD,OO,38,0,,Delayed
2015,1,5,ORD,OO,130,0,,Delayed
2015,1,5,ORD,OO,1,0,,Delayed
2015,1,5,ORD,OO,46,0,,Delayed
2015,1,5,ORD,OO,7,0,,Delayed
2015,1,5,ORD,OO,21,0,,Delayed
2015,1,5,ORD,OO,7,0,,Delayed
2015,1,5,ORD,OO,13,0,,Delayed
2015,1,5,ORD,OO,11,0,,Delayed
2015,1,5,ORD,OO,67,0,,Delayed
2015,1,4,IAH,OO,16,0,,Delayed
2015,1,4,IAH,OO,55,0,,Delayed
2015,1,4,IAH,OO,4,0,,Delayed
2015,1,4,IAH,OO,8,0,,Delayed
2015,1,4,IAH,OO,31,0,,Delayed
2015,1,4,IAH,OO,64,0,,Delayed
2015,1,4,IAH,OO,3,0,,Delayed
2015,1,4,IAH,OO,310,0,,Delayed
2015,1,4,IAH,OO,11,0,,Delayed
2015,1,4,IAH,OO,30,0,,Delayed
2015,1,4,IAH,OO,96,0,,Delayed
2015,1,4,IAH,OO,8,0,,Delayed
2015,1,4,IAH,OO,2,0,,Delayed
2015,1,4,IAH,OO,85,0,,Delayed
2015,1,4,IAH,OO,9,0,,Delayed
2015,1,4,IAH,OO,58,0,,Delayed
2015,1,4,IAH,OO,21,0,,Delayed
2015,1,4,IAH,OO,24,0,,Delayed
2015,1,4,IAH,OO,80,0,,Delayed
2015,1,4,IAH,OO,9,0,,Delayed
2015,1,4,IAH,OO,24,0,,Delayed
2015,1,4,IAH,OO,3,0,,Delayed
2015,1,4,IAH,OO,78,0,,Delayed
2015,1,4,IAH,OO,23,0,,Delayed
2015,1,4,IAH,OO,60,0,,Delayed
2015,1,4,IAH,OO,96,0,,Delayed
2015,1,4,IAH,OO,8,0,,Delayed
2015,1,4,IAH,OO,6,0,,Delayed
2015,1,4,IAH,OO,12,0,,Delayed
2015,1,4,IAH,OO,82,0,,Delayed
2015,1,4,IAH,OO,11,0,,Delayed
2015,1,4,IAH,OO,16,0,,Delayed
2015,1,4,IAH,OO,7,0,,Delayed
2015,1,5,IAH,OO,60,0,,Delayed
2015,1,5,IAH,OO,32,0,,Delayed
2015,1,5,IAH,OO,42,0,,Delayed
2015,1,5,IAH,OO,10,0,,Delayed
2015,1,5,IAH,OO,4,0,,Delayed
2015,1,5,IAH,OO,16,0,,Delayed
2015,1,5,IAH,OO,54,0,,Delayed
2015,1,5,IAH,OO,68,0,,Delayed
2015,1,5,IAH,OO,24,0,,Delayed
2015,1,5,IAH,OO,16,0,,Delayed
2015,1,5,IAH,OO,9,0,,Delayed
2015,1,5,IAH,OO,11,0,,Delayed
2015,1,5,IAH,OO,41,0,,Delayed
2015,1,5,IAH,OO,52,0,,Delayed
2015,1,5,IAH,OO,19,0,,Delayed
2015,1,5,IAH,OO,56,0,,Delayed
2015,1,5,IAH,OO,27,0,,Delayed
2015,1,5,IAH,OO,7,0,,Delayed
2015,1,5,IAH,OO,1,0,,Delayed
2015,1,5,IAH,OO,3,0,,Delayed
2015,1,5,IAH,OO,98,0,,Delayed
2015,1,5,IAH,OO,130,0,,Delayed
2015,1,5,IAH,OO,2,0,,Delayed
2015,1,5,IAH,OO,50,0,,Delayed
2015,1,5,IAH,OO,78,0,,Delayed
2015,1,5,IAH,OO,85,0,,Delayed
2015,1,5,IAH,OO,79,0,,Delayed
2015,1,5,IAH,OO,39,0,,Delayed
2015,1,5,IAH,OO,194,0,,Delayed
2015,1,5,IAH,OO,10,0,,Delayed
2015,1,5,IAH,OO,39,0,,Delayed
2015,1,5,IAH,OO,48,0,,Delayed
2015,1,5,IAH,OO,69,0,,Delayed
2015,1,4,PHX,OO,16,0,,Delayed
2015,1,4,PHX,OO,6,0,,Delayed
2015,1,4,PHX,OO,1,0,,Delayed
2015,1,4,PHX,OO,24,0,,Delayed
2015,1,4,PHX,OO,6,0,,Delayed
2015,1,4,MSP,OO,170,0,,Delayed
2015,1,4,MSP,OO,9,0,,Delayed
2015,1,4,MSP,OO,35,0,,Delayed
2015,1,4,LAS,OO,9,0,,Delayed
2015,1,4,PHX,OO,48,0,,Delayed
2015,1,4,PHX,OO,10,0,,Delayed
2015,1,4,PHX,OO,98,0,,Delayed
2015,1,4,LAS,OO,27,0,,Delayed
2015,1,4,MSP,OO,3,0,,Delayed
2015,1,4,MSP,OO,22,0,,Delayed
2015,1,4,MSP,OO,37,0,,Delayed
2015,1,4,PHX,OO,4,0,,Delayed
2015,1,4,MSP,OO,38,0,,Delayed
2015,1,4,MSP,OO,8,0,,Delayed
2015,1,4,PHX,OO,73,0,,Delayed
2015,1,4,PHX,OO,41,0,,Delayed
2015,1,4,MSP,OO,23,0,,Delayed
2015,1,4,PHX,OO,11,0,,Delayed
2015,1,4,PHX,OO,91,0,,Delayed
2015,1,4,ATL,OO,105,0,,Delayed
2015,1,4,PHX,OO,1,0,,Delayed
2015,1,4,PHX,OO,17,0,,Delayed
2015,1,4,PHX,OO,2,0,,Delayed
2015,1,4,PHX,OO,8,0,,Delayed
2015,1,4,PHX,OO,38,0,,Delayed
2015,1,4,PHX,OO,25,0,,Delayed
2015,1,5,MSP,OO,9,0,,Delayed
2015,1,5,ATL,OO,12,0,,Delayed
2015,1,5,MSP,OO,1,0,,Delayed
2015,1,5,PHX,OO,64,0,,Delayed
2015,1,5,PHX,OO,57,0,,Delayed
2015,1,5,MSP,OO,2,0,,Delayed
2015,1,5,LAS,OO,1,0,,Delayed
2015,1,5,MSP,OO,2,0,,Delayed
2015,1,5,MSP,OO,8,0,,Delayed
2015,1,5,ATL,OO,43,0,,Delayed
2015,1,5,MSP,OO,3,0,,Delayed
2015,1,5,PHX,OO,55,0,,Delayed
2015,1,5,PHX,OO,4,0,,Delayed
2015,1,5,ATL,OO,29,0,,Delayed
2015,1,5,LAS,OO,43,0,,Delayed
2015,1,5,PHX,OO,16,0,,Delayed
2015,1,5,MSP,OO,11,0,,Delayed
2015,1,5,ATL,OO,57,0,,Delayed
2015,1,5,PHX,OO,39,0,,Delayed
2015,1,5,PHX,OO,96,0,,Delayed
2015,1,5,PHX,OO,6,0,,Delayed
2015,1,5,MSP,OO,15,0,,Delayed
2015,1,5,LAS,OO,8,0,,Delayed
2015,1,5,LAS,OO,4,0,,Delayed
2015,1,5,PHX,OO,13,0,,Delayed
2015,1,5,PHX,OO,44,0,,Delayed
2015,1,5,MSP,OO,23,0,,Delayed
2015,1,5,MSP,OO,1,0,,Delayed
2015,1,5,LAS,OO,98,0,,Delayed
2015,1,5,PHX,OO,4,0,,Delayed
2015,1,5,PHX,OO,10,0,,Delayed
2015,1,5,PHX,OO,11,0,,Delayed
2015,1,5,PHX,OO,36,0,,Delayed
2015,1,5,MSP,OO,16,0,,Delayed
2015,1,5,PHX,OO,10,0,,Delayed
2015,1,5,ATL,OO,34,0,,Delayed
2015,1,5,LAS,OO,6,0,,Delayed
2015,1,5,PHX,OO,10,0,,Delayed
2015,1,5,MSP,OO,107,0,,Delayed
2015,1,5,LAS,OO,31,0,,Delayed
2015,1,5,PHX,OO,64,0,,Delayed
2015,1,5,PHX,OO,19,0,,Delayed
2015,1,5,PHX,OO,161,0,,Delayed
2015,1,5,LAS,OO,50,0,,Delayed
2015,1,5,PHX,OO,5,0,,Delayed
2015,1,4,LAS,DL,3,0,,Delayed
2015,1,4,PHX,DL,148,0,,Delayed
2015,1,4,ORD,DL,2,0,,Delayed
2015,1,4,PHX,DL,124,0,,Delayed
2015,1,4,PHX,DL,106,0,,Delayed
2015,1,4,SFO,DL,1,0,,Delayed
2015,1,4,SFO,DL,1,0,,Delayed
2015,1,4,PHX,DL,54,0,,Delayed
2015,1,4,PHX,DL,74,0,,Delayed
2015,1,4,LAX,DL,1,0,,Delayed
2015,1,4,SFO,DL,171,0,,Delayed
2015,1,4,PHX,DL,20,0,,Delayed
2015,1,4,ORD,DL,2,0,,Delayed
2015,1,4,SFO,DL,86,0,,Delayed
2015,1,4,PHX,DL,43,0,,Delayed
2015,1,4,PHX,DL,22,0,,Delayed
2015,1,4,SFO,DL,6,0,,Delayed
2015,1,4,DEN,DL,9,0,,Delayed
2015,1,4,LAS,DL,15,0,,Delayed
2015,1,4,DEN,DL,10,0,,Delayed
2015,1,4,DEN,DL,2,0,,Delayed
2015,1,4,ORD,DL,20,0,,Delayed
2015,1,4,PHX,DL,6,0,,Delayed
2015,1,4,SFO,DL,243,0,,Delayed
2015,1,4,LAS,DL,1,0,,Delayed
2015,1,4,PHX,DL,1,0,,Delayed
2015,1,4,DEN,DL,4,0,,Delayed
2015,1,4,LAX,DL,24,0,,Delayed
2015,1,4,ORD,DL,4,0,,Delayed
2015,1,4,LAX,DL,6,0,,Delayed
2015,1,4,ORD,DL,18,0,,Delayed
2015,1,4,LAX,DL,5,0,,Delayed
2015,1,4,LAX,DL,7,0,,Delayed
2015,1,4,ORD,DL,1,0,,Delayed
2015,1,4,LAX,DL,9,0,,Delayed
2015,1,4,LAS,DL,8,0,,Delayed
2015,1,4,LAX,DL,6,0,,Delayed
2015,1,4,DEN,DL,9,0,,Delayed
2015,1,4,IAH,DL,2,0,,Delayed
2015,1,4,LAX,DL,8,0,,Delayed
2015,1,4,LAX,DL,11,0,,Delayed
2015,1,4,IAH,DL,22,0,,Delayed
2015,1,4,LAX,DL,47,0,,Delayed
2015,1,4,LAX,DL,1,0,,Delayed
2015,1,4,IAH,DL,99,0,,Delayed
2015,1,4,LAX,DL,2,0,,Delayed
2015,1,5,LAX,DL,24,0,,Delayed
2015,1,5,DEN,DL,8,0,,Delayed
2015,1,5,ORD,DL,1,0,,Delayed
2015,1,5,PHX,DL,104,0,,Delayed
2015,1,5,SFO,DL,41,0,,Delayed
2015,1,5,SFO,DL,10,0,,Delayed
2015,1,5,LAX,DL,35,0,,Delayed
2015,1,5,LAS,DL,4,0,,Delayed
2015,1,5,PHX,DL,60,0,,Delayed
2015,1,5,DEN,DL,10,0,,Delayed
2015,1,5,LAX,DL,9,0,,Delayed
2015,1,5,LAX,DL,11,0,,Delayed
2015,1,5,SFO,DL,2,0,,Delayed
2015,1,5,SFO,DL,4,0,,Delayed
2015,1,5,PHX,DL,56,0,,Delayed
2015,1,5,DEN,DL,17,0,,Delayed
2015,1,5,LAX,DL,6,0,,Delayed
2015,1,5,ORD,DL,1,0,,Delayed
2015,1,5,SFO,DL,2,0,,Delayed
2015,1,5,LAX,DL,4,0,,Delayed
2015,1,5,LAX,DL,16,0,,Delayed
2015,1,5,LAX,DL,42,0,,Delayed
2015,1,5,DEN,DL,8,0,,Delayed
2015,1,5,LAX,DL,27,0,,Delayed
2015,1,5,LAX,DL,10,0,,Delayed
2015,1,5,LAS,DL,147,0,,Delayed
2015,1,5,IAH,DL,6,0,,Delayed
2015,1,5,ORD,DL,15,0,,Delayed
2015,1,5,LAX,DL,40,0,,Delayed
2015,1,5,LAX,DL,47,0,,Delayed
2015,1,5,LAS,DL,4,0,,Delayed
2015,1,5,DEN,DL,2,0,,Delayed
2015,1,5,DEN,DL,21,0,,Delayed
2015,1,5,LAX,DL,23,0,,Delayed
2015,1,5,DEN,DL,61,0,,Delayed
2015,1,5,LAX,DL,8,0,,Delayed
2015,1,5,LAX,DL,29,0,,Delayed
2015,1,5,DEN,DL,18,0,,Delayed
2015,1,5,SFO,DL,6,0,,Delayed
2015,1,5,LAX,DL,2,0,,Delayed
2015,1,5,LAS,DL,15,0,,Delayed
2015,1,5,LAX,DL,12,0,,Delayed
2015,1,5,LAX,DL,31,0,,Delayed
2015,1,5,DEN,DL,19,0,,Delayed
2015,1,5,LAX,DL,4,0,,Delayed
2015,1,5,LAX,DL,1,0,,Delayed
2015,1,5,LAX,DL,1,0,,Delayed
2015,1,5,LAX,DL,26,0,,Delayed
2015,1,5,DEN,DL,39,0,,Delayed
2015,1,5,DEN,DL,19,0,,Delayed
2015,1,5,LAS,DL,4,0,,Delayed
2015,1,5,LAS,DL,7,0,,Delayed
2015,1,5,ORD,DL,12,0,,Delayed
2015,1,5,LAS,DL,10,0,,Delayed
2015,1,5,PHX,DL,10,0,,Delayed
2015,1,5,DEN,DL,38,0,,Delayed
2015,1,5,LAS,DL,1,0,,Delayed
2015,1,5,ORD,DL,3,0,,Delayed
2015,1,5,LAX,DL,8,0,,Delayed
2015,1,5,LAX,DL,7,0,,Delayed
2015,1,5,DEN,DL,10,0,,Delayed
2015,1,5,IAH,DL,1,0,,Delayed
2015,1,5,LAS,DL,3,0,,Delayed
2015,1,5,DEN,DL,72,0,,Delayed
2015,1,5,DEN,DL,66,0,,Delayed
2015,1,5,LAX,DL,19,0,,Delayed
2015,1,5,ORD,DL,2,0,,Delayed
2015,1,5,SFO,DL,134,0,,Delayed
2015,1,5,IAH,DL,1,0,,Delayed
2015,1,5,LAX,DL,90,0,,Delayed
2015,1,5,ORD,DL,13,0,,Delayed
2015,1,5,LAS,DL,5,0,,Delayed
2015,1,5,DEN,DL,18,0,,Delayed
2015,1,5,PHX,DL,11,0,,Delayed
2015,1,5,LAX,DL,166,0,,Delayed
2015,1,5,DEN,DL,26,0,,Delayed
2015,1,5,IAH,DL,8,0,,Delayed
2015,1,5,LAX,DL,2,0,,Delayed
2015,1,5,IAH,DL,15,0,,Delayed
2015,1,4,MSP,DL,4,0,,Delayed
2015,1,4,MSP,DL,9,0,,Delayed
2015,1,4,MSP,DL,28,0,,Delayed
2015,1,4,MSP,DL,12,0,,Delayed
2015,1,4,MSP,DL,8,0,,Delayed
2015,1,4,MSP,DL,1,0,,Delayed
2015,1,4,MSP,DL,1,0,,Delayed
2015,1,4,MSP,DL,8,0,,Delayed
2015,1,4,MSP,DL,2,0,,Delayed
2015,1,4,MSP,DL,9,0,,Delayed
2015,1,4,MSP,DL,30,0,,Delayed
2015,1,4,MSP,DL,2,0,,Delayed
2015,1,4,MSP,DL,16,0,,Delayed
2015,1,4,MSP,DL,7,0,,Delayed
2015,1,4,MSP,DL,10,0,,Delayed
2015,1,4,MSP,DL,2,0,,Delayed
2015,1,4,MSP,DL,59,0,,Delayed
2015,1,4,MSP,DL,22,0,,Delayed
2015,1,4,MSP,DL,8,0,,Delayed
2015,1,4,MSP,DL,52,0,,Delayed
2015,1,4,MSP,DL,8,0,,Delayed
2015,1,4,MSP,DL,8,0,,Delayed
2015,1,4,MSP,DL,16,0,,Delayed
2015,1,4,MSP,DL,8,0,,Delayed
2015,1,4,MSP,DL,1,0,,Delayed
2015,1,4,MSP,DL,6,0,,Delayed
2015,1,4,MSP,DL,14,0,,Delayed
2015,1,4,MSP,DL,21,0,,Delayed
2015,1,4,MSP,DL,10,0,,Delayed
2015,1,4,MSP,DL,2,0,,Delayed
2015,1,4,MSP,DL,106,0,,Delayed
2015,1,4,MSP,DL,3,0,,Delayed
2015,1,4,MSP,DL,6,0,,Delayed
2015,1,4,MSP,DL,6,0,,Delayed
2015,1,4,MSP,DL,3,0,,Delayed
2015,1,4,MSP,DL,16,0,,Delayed
2015,1,4,MSP,DL,1,0,,Delayed
2015,1,5,MSP,DL,38,0,,Delayed
2015,1,5,MSP,DL,4,0,,Delayed
2015,1,5,MSP,DL,9,0,,Delayed
2015,1,5,MSP,DL,19,0,,Delayed
2015,1,5,MSP,DL,8,0,,Delayed
2015,1,5,MSP,DL,9,0,,Delayed
2015,1,5,MSP,DL,3,0,,Delayed
2015,1,5,MSP,DL,8,0,,Delayed
2015,1,5,MSP,DL,7,0,,Delayed
2015,1,5,MSP,DL,15,0,,Delayed
2015,1,5,MSP,DL,3,0,,Delayed
2015,1,5,MSP,DL,10,0,,Delayed
2015,1,5,MSP,DL,24,0,,Delayed
2015,1,5,MSP,DL,25,0,,Delayed
2015,1,5,MSP,DL,1,0,,Delayed
2015,1,5,MSP,DL,9,0,,Delayed
2015,1,5,MSP,DL,57,0,,Delayed
2015,1,5,MSP,DL,6,0,,Delayed
2015,1,5,MSP,DL,11,0,,Delayed
2015,1,5,MSP,DL,90,0,,Delayed
2015,1,5,MSP,DL,161,0,,Delayed
2015,1,5,MSP,DL,14,0,,Delayed
2015,1,5,MSP,DL,7,0,,Delayed
2015,1,5,MSP,DL,1,0,,Delayed
2015,1,5,MSP,DL,6,0,,Delayed
2015,1,5,MSP,DL,1,0,,Delayed
2015,1,5,MSP,DL,32,0,,Delayed
2015,1,5,MSP,DL,20,0,,Delayed
2015,1,5,MSP,DL,17,0,,Delayed
2015,1,5,MSP,DL,4,0,,Delayed
2015,1,5,MSP,DL,90,0,,Delayed
2015,1,5,MSP,DL,10,0,,Delayed
2015,1,5,MSP,DL,36,0,,Delayed
2015,1,5,MSP,DL,1,0,,Delayed
2015,1,5,MSP,DL,64,0,,Delayed
2015,1,5,MSP,DL,220,0,,Delayed
2015,1,5,MSP,DL,2,0,,Delayed
2015,1,5,MSP,DL,2,0,,Delayed
2015,1,5,MSP,DL,4,0,,Delayed
2015,1,5,MSP,DL,22,0,,Delayed
2015,1,5,MSP,DL,9,0,,Delayed
2015,1,5,MSP,DL,27,0,,Delayed
2015,1,5,MSP,DL,13,0,,Delayed
2015,1,5,MSP,DL,4,0,,Delayed
2015,1,5,MSP,DL,4,0,,Delayed
2015,1,5,MSP,DL,29,0,,Delayed
2015,1,5,MSP,DL,11,0,,Delayed
2015,1,5,MSP,DL,14,0,,Delayed
2015,1,5,MSP,DL,4,0,,Delayed
2015,1,5,MSP,DL,10,0,,Delayed
2015,1,5,MSP,DL,28,0,,Delayed
2015,1,5,MSP,DL,10,0,,Delayed
2015,1,4,ATL,DL,10,0,,Delayed
2015,1,4,ATL,DL,15,0,,Delayed
2015,1,4,ATL,DL,17,0,,Delayed
2015,1,4,ATL,DL,21,0,,Delayed
2015,1,4,ATL,DL,17,0,,Delayed
2015,1,4,ATL,DL,5,0,,Delayed
2015,1,4,ATL,DL,1,0,,Delayed
2015,1,4,ATL,DL,3,0,,Delayed
2015,1,4,ATL,DL,4,0,,Delayed
2015,1,4,ATL,DL,1,0,,Delayed
2015,1,4,ATL,DL,7,0,,Delayed
2015,1,4,ATL,DL,23,0,,Delayed
2015,1,4,ATL,DL,3,0,,Delayed
2015,1,4,ATL,DL,1,0,,Delayed
2015,1,4,ATL,DL,3,0,,Delayed
2015,1,4,ATL,DL,13,0,,Delayed
2015,1,4,ATL,DL,8,0,,Delayed
2015,1,4,ATL,DL,37,0,,Delayed
2015,1,4,ATL,DL,5,0,,Delayed
2015,1,4,ATL,DL,1,0,,Delayed
2015,1,4,ATL,DL,3,0,,Delayed
2015,1,4,ATL,DL,1,0,,Delayed
2015,1,4,ATL,DL,12,0,,Delayed
2015,1,4,ATL,DL,61,0,,Delayed
2015,1,4,ATL,DL,8,0,,Delayed
2015,1,4,ATL,DL,9,0,,Delayed
2015,1,4,ATL,DL,19,0,,Delayed
2015,1,4,ATL,DL,9,0,,Delayed
2015,1,4,ATL,DL,4,0,,Delayed
2015,1,4,ATL,DL,10,0,,Delayed
2015,1,4,ATL,DL,18,0,,Delayed
2015,1,4,ATL,DL,31,0,,Delayed
2015,1,4,ATL,DL,33,0,,Delayed
2015,1,4,ATL,DL,61,0,,Delayed
2015,1,4,ATL,DL,6,0,,Delayed
2015,1,4,ATL,DL,4,0,,Delayed
2015,1,4,ATL,DL,3,0,,Delayed
2015,1,4,ATL,DL,3,0,,Delayed
2015,1,4,ATL,DL,22,0,,Delayed
2015,1,4,ATL,DL,5,0,,Delayed
2015,1,4,ATL,DL,3,0,,Delayed
2015,1,4,ATL,DL,7,0,,Delayed
2015,1,4,ATL,DL,7,0,,Delayed
2015,1,4,ATL,DL,44,0,,Delayed
2015,1,4,ATL,DL,27,0,,Delayed
2015,1,4,ATL,DL,24,0,,Delayed
2015,1,4,ATL,DL,26,0,,Delayed
2015,1,4,ATL,DL,101,0,,Delayed
2015,1,4,ATL,DL,79,0,,Delayed
2015,1,4,ATL,DL,9,0,,Delayed
2015,1,4,ATL,DL,31,0,,Delayed
2015,1,4,ATL,DL,8,0,,Delayed
2015,1,4,ATL,DL,10,0,,Delayed
2015,1,4,ATL,DL,19,0,,Delayed
2015,1,4,ATL,DL,3,0,,Delayed
2015,1,4,ATL,DL,10,0,,Delayed
2015,1,4,ATL,DL,8,0,,Delayed
2015,1,4,ATL,DL,47,0,,Delayed
2015,1,4,ATL,DL,1,0,,Delayed
2015,1,4,ATL,DL,32,0,,Delayed
2015,1,4,ATL,DL,29,0,,Delayed
2015,1,4,ATL,DL,1,0,,Delayed
2015,1,4,ATL,DL,133,0,,Delayed
2015,1,4,ATL,DL,49,0,,Delayed
2015,1,4,ATL,DL,21,0,,Delayed
2015,1,4,ATL,DL,2,0,,Delayed
2015,1,4,ATL,DL,8,0,,Delayed
2015,1,4,ATL,DL,2,0,,Delayed
2015,1,4,ATL,DL,10,0,,Delayed
2015,1,4,ATL,DL,19,0,,Delayed
2015,1,4,ATL,DL,5,0,,Delayed
2015,1,4,ATL,DL,7,0,,Delayed
2015,1,4,ATL,DL,11,0,,Delayed
2015,1,4,ATL,DL,5,0,,Delayed
2015,1,4,ATL,DL,21,0,,Delayed
2015,1,4,ATL,DL,18,0,,Delayed
2015,1,4,ATL,DL,10,0,,Delayed
2015,1,4,ATL,DL,1,0,,Delayed
2015,1,4,ATL,DL,10,0,,Delayed
2015,1,4,ATL,DL,33,0,,Delayed
2015,1,4,ATL,DL,14,0,,Delayed
2015,1,4,ATL,DL,1,0,,Delayed
2015,1,4,ATL,DL,11,0,,Delayed
2015,1,4,ATL,DL,14,0,,Delayed
2015,1,4,ATL,DL,3,0,,Delayed
2015,1,4,ATL,DL,29,0,,Delayed
2015,1,4,ATL,DL,10,0,,Delayed
2015,1,4,ATL,DL,10,0,,Delayed
2015,1,4,ATL,DL,7,0,,Delayed
2015,1,4,ATL,DL,13,0,,Delayed
2015,1,4,ATL,DL,1,0,,Delayed
2015,1,4,ATL,DL,13,0,,Delayed
2015,1,4,ATL,DL,6,0,,Delayed
2015,1,4,ATL,DL,2,0,,Delayed
2015,1,4,ATL,DL,3,0,,Delayed
2015,1,4,ATL,DL,2,0,,Delayed
2015,1,5,ATL,DL,1,0,,Delayed
2015,1,5,ATL,DL,1,0,,Delayed
2015,1,5,ATL,DL,1,0,,Delayed
2015,1,5,ATL,DL,22,0,,Delayed
2015,1,5,ATL,DL,1,0,,Delayed
2015,1,5,ATL,DL,1,0,,Delayed
2015,1,5,ATL,DL,32,0,,Delayed
2015,1,5,ATL,DL,4,0,,Delayed
2015,1,5,ATL,DL,2,0,,Delayed
2015,1,5,ATL,DL,3,0,,Delayed
2015,1,5,ATL,DL,23,0,,Delayed
2015,1,5,ATL,DL,8,0,,Delayed
2015,1,5,ATL,DL,55,0,,Delayed
2015,1,5,ATL,DL,20,0,,Delayed
2015,1,5,ATL,DL,5,0,,Delayed
2015,1,5,ATL,DL,9,0,,Delayed
2015,1,5,ATL,DL,27,0,,Delayed
2015,1,5,ATL,DL,45,0,,Delayed
2015,1,5,ATL,DL,14,0,,Delayed
2015,1,5,ATL,DL,11,0,,Delayed
2015,1,5,ATL,DL,10,0,,Delayed
2015,1,5,ATL,DL,9,0,,Delayed
2015,1,5,ATL,DL,7,0,,Delayed
2015,1,5,ATL,DL,7,0,,Delayed
2015,1,5,ATL,DL,3,0,,Delayed
2015,1,5,ATL,DL,6,0,,Delayed
2015,1,5,ATL,DL,27,0,,Delayed
2015,1,5,ATL,DL,13,0,,Delayed
2015,1,5,ATL,DL,7,0,,Delayed
2015,1,5,ATL,DL,10,0,,Delayed
2015,1,5,ATL,DL,1,0,,Delayed
2015,1,5,ATL,DL,5,0,,Delayed
2015,1,5,ATL,DL,2,0,,Delayed
2015,1,5,ATL,DL,6,0,,Delayed
2015,1,5,ATL,DL,2,0,,Delayed
2015,1,5,ATL,DL,14,0,,Delayed
2015,1,5,ATL,DL,6,0,,Delayed
2015,1,5,ATL,DL,4,0,,Delayed
2015,1,5,ATL,DL,2,0,,Delayed
2015,1,5,ATL,DL,5,0,,Delayed
2015,1,5,ATL,DL,29,0,,Delayed
2015,1,5,ATL,DL,28,0,,Delayed
2015,1,5,ATL,DL,3,0,,Delayed
2015,1,5,ATL,DL,5,0,,Delayed
2015,1,5,ATL,DL,4,0,,Delayed
2015,1,5,ATL,DL,18,0,,Delayed
2015,1,5,ATL,DL,2,0,,Delayed
2015,1,5,ATL,DL,23,0,,Delayed
2015,1,5,ATL,DL,1,0,,Delayed
2015,1,5,ATL,DL,29,0,,Delayed
2015,1,5,ATL,DL,5,0,,Delayed
2015,1,5,ATL,DL,1,0,,Delayed
2015,1,5,ATL,DL,3,0,,Delayed
2015,1,5,ATL,DL,35,0,,Delayed
2015,1,5,ATL,DL,54,0,,Delayed
2015,1,5,ATL,DL,23,0,,Delayed
2015,1,5,ATL,DL,23,0,,Delayed
2015,1,5,ATL,DL,6,0,,Delayed
2015,1,5,ATL,DL,2,0,,Delayed
2015,1,5,ATL,DL,12,0,,Delayed
2015,1,5,ATL,DL,9,0,,Delayed
2015,1,5,ATL,DL,5,0,,Delayed
2015,1,5,ATL,DL,3,0,,Delayed
2015,1,5,ATL,DL,25,0,,Delayed
2015,1,5,ATL,DL,16,0,,Delayed
2015,1,5,ATL,DL,36,0,,Delayed
2015,1,5,ATL,DL,3,0,,Delayed
2015,1,5,ATL,DL,3,0,,Delayed
2015,1,5,ATL,DL,6,0,,Delayed
2015,1,5,ATL,DL,6,0,,Delayed
2015,1,5,ATL,DL,31,0,,Delayed
2015,1,5,ATL,DL,1,0,,Delayed
2015,1,5,ATL,DL,43,0,,Delayed
2015,1,5,ATL,DL,25,0,,Delayed
2015,1,5,ATL,DL,7,0,,Delayed
2015,1,5,ATL,DL,14,0,,Delayed
2015,1,5,ATL,DL,15,0,,Delayed
2015,1,5,ATL,DL,2,0,,Delayed
2015,1,5,ATL,DL,1,0,,Delayed
2015,1,5,ATL,DL,8,0,,Delayed
2015,1,5,ATL,DL,1,0,,Delayed
2015,1,5,ATL,DL,13,0,,Delayed
2015,1,5,ATL,DL,4,0,,Delayed
2015,1,5,ATL,DL,2,0,,Delayed
2015,1,5,ATL,DL,31,0,,Delayed
2015,1,5,ATL,DL,155,0,,Delayed
2015,1,5,ATL,DL,14,0,,Delayed
2015,1,5,ATL,DL,1,0,,Delayed
2015,1,5,ATL,DL,61,0,,Delayed
2015,1,5,ATL,DL,24,0,,Delayed
2015,1,5,ATL,DL,22,0,,Delayed
2015,1,5,ATL,DL,26,0,,Delayed
2015,1,5,ATL,DL,25,0,,Delayed
2015,1,5,ATL,DL,5,0,,Delayed
2015,1,5,ATL,DL,5,0,,Delayed
2015,1,5,ATL,DL,2,0,,Delayed
2015,1,5,ATL,DL,8,0,,Delayed
2015,1,5,ATL,DL,14,0,,Delayed
2015,1,5,ATL,DL,7,0,,Delayed
2015,1,5,ATL,DL,9,0,,Delayed
2015,1,5,ATL,DL,2,0,,Delayed
2015,1,5,ATL,DL,10,0,,Delayed
2015,1,5,ATL,DL,17,0,,Delayed
2015,1,5,ATL,DL,6,0,,Delayed
2015,1,5,ATL,DL,17,0,,Delayed
2015,1,5,ATL,DL,10,0,,Delayed
2015,1,5,ATL,DL,26,0,,Delayed
2015,1,5,ATL,DL,19,0,,Delayed
2015,1,5,ATL,DL,8,0,,Delayed
2015,1,5,ATL,DL,2,0,,Delayed
2015,1,5,ATL,DL,37,0,,Delayed
2015,1,5,ATL,DL,1,0,,Delayed
2015,1,5,ATL,DL,23,0,,Delayed
2015,1,5,ATL,DL,19,0,,Delayed
2015,1,5,ATL,DL,20,0,,Delayed
2015,1,5,ATL,DL,67,0,,Delayed
2015,1,5,ATL,DL,2,0,,Delayed
2015,1,5,ATL,DL,26,0,,Delayed
2015,1,5,ATL,DL,10,0,,Delayed
2015,1,5,ATL,DL,43,0,,Delayed
2015,1,5,ATL,DL,5,0,,Delayed
2015,1,5,ATL,DL,1,0,,Delayed
2015,1,5,ATL,DL,10,0,,Delayed
2015,1,5,ATL,DL,6,0,,Delayed
2015,1,5,ATL,DL,1,0,,Delayed
2015,1,5,ATL,DL,9,0,,Delayed
2015,1,5,ATL,DL,13,0,,Delayed
2015,1,5,ATL,DL,19,0,,Delayed
2015,1,5,ATL,DL,22,0,,Delayed
2015,1,5,ATL,DL,22,0,,Delayed
2015,1,5,ATL,DL,24,0,,Delayed
2015,1,5,ATL,DL,20,0,,Delayed
2015,1,5,ATL,DL,6,0,,Delayed
2015,1,5,ATL,DL,2,0,,Delayed
2015,1,5,ATL,DL,14,0,,Delayed
2015,1,5,ATL,DL,16,0,,Delayed
2015,1,5,ATL,DL,2,0,,Delayed
2015,1,5,ATL,DL,7,0,,Delayed
2015,1,5,ATL,DL,2,0,,Delayed
2015,1,5,ATL,DL,3,0,,Delayed
2015,1,5,ATL,DL,13,0,,Delayed
2015,1,5,ATL,DL,27,0,,Delayed
2015,1,5,ATL,DL,6,0,,Delayed
2015,1,5,ATL,DL,14,0,,Delayed
2015,1,5,ATL,DL,12,0,,Delayed
2015,1,5,ATL,DL,27,0,,Delayed
2015,1,5,ATL,DL,18,0,,Delayed
2015,1,5,ATL,DL,1,0,,Delayed
2015,1,5,ATL,DL,8,0,,Delayed
2015,1,5,ATL,DL,24,0,,Delayed
2015,1,5,ATL,DL,7,0,,Delayed
2015,1,5,ATL,DL,18,0,,Delayed
2015,1,5,ATL,DL,5,0,,Delayed
2015,1,5,ATL,DL,12,0,,Delayed
2015,1,4,IAH,EV,5,0,,Delayed
2015,1,4,IAH,EV,1,0,,Delayed
2015,1,4,IAH,EV,3,0,,Delayed
2015,1,4,IAH,EV,10,0,,Delayed
2015,1,4,IAH,EV,1,0,,Delayed
2015,1,4,IAH,EV,8,0,,Delayed
2015,1,4,IAH,EV,41,0,,Delayed
2015,1,4,IAH,EV,5,0,,Delayed
2015,1,4,IAH,EV,1,0,,Delayed
2015,1,4,IAH,EV,5,0,,Delayed
2015,1,4,IAH,EV,25,0,,Delayed
2015,1,4,IAH,EV,2,0,,Delayed
2015,1,4,IAH,EV,2,0,,Delayed
2015,1,4,IAH,EV,4,0,,Delayed
2015,1,4,IAH,EV,21,0,,Delayed
2015,1,4,IAH,EV,11,0,,Delayed
2015,1,4,IAH,EV,9,0,,Delayed
2015,1,4,IAH,EV,3,0,,Delayed
2015,1,4,IAH,EV,2,0,,Delayed
2015,1,4,IAH,EV,27,0,,Delayed
2015,1,4,IAH,EV,38,0,,Delayed
2015,1,4,IAH,EV,5,0,,Delayed
2015,1,4,IAH,EV,18,0,,Delayed
2015,1,4,IAH,EV,4,0,,Delayed
2015,1,4,IAH,EV,38,0,,Delayed
2015,1,4,IAH,EV,10,0,,Delayed
2015,1,4,IAH,EV,6,0,,Delayed
2015,1,4,IAH,EV,121,0,,Delayed
2015,1,4,IAH,EV,23,0,,Delayed
2015,1,4,IAH,EV,3,0,,Delayed
2015,1,4,IAH,EV,1,0,,Delayed
2015,1,4,IAH,EV,18,0,,Delayed
2015,1,4,IAH,EV,9,0,,Delayed
2015,1,4,IAH,EV,67,0,,Delayed
2015,1,4,IAH,EV,3,0,,Delayed
2015,1,4,IAH,EV,14,0,,Delayed
2015,1,4,IAH,EV,6,0,,Delayed
2015,1,4,IAH,EV,45,0,,Delayed
2015,1,4,IAH,EV,7,0,,Delayed
2015,1,4,IAH,EV,7,0,,Delayed
2015,1,4,IAH,EV,102,0,,Delayed
2015,1,4,IAH,EV,82,0,,Delayed
2015,1,4,IAH,EV,15,0,,Delayed
2015,1,4,IAH,EV,20,0,,Delayed
2015,1,4,IAH,EV,11,0,,Delayed
2015,1,4,IAH,EV,9,0,,Delayed
2015,1,4,IAH,EV,14,0,,Delayed
2015,1,4,IAH,EV,18,0,,Delayed
2015,1,4,IAH,EV,1,0,,Delayed
2015,1,4,IAH,EV,6,0,,Delayed
2015,1,4,IAH,EV,23,0,,Delayed
2015,1,4,IAH,EV,8,0,,Delayed
2015,1,4,IAH,EV,56,0,,Delayed
2015,1,4,IAH,EV,3,0,,Delayed
2015,1,4,IAH,EV,14,0,,Delayed
2015,1,4,IAH,EV,23,0,,Delayed
2015,1,4,IAH,EV,47,0,,Delayed
2015,1,4,IAH,EV,52,0,,Delayed
2015,1,4,IAH,EV,3,0,,Delayed
2015,1,4,IAH,EV,12,0,,Delayed
2015,1,4,IAH,EV,1,0,,Delayed
2015,1,4,IAH,EV,11,0,,Delayed
2015,1,4,IAH,EV,2,0,,Delayed
2015,1,4,IAH,EV,37,0,,Delayed
2015,1,5,IAH,EV,3,0,,Delayed
2015,1,5,IAH,EV,3,0,,Delayed
2015,1,5,IAH,EV,5,0,,Delayed
2015,1,5,IAH,EV,81,0,,Delayed
2015,1,5,IAH,EV,2,0,,Delayed
2015,1,5,IAH,EV,4,0,,Delayed
2015,1,5,IAH,EV,7,0,,Delayed
2015,1,5,IAH,EV,7,0,,Delayed
2015,1,5,IAH,EV,15,0,,Delayed
2015,1,5,IAH,EV,4,0,,Delayed
2015,1,5,IAH,EV,4,0,,Delayed
2015,1,5,IAH,EV,6,0,,Delayed
2015,1,5,IAH,EV,1,0,,Delayed
2015,1,5,IAH,EV,10,0,,Delayed
2015,1,5,IAH,EV,18,0,,Delayed
2015,1,5,IAH,EV,22,0,,Delayed
2015,1,5,IAH,EV,22,0,,Delayed
2015,1,5,IAH,EV,4,0,,Delayed
2015,1,5,IAH,EV,1,0,,Delayed
2015,1,5,IAH,EV,3,0,,Delayed
2015,1,5,IAH,EV,2,0,,Delayed
2015,1,5,IAH,EV,19,0,,Delayed
2015,1,5,IAH,EV,51,0,,Delayed
2015,1,5,IAH,EV,61,0,,Delayed
2015,1,5,IAH,EV,19,0,,Delayed
2015,1,5,IAH,EV,14,0,,Delayed
2015,1,5,IAH,EV,60,0,,Delayed
2015,1,5,IAH,EV,36,0,,Delayed
2015,1,5,IAH,EV,24,0,,Delayed
2015,1,5,IAH,EV,4,0,,Delayed
2015,1,5,IAH,EV,10,0,,Delayed
2015,1,5,IAH,EV,3,0,,Delayed
2015,1,5,IAH,EV,6,0,,Delayed
2015,1,5,IAH,EV,1,0,,Delayed
2015,1,5,IAH,EV,6,0,,Delayed
2015,1,5,IAH,EV,5,0,,Delayed
2015,1,5,IAH,EV,6,0,,Delayed
2015,1,5,IAH,EV,14,0,,Delayed
2015,1,5,IAH,EV,3,0,,Delayed
2015,1,5,IAH,EV,3,0,,Delayed
2015,1,5,IAH,EV,5,0,,Delayed
2015,1,5,IAH,EV,29,0,,Delayed
2015,1,5,IAH,EV,17,0,,Delayed
2015,1,5,IAH,EV,33,0,,Delayed
2015,1,5,IAH,EV,23,0,,Delayed
2015,1,5,IAH,EV,74,0,,Delayed
2015,1,5,IAH,EV,41,0,,Delayed
2015,1,5,IAH,EV,2,0,,Delayed
2015,1,5,IAH,EV,17,0,,Delayed
2015,1,5,IAH,EV,28,0,,Delayed
2015,1,5,IAH,EV,25,0,,Delayed
2015,1,5,IAH,EV,29,0,,Delayed
2015,1,5,IAH,EV,15,0,,Delayed
2015,1,5,IAH,EV,3,0,,Delayed
2015,1,5,IAH,EV,4,0,,Delayed
2015,1,5,IAH,EV,152,0,,Delayed
2015,1,5,IAH,EV,8,0,,Delayed
2015,1,5,IAH,EV,8,0,,Delayed
2015,1,5,IAH,EV,8,0,,Delayed
2015,1,5,IAH,EV,7,0,,Delayed
2015,1,5,IAH,EV,9,0,,Delayed
2015,1,5,IAH,EV,3,0,,Delayed
2015,1,5,IAH,EV,12,0,,Delayed
2015,1,5,IAH,EV,56,0,,Delayed
2015,1,5,IAH,EV,40,0,,Delayed
2015,1,5,IAH,EV,1,0,,Delayed
2015,1,5,IAH,EV,6,0,,Delayed
2015,1,5,IAH,EV,19,0,,Delayed
2015,1,5,IAH,EV,1,0,,Delayed
2015,1,5,IAH,EV,6,0,,Delayed
2015,1,5,IAH,EV,55,0,,Delayed
2015,1,5,IAH,EV,7,0,,Delayed
2015,1,5,IAH,EV,3,0,,Delayed
2015,1,5,IAH,EV,28,0,,Delayed
2015,1,5,IAH,EV,88,0,,Delayed
2015,1,5,IAH,EV,3,0,,Delayed
2015,1,5,IAH,EV,17,0,,Delayed
2015,1,5,IAH,EV,41,0,,Delayed
2015,1,5,IAH,EV,5,0,,Delayed
2015,1,5,IAH,EV,18,0,,Delayed
2015,1,4,ATL,EV,16,0,,Delayed
2015,1,4,ATL,EV,27,0,,Delayed
2015,1,4,ATL,EV,13,0,,Delayed
2015,1,4,ATL,EV,1,0,,Delayed
2015,1,4,ATL,EV,18,0,,Delayed
2015,1,4,ATL,EV,75,0,,Delayed
2015,1,4,ATL,EV,3,0,,Delayed
2015,1,4,ATL,EV,2,0,,Delayed
2015,1,4,ATL,EV,28,0,,Delayed
2015,1,4,ATL,EV,10,0,,Delayed
2015,1,4,ATL,EV,12,0,,Delayed
2015,1,4,ATL,EV,6,0,,Delayed
2015,1,4,ATL,EV,2,0,,Delayed
2015,1,4,ATL,EV,10,0,,Delayed
2015,1,4,ATL,EV,2,0,,Delayed
2015,1,4,ATL,EV,47,0,,Delayed
2015,1,4,ATL,EV,1,0,,Delayed
2015,1,4,ATL,EV,54,0,,Delayed
2015,1,4,ATL,EV,3,0,,Delayed
2015,1,5,ATL,EV,6,0,,Delayed
2015,1,5,ATL,EV,95,0,,Delayed
2015,1,5,ATL,EV,30,0,,Delayed
2015,1,5,ATL,EV,9,0,,Delayed
2015,1,5,ATL,EV,7,0,,Delayed
2015,1,5,ATL,EV,73,0,,Delayed
2015,1,5,ATL,EV,1,0,,Delayed
2015,1,5,ATL,EV,2,0,,Delayed
2015,1,5,ATL,EV,30,0,,Delayed
2015,1,5,ATL,EV,4,0,,Delayed
2015,1,5,ATL,EV,16,0,,Delayed
2015,1,5,ATL,EV,35,0,,Delayed
2015,1,5,ATL,EV,21,0,,Delayed
2015,1,5,ATL,EV,11,0,,Delayed
2015,1,5,ATL,EV,4,0,,Delayed
2015,1,5,ATL,EV,12,0,,Delayed
2015,1,5,ATL,EV,43,0,,Delayed
2015,1,5,ATL,EV,21,0,,Delayed
2015,1,5,ATL,EV,1,0,,Delayed
2015,1,5,ATL,EV,7,0,,Delayed
2015,1,5,ATL,EV,49,0,,Delayed
2015,1,5,ATL,EV,14,0,,Delayed
2015,1,5,ATL,EV,9,0,,Delayed
2015,1,5,ATL,EV,4,0,,Delayed
2015,1,5,ATL,EV,58,0,,Delayed
2015,1,5,ATL,EV,77,0,,Delayed
2015,1,5,ATL,EV,40,0,,Delayed
2015,1,5,ATL,EV,3,0,,Delayed
2015,1,5,ATL,EV,1,0,,Delayed
2015,1,5,ATL,EV,26,0,,Delayed
2015,1,5,ATL,EV,12,0,,Delayed
2015,1,5,ATL,EV,39,0,,Delayed
2015,1,5,ATL,EV,1,0,,Delayed
2015,1,5,ATL,EV,12,0,,Delayed
2015,1,5,ATL,EV,4,0,,Delayed
2015,1,5,ATL,EV,11,0,,Delayed
2015,1,5,ATL,EV,17,0,,Delayed
2015,1,5,ATL,EV,51,0,,Delayed
2015,1,5,ATL,EV,71,0,,Delayed
2015,1,5,ATL,EV,31,0,,Delayed
2015,1,5,ATL,EV,1,0,,Delayed
2015,1,5,ATL,EV,79,0,,Delayed
2015,1,5,ATL,EV,13,0,,Delayed
2015,1,5,ATL,EV,1,0,,Delayed
2015,1,5,ATL,EV,218,0,,Delayed
2015,1,5,ATL,EV,11,0,,Delayed
2015,1,5,ATL,EV,37,0,,Delayed
2015,1,5,ATL,EV,2,0,,Delayed
2015,1,5,ATL,EV,33,0,,Delayed
2015,1,5,ATL,EV,18,0,,Delayed
2015,1,5,ATL,EV,59,0,,Delayed
2015,1,5,ATL,EV,8,0,,Delayed
2015,1,5,ATL,EV,2,0,,Delayed
2015,1,5,ATL,EV,2,0,,Delayed
2015,1,5,ATL,EV,13,0,,Delayed
2015,1,5,ATL,EV,16,0,,Delayed
2015,1,5,ATL,EV,9,0,,Delayed
2015,1,5,ATL,EV,27,0,,Delayed
2015,1,5,ATL,EV,5,0,,Delayed
2015,1,5,ATL,EV,15,0,,Delayed
2015,1,5,ATL,EV,4,0,,Delayed
2015,1,5,ATL,EV,5,0,,Delayed
2015,1,5,ATL,EV,50,0,,Delayed
2015,1,5,ATL,EV,31,0,,Delayed
2015,1,5,ATL,EV,17,0,,Delayed
2015,1,5,ATL,EV,14,0,,Delayed
2015,1,4,ORD,EV,15,0,,Delayed
2015,1,4,ORD,EV,9,0,,Delayed
2015,1,4,ORD,EV,52,0,,Delayed
2015,1,4,MSP,EV,1,0,,Delayed
2015,1,4,ORD,EV,1,0,,Delayed
2015,1,4,DEN,EV,5,0,,Delayed
2015,1,4,DEN,EV,11,0,,Delayed
2015,1,4,DEN,EV,68,0,,Delayed
2015,1,4,DEN,EV,11,0,,Delayed
2015,1,4,PHX,EV,13,0,,Delayed
2015,1,4,DEN,EV,15,0,,Delayed
2015,1,4,DEN,EV,5,0,,Delayed
2015,1,4,DEN,EV,5,0,,Delayed
2015,1,4,DEN,EV,8,0,,Delayed
2015,1,4,DEN,EV,6,0,,Delayed
2015,1,4,DEN,EV,5,0,,Delayed
2015,1,4,DEN,EV,9,0,,Delayed
2015,1,4,DEN,EV,142,0,,Delayed
2015,1,4,ORD,EV,10,0,,Delayed
2015,1,4,DEN,EV,19,0,,Delayed
2015,1,4,ORD,EV,6,0,,Delayed
2015,1,4,ORD,EV,120,0,,Delayed
2015,1,4,ORD,EV,4,0,,Delayed
2015,1,4,ORD,EV,5,0,,Delayed
2015,1,4,ORD,EV,1,0,,Delayed
2015,1,4,ORD,EV,29,0,,Delayed
2015,1,4,ORD,EV,36,0,,Delayed
2015,1,4,DEN,EV,1,0,,Delayed
2015,1,4,DEN,EV,78,0,,Delayed
2015,1,4,DEN,EV,25,0,,Delayed
2015,1,4,ORD,EV,10,0,,Delayed
2015,1,4,DEN,EV,86,0,,Delayed
2015,1,4,ORD,EV,24,0,,Delayed
2015,1,4,DEN,EV,235,0,,Delayed
2015,1,4,DEN,EV,73,0,,Delayed
2015,1,4,ORD,EV,33,0,,Delayed
2015,1,4,DEN,EV,37,0,,Delayed
2015,1,4,MSP,EV,47,0,,Delayed
2015,1,4,DEN,EV,15,0,,Delayed
2015,1,4,ORD,EV,33,0,,Delayed
2015,1,4,MSP,EV,19,0,,Delayed
2015,1,4,MSP,EV,23,0,,Delayed
2015,1,4,ORD,EV,2,0,,Delayed
2015,1,4,ORD,EV,4,0,,Delayed
2015,1,4,MSP,EV,7,0,,Delayed
2015,1,4,DEN,EV,82,0,,Delayed
2015,1,4,DEN,EV,3,0,,Delayed
2015,1,4,DEN,EV,13,0,,Delayed
2015,1,4,MSP,EV,5,0,,Delayed
2015,1,4,ORD,EV,10,0,,Delayed
2015,1,4,DEN,EV,15,0,,Delayed
2015,1,4,ORD,EV,3,0,,Delayed
2015,1,4,DEN,EV,48,0,,Delayed
2015,1,4,ORD,EV,4,0,,Delayed
2015,1,4,DEN,EV,28,0,,Delayed
2015,1,4,ORD,EV,6,0,,Delayed
2015,1,4,ORD,EV,3,0,,Delayed
2015,1,4,ORD,EV,12,0,,Delayed
2015,1,4,DEN,EV,5,0,,Delayed
2015,1,4,DEN,EV,113,0,,Delayed
2015,1,4,MSP,EV,21,0,,Delayed
2015,1,4,DEN,EV,12,0,,Delayed
2015,1,4,DEN,EV,25,0,,Delayed
2015,1,4,DEN,EV,97,0,,Delayed
2015,1,4,ORD,EV,12,0,,Delayed
2015,1,4,DEN,EV,8,0,,Delayed
2015,1,4,ORD,EV,15,0,,Delayed
2015,1,4,ORD,EV,15,0,,Delayed
2015,1,4,ORD,EV,16,0,,Delayed
2015,1,4,DEN,EV,21,0,,Delayed
2015,1,4,DEN,EV,31,0,,Delayed
2015,1,5,ORD,EV,61,0,,Delayed
2015,1,5,ORD,EV,32,0,,Delayed
2015,1,5,ORD,EV,2,0,,Delayed
2015,1,5,ORD,EV,1,0,,Delayed
2015,1,5,MSP,EV,5,0,,Delayed
2015,1,5,ORD,EV,8,0,,Delayed
2015,1,5,ORD,EV,2,0,,Delayed
2015,1,5,ORD,EV,8,0,,Delayed
2015,1,5,DEN,EV,24,0,,Delayed
2015,1,5,DEN,EV,3,0,,Delayed
2015,1,5,ORD,EV,41,0,,Delayed
2015,1,5,ORD,EV,2,0,,Delayed
2015,1,5,ORD,EV,5,0,,Delayed
2015,1,5,ORD,EV,25,0,,Delayed
2015,1,5,ORD,EV,23,0,,Delayed
2015,1,5,ORD,EV,13,0,,Delayed
2015,1,5,DEN,EV,11,0,,Delayed
2015,1,5,DEN,EV,24,0,,Delayed
2015,1,5,DEN,EV,27,0,,Delayed
2015,1,5,DEN,EV,22,0,,Delayed
2015,1,5,DEN,EV,13,0,,Delayed
2015,1,5,DEN,EV,14,0,,Delayed
2015,1,5,DEN,EV,23,0,,Delayed
2015,1,5,ORD,EV,54,0,,Delayed
2015,1,5,DEN,EV,2,0,,Delayed
2015,1,5,DEN,EV,27,0,,Delayed
2015,1,5,ORD,EV,10,0,,Delayed
2015,1,5,ORD,EV,1,0,,Delayed
2015,1,5,DEN,EV,25,0,,Delayed
2015,1,5,DEN,EV,17,0,,Delayed
2015,1,5,DEN,EV,19,0,,Delayed
2015,1,5,MSP,EV,21,0,,Delayed
2015,1,5,MSP,EV,6,0,,Delayed
2015,1,5,ORD,EV,24,0,,Delayed
2015,1,5,ORD,EV,11,0,,Delayed
2015,1,5,DEN,EV,8,0,,Delayed
2015,1,5,ORD,EV,32,0,,Delayed
2015,1,5,ORD,EV,21,0,,Delayed
2015,1,5,ORD,EV,7,0,,Delayed
2015,1,5,ORD,EV,2,0,,Delayed
2015,1,5,DEN,EV,22,0,,Delayed
2015,1,5,ORD,EV,26,0,,Delayed
2015,1,5,ORD,EV,2,0,,Delayed
2015,1,5,DEN,EV,18,0,,Delayed
2015,1,5,ORD,EV,4,0,,Delayed
2015,1,5,DEN,EV,9,0,,Delayed
2015,1,5,DEN,EV,20,0,,Delayed
2015,1,5,DEN,EV,64,0,,Delayed
2015,1,5,ORD,EV,1,0,,Delayed
2015,1,5,DEN,EV,7,0,,Delayed
2015,1,5,ORD,EV,28,0,,Delayed
2015,1,5,ORD,EV,6,0,,Delayed
2015,1,5,MSP,EV,42,0,,Delayed
2015,1,5,ORD,EV,12,0,,Delayed
2015,1,5,DEN,EV,17,0,,Delayed
2015,1,5,DEN,EV,3,0,,Delayed
2015,1,5,DEN,EV,30,0,,Delayed
2015,1,5,MSP,EV,2,0,,Delayed
2015,1,5,ORD,EV,11,0,,Delayed
2015,1,5,DEN,EV,25,0,,Delayed
2015,1,5,ORD,EV,28,0,,Delayed
2015,1,5,DEN,EV,26,0,,Delayed
2015,1,4,LAX,US,14,0,,Delayed
2015,1,4,SFO,US,1,0,,Delayed
2015,1,4,LAX,US,6,0,,Delayed
2015,1,4,LAX,US,2,0,,Delayed
2015,1,4,DEN,US,3,0,,Delayed
2015,1,4,LAX,US,11,0,,Delayed
2015,1,4,ATL,US,5,0,,Delayed
2015,1,4,DEN,US,248,0,,Delayed
2015,1,4,LAX,US,14,0,,Delayed
2015,1,4,LAX,US,10,0,,Delayed
2015,1,4,SFO,US,9,0,,Delayed
2015,1,4,MSP,US,81,0,,Delayed
2015,1,4,IAH,US,21,0,,Delayed
2015,1,4,ATL,US,57,0,,Delayed
2015,1,4,LAX,US,4,0,,Delayed
2015,1,4,IAH,US,41,0,,Delayed
2015,1,4,ATL,US,3,0,,Delayed
2015,1,4,SFO,US,1,0,,Delayed
2015,1,4,DEN,US,20,0,,Delayed
2015,1,4,IAH,US,18,0,,Delayed
2015,1,4,DEN,US,6,0,,Delayed
2015,1,4,LAS,US,115,0,,Delayed
2015,1,4,LAS,US,14,0,,Delayed
2015,1,4,DEN,US,20,0,,Delayed
2015,1,4,IAH,US,4,0,,Delayed
2015,1,4,LAX,US,39,0,,Delayed
2015,1,4,LAX,US,1,0,,Delayed
2015,1,5,SFO,US,8,0,,Delayed
2015,1,5,MSP,US,6,0,,Delayed
2015,1,5,DEN,US,1,0,,Delayed
2015,1,5,ATL,US,10,0,,Delayed
2015,1,5,IAH,US,7,0,,Delayed
2015,1,5,LAX,US,25,0,,Delayed
2015,1,5,MSP,US,3,0,,Delayed
2015,1,5,DEN,US,15,0,,Delayed
2015,1,5,LAX,US,34,0,,Delayed
2015,1,5,DEN,US,2,0,,Delayed
2015,1,5,LAX,US,11,0,,Delayed
2015,1,5,IAH,US,12,0,,Delayed
2015,1,5,SFO,US,12,0,,Delayed
2015,1,5,MSP,US,5,0,,Delayed
2015,1,5,IAH,US,15,0,,Delayed
2015,1,5,ATL,US,36,0,,Delayed
2015,1,5,IAH,US,3,0,,Delayed
2015,1,5,ATL,US,5,0,,Delayed
2015,1,5,IAH,US,13,0,,Delayed
2015,1,5,IAH,US,13,0,,Delayed
2015,1,5,ATL,US,3,0,,Delayed
2015,1,5,DEN,US,2,0,,Delayed
2015,1,4,PHX,US,14,0,,Delayed
2015,1,4,PHX,US,25,0,,Delayed
2015,1,4,PHX,US,29,0,,Delayed
2015,1,4,PHX,US,36,0,,Delayed
2015,1,4,PHX,US,10,0,,Delayed
2015,1,4,PHX,US,7,0,,Delayed
2015,1,4,PHX,US,8,0,,Delayed
2015,1,4,PHX,US,87,0,,Delayed
2015,1,4,PHX,US,1,0,,Delayed
2015,1,4,PHX,US,39,0,,Delayed
2015,1,4,PHX,US,22,0,,Delayed
2015,1,4,PHX,US,5,0,,Delayed
2015,1,4,PHX,US,2,0,,Delayed
2015,1,4,PHX,US,11,0,,Delayed
2015,1,4,PHX,US,4,0,,Delayed
2015,1,4,PHX,US,6,0,,Delayed
2015,1,4,PHX,US,4,0,,Delayed
2015,1,4,PHX,US,13,0,,Delayed
2015,1,4,PHX,US,86,0,,Delayed
2015,1,4,PHX,US,13,0,,Delayed
2015,1,4,PHX,US,4,0,,Delayed
2015,1,4,PHX,US,28,0,,Delayed
2015,1,4,PHX,US,7,0,,Delayed
2015,1,4,PHX,US,3,0,,Delayed
2015,1,4,PHX,US,2,0,,Delayed
2015,1,4,PHX,US,4,0,,Delayed
2015,1,4,PHX,US,4,0,,Delayed
2015,1,4,PHX,US,3,0,,Delayed
2015,1,4,PHX,US,6,0,,Delayed
2015,1,4,PHX,US,12,0,,Delayed
2015,1,4,PHX,US,8,0,,Delayed
2015,1,4,PHX,US,16,0,,Delayed
2015,1,4,PHX,US,4,0,,Delayed
2015,1,4,PHX,US,12,0,,Delayed
2015,1,4,PHX,US,19,0,,Delayed
2015,1,4,PHX,US,1,0,,Delayed
2015,1,4,PHX,US,8,0,,Delayed
2015,1,4,PHX,US,47,0,,Delayed
2015,1,4,PHX,US,25,0,,Delayed
2015,1,4,PHX,US,21,0,,Delayed
2015,1,4,PHX,US,16,0,,Delayed
2015,1,4,PHX,US,12,0,,Delayed
2015,1,4,PHX,US,8,0,,Delayed
2015,1,4,PHX,US,28,0,,Delayed
2015,1,4,PHX,US,5,0,,Delayed
2015,1,4,PHX,US,3,0,,Delayed
2015,1,4,PHX,US,25,0,,Delayed
2015,1,4,PHX,US,4,0,,Delayed
2015,1,4,PHX,US,17,0,,Delayed
2015,1,4,PHX,US,14,0,,Delayed
2015,1,4,PHX,US,18,0,,Delayed
2015,1,4,PHX,US,7,0,,Delayed
2015,1,4,PHX,US,16,0,,Delayed
2015,1,4,PHX,US,2,0,,Delayed
2015,1,4,PHX,US,20,0,,Delayed
2015,1,4,PHX,US,29,0,,Delayed
2015,1,4,PHX,US,6,0,,Delayed
2015,1,4,PHX,US,6,0,,Delayed
2015,1,4,PHX,US,44,0,,Delayed
2015,1,4,PHX,US,4,0,,Delayed
2015,1,4,PHX,US,14,0,,Delayed
2015,1,4,PHX,US,29,0,,Delayed
2015,1,4,PHX,US,5,0,,Delayed
2015,1,4,PHX,US,23,0,,Delayed
2015,1,4,PHX,US,13,0,,Delayed
2015,1,4,PHX,US,4,0,,Delayed
2015,1,4,PHX,US,20,0,,Delayed
2015,1,4,PHX,US,25,0,,Delayed
2015,1,4,PHX,US,2,0,,Delayed
2015,1,4,PHX,US,2,0,,Delayed
2015,1,4,PHX,US,2,0,,Delayed
2015,1,4,PHX,US,1,0,,Delayed
2015,1,4,PHX,US,20,0,,Delayed
2015,1,4,PHX,US,27,0,,Delayed
2015,1,4,PHX,US,3,0,,Delayed
2015,1,4,PHX,US,48,0,,Delayed
2015,1,4,PHX,US,10,0,,Delayed
2015,1,4,PHX,US,6,0,,Delayed
2015,1,5,PHX,US,7,0,,Delayed
2015,1,5,PHX,US,2,0,,Delayed
2015,1,5,PHX,US,13,0,,Delayed
2015,1,5,PHX,US,54,0,,Delayed
2015,1,5,PHX,US,11,0,,Delayed
2015,1,5,PHX,US,4,0,,Delayed
2015,1,5,PHX,US,3,0,,Delayed
2015,1,5,PHX,US,4,0,,Delayed
2015,1,5,PHX,US,7,0,,Delayed
2015,1,5,PHX,US,9,0,,Delayed
2015,1,5,PHX,US,6,0,,Delayed
2015,1,5,PHX,US,17,0,,Delayed
2015,1,5,PHX,US,2,0,,Delayed
2015,1,5,PHX,US,40,0,,Delayed
2015,1,5,PHX,US,2,0,,Delayed
2015,1,5,PHX,US,58,0,,Delayed
2015,1,5,PHX,US,8,0,,Delayed
2015,1,5,PHX,US,15,0,,Delayed
2015,1,5,PHX,US,13,0,,Delayed
2015,1,5,PHX,US,31,0,,Delayed
2015,1,5,PHX,US,1,0,,Delayed
2015,1,5,PHX,US,10,0,,Delayed
2015,1,5,PHX,US,21,0,,Delayed
2015,1,5,PHX,US,69,0,,Delayed
2015,1,5,PHX,US,5,0,,Delayed
2015,1,5,PHX,US,2,0,,Delayed
2015,1,5,PHX,US,2,0,,Delayed
2015,1,5,PHX,US,16,0,,Delayed
2015,1,5,PHX,US,4,0,,Delayed
2015,1,5,PHX,US,4,0,,Delayed
2015,1,5,PHX,US,14,0,,Delayed
2015,1,5,PHX,US,9,0,,Delayed
2015,1,5,PHX,US,18,0,,Delayed
2015,1,5,PHX,US,7,0,,Delayed
2015,1,5,PHX,US,11,0,,Delayed
2015,1,5,PHX,US,5,0,,Delayed
2015,1,5,PHX,US,1,0,,Delayed
2015,1,5,PHX,US,6,0,,Delayed
2015,1,5,PHX,US,1,0,,Delayed
2015,1,5,PHX,US,177,0,,Delayed
2015,1,5,PHX,US,3,0,,Delayed
2015,1,5,PHX,US,25,0,,Delayed
2015,1,5,PHX,US,3,0,,Delayed
2015,1,5,PHX,US,4,0,,Delayed
2015,1,5,PHX,US,74,0,,Delayed
2015,1,5,PHX,US,18,0,,Delayed
2015,1,5,PHX,US,5,0,,Delayed
2015,1,5,PHX,US,23,0,,Delayed
2015,1,5,PHX,US,7,0,,Delayed
2015,1,5,PHX,US,17,0,,Delayed
2015,1,5,PHX,US,2,0,,Delayed
2015,1,5,PHX,US,6,0,,Delayed
2015,1,5,PHX,US,55,0,,Delayed
2015,1,5,PHX,US,1,0,,Delayed
2015,1,5,PHX,US,3,0,,Delayed
2015,1,5,PHX,US,5,0,,Delayed
2015,1,5,PHX,US,6,0,,Delayed
2015,1,5,PHX,US,35,0,,Delayed
2015,1,5,PHX,US,95,0,,Delayed
2015,1,5,PHX,US,13,0,,Delayed
2015,1,5,PHX,US,4,0,,Delayed
2015,1,5,PHX,US,18,0,,Delayed
2015,1,4,DEN,AA,21,0,,Delayed
2015,1,4,IAH,AA,58,0,,Delayed
2015,1,4,DEN,AA,53,0,,Delayed
2015,1,4,LAX,AA,10,0,,Delayed
2015,1,4,DEN,AA,1,0,,Delayed
2015,1,4,MSP,AA,3,0,,Delayed
2015,1,4,MSP,AA,29,0,,Delayed
2015,1,4,SFO,AA,3,0,,Delayed
2015,1,4,PHX,AA,8,0,,Delayed
2015,1,4,PHX,AA,11,0,,Delayed
2015,1,4,LAX,AA,23,0,,Delayed
2015,1,4,LAX,AA,5,0,,Delayed
2015,1,4,LAX,AA,2,0,,Delayed
2015,1,4,SFO,AA,193,0,,Delayed
2015,1,4,LAS,AA,133,0,,Delayed
2015,1,4,LAS,AA,188,0,,Delayed
2015,1,4,LAX,AA,7,0,,Delayed
2015,1,4,IAH,AA,90,0,,Delayed
2015,1,4,LAX,AA,2,0,,Delayed
2015,1,4,LAS,AA,42,0,,Delayed
2015,1,4,DEN,AA,2,0,,Delayed
2015,1,4,LAX,AA,151,0,,Delayed
2015,1,4,SFO,AA,33,0,,Delayed
2015,1,4,LAX,AA,7,0,,Delayed
2015,1,4,IAH,AA,67,0,,Delayed
2015,1,4,LAX,AA,5,0,,Delayed
2015,1,4,MSP,AA,113,0,,Delayed
2015,1,4,LAX,AA,29,0,,Delayed
2015,1,4,LAX,AA,11,0,,Delayed
2015,1,4,SFO,AA,14,0,,Delayed
2015,1,4,ATL,AA,15,0,,Delayed
2015,1,4,SFO,AA,58,0,,Delayed
2015,1,4,LAS,AA,12,0,,Delayed
2015,1,4,SFO,AA,2,0,,Delayed
2015,1,4,LAX,AA,122,0,,Delayed
2015,1,4,SFO,AA,31,0,,Delayed
2015,1,4,LAX,AA,15,0,,Delayed
2015,1,4,LAX,AA,23,0,,Delayed
2015,1,4,DEN,AA,4,0,,Delayed
2015,1,4,SFO,AA,63,0,,Delayed
2015,1,4,LAS,AA,2,0,,Delayed
2015,1,4,DEN,AA,8,0,,Delayed
2015,1,4,IAH,AA,4,0,,Delayed
2015,1,4,LAX,AA,3,0,,Delayed
2015,1,4,ATL,AA,15,0,,Delayed
2015,1,4,MSP,AA,1,0,,Delayed
2015,1,4,LAX,AA,2,0,,Delayed
2015,1,4,PHX,AA,58,0,,Delayed
2015,1,4,LAX,AA,9,0,,Delayed
2015,1,4,DEN,AA,20,0,,Delayed
2015,1,4,LAS,AA,17,0,,Delayed
2015,1,4,LAX,AA,33,0,,Delayed
2015,1,4,SFO,AA,185,0,,Delayed
2015,1,4,SFO,AA,3,0,,Delayed
2015,1,4,LAS,AA,98,0,,Delayed
2015,1,4,PHX,AA,15,0,,Delayed
2015,1,4,ATL,AA,9,0,,Delayed
2015,1,4,LAX,AA,1,0,,Delayed
2015,1,4,LAX,AA,4,0,,Delayed
2015,1,4,LAS,AA,56,0,,Delayed
2015,1,4,PHX,AA,37,0,,Delayed
2015,1,4,SFO,AA,9,0,,Delayed
2015,1,4,PHX,AA,115,0,,Delayed
2015,1,4,PHX,AA,13,0,,Delayed
2015,1,4,DEN,AA,20,0,,Delayed
2015,1,4,LAS,AA,41,0,,Delayed
2015,1,4,IAH,AA,7,0,,Delayed
2015,1,4,SFO,AA,11,0,,Delayed
2015,1,4,DEN,AA,75,0,,Delayed
2015,1,4,PHX,AA,18,0,,Delayed
2015,1,4,LAS,AA,81,0,,Delayed
2015,1,4,SFO,AA,74,0,,Delayed
2015,1,4,DEN,AA,33,0,,Delayed
2015,1,4,PHX,AA,86,0,,Delayed
2015,1,4,IAH,AA,18,0,,Delayed
2015,1,4,LAX,AA,5,0,,Delayed
2015,1,4,DEN,AA,83,0,,Delayed
2015,1,4,IAH,AA,26,0,,Delayed
2015,1,4,PHX,AA,286,0,,Delayed
2015,1,4,LAX,AA,11,0,,Delayed
2015,1,4,MSP,AA,158,0,,Delayed
2015,1,4,IAH,AA,25,0,,Delayed
2015,1,4,ATL,AA,14,0,,Delayed
2015,1,4,LAX,AA,58,0,,Delayed
2015,1,4,LAX,AA,18,0,,Delayed
2015,1,4,LAX,AA,45,0,,Delayed
2015,1,4,SFO,AA,89,0,,Delayed
2015,1,5,SFO,AA,57,0,,Delayed
2015,1,5,LAS,AA,3,0,,Delayed
2015,1,5,LAX,AA,65,0,,Delayed
2015,1,5,DEN,AA,12,0,,Delayed
2015,1,5,PHX,AA,1,0,,Delayed
2015,1,5,PHX,AA,83,0,,Delayed
2015,1,5,DEN,AA,4,0,,Delayed
2015,1,5,MSP,AA,3,0,,Delayed
2015,1,5,DEN,AA,23,0,,Delayed
2015,1,5,LAS,AA,8,0,,Delayed
2015,1,5,LAX,AA,3,0,,Delayed
2015,1,5,MSP,AA,128,0,,Delayed
2015,1,5,LAS,AA,23,0,,Delayed
2015,1,5,PHX,AA,5,0,,Delayed
2015,1,5,PHX,AA,7,0,,Delayed
2015,1,5,LAX,AA,51,0,,Delayed
2015,1,5,LAS,AA,22,0,,Delayed
2015,1,5,LAS,AA,751,0,,Delayed
2015,1,5,SFO,AA,8,0,,Delayed
2015,1,5,MSP,AA,92,0,,Delayed
2015,1,5,LAX,AA,6,0,,Delayed
2015,1,5,LAX,AA,32,0,,Delayed
2015,1,5,IAH,AA,20,0,,Delayed
2015,1,5,LAX,AA,20,0,,Delayed
2015,1,5,LAX,AA,17,0,,Delayed
2015,1,5,LAX,AA,1,0,,Delayed
2015,1,5,LAS,AA,21,0,,Delayed
2015,1,5,DEN,AA,20,0,,Delayed
2015,1,5,IAH,AA,15,0,,Delayed
2015,1,5,LAX,AA,2,0,,Delayed
2015,1,5,DEN,AA,24,0,,Delayed
2015,1,5,LAX,AA,27,0,,Delayed
2015,1,5,LAX,AA,1,0,,Delayed
2015,1,5,LAX,AA,17,0,,Delayed
2015,1,5,DEN,AA,6,0,,Delayed
2015,1,5,LAX,AA,41,0,,Delayed
2015,1,5,IAH,AA,36,0,,Delayed
2015,1,5,LAS,AA,31,0,,Delayed
2015,1,5,LAX,AA,13,0,,Delayed
2015,1,5,MSP,AA,1,0,,Delayed
2015,1,5,LAX,AA,10,0,,Delayed
2015,1,5,LAX,AA,23,0,,Delayed
2015,1,5,SFO,AA,74,0,,Delayed
2015,1,5,PHX,AA,92,0,,Delayed
2015,1,5,ATL,AA,26,0,,Delayed
2015,1,5,SFO,AA,18,0,,Delayed
2015,1,5,DEN,AA,12,0,,Delayed
2015,1,5,PHX,AA,82,0,,Delayed
2015,1,5,SFO,AA,24,0,,Delayed
2015,1,5,IAH,AA,32,0,,Delayed
2015,1,5,IAH,AA,15,0,,Delayed
2015,1,5,SFO,AA,6,0,,Delayed
2015,1,5,LAX,AA,24,0,,Delayed
2015,1,5,DEN,AA,29,0,,Delayed
2015,1,5,SFO,AA,18,0,,Delayed
2015,1,5,DEN,AA,67,0,,Delayed
2015,1,5,LAX,AA,1,0,,Delayed
2015,1,5,LAX,AA,20,0,,Delayed
2015,1,5,LAX,AA,1,0,,Delayed
2015,1,5,PHX,AA,2,0,,Delayed
2015,1,5,LAX,AA,3,0,,Delayed
2015,1,5,SFO,AA,3,0,,Delayed
2015,1,5,DEN,AA,10,0,,Delayed
2015,1,5,LAS,AA,7,0,,Delayed
2015,1,5,LAX,AA,22,0,,Delayed
2015,1,5,SFO,AA,6,0,,Delayed
2015,1,5,LAX,AA,9,0,,Delayed
2015,1,5,DEN,AA,55,0,,Delayed
2015,1,5,LAX,AA,1,0,,Delayed
2015,1,5,LAX,AA,1,0,,Delayed
2015,1,5,PHX,AA,4,0,,Delayed
2015,1,5,IAH,AA,26,0,,Delayed
2015,1,5,ATL,AA,50,0,,Delayed
2015,1,5,LAX,AA,15,0,,Delayed
2015,1,5,LAS,AA,10,0,,Delayed
2015,1,5,LAS,AA,22,0,,Delayed
2015,1,5,PHX,AA,2,0,,Delayed
2015,1,5,MSP,AA,24,0,,Delayed
2015,1,5,SFO,AA,128,0,,Delayed
2015,1,5,PHX,AA,4,0,,Delayed
2015,1,5,DEN,AA,48,0,,Delayed
2015,1,5,LAS,AA,8,0,,Delayed
2015,1,5,ATL,AA,53,0,,Delayed
2015,1,5,LAS,AA,1,0,,Delayed
2015,1,5,IAH,AA,19,0,,Delayed
2015,1,5,IAH,AA,46,0,,Delayed
2015,1,5,LAX,AA,1,0,,Delayed
2015,1,5,SFO,AA,60,0,,Delayed
2015,1,5,LAX,AA,38,0,,Delayed
2015,1,5,DEN,AA,172,0,,Delayed
2015,1,5,MSP,AA,64,0,,Delayed
2015,1,5,PHX,AA,39,0,,Delayed
2015,1,5,LAS,AA,9,0,,Delayed
2015,1,5,ATL,AA,48,0,,Delayed
2015,1,5,LAX,AA,4,0,,Delayed
2015,1,5,SFO,AA,2,0,,Delayed
2015,1,5,PHX,AA,12,0,,Delayed
2015,1,5,DEN,AA,17,0,,Delayed
2015,1,5,PHX,AA,4,0,,Delayed
2015,1,5,IAH,AA,315,0,,Delayed
2015,1,5,LAX,AA,203,0,,Delayed
2015,1,4,ATL,F9,19,0,,Delayed
2015,1,4,ATL,F9,16,0,,Delayed
2015,1,4,LAX,F9,47,0,,Delayed
2015,1,4,MSP,F9,19,0,,Delayed
2015,1,4,PHX,F9,10,0,,Delayed
2015,1,4,ATL,F9,67,0,,Delayed
2015,1,4,PHX,F9,58,0,,Delayed
2015,1,4,IAH,F9,4,0,,Delayed
2015,1,4,IAH,F9,22,0,,Delayed
2015,1,4,LAX,F9,5,0,,Delayed
2015,1,4,PHX,F9,9,0,,Delayed
2015,1,4,SFO,F9,16,0,,Delayed
2015,1,4,MSP,F9,6,0,,Delayed
2015,1,4,LAS,F9,20,0,,Delayed
2015,1,4,PHX,F9,17,0,,Delayed
2015,1,4,PHX,F9,2,0,,Delayed
2015,1,4,PHX,F9,8,0,,Delayed
2015,1,4,MSP,F9,26,0,,Delayed
2015,1,4,IAH,F9,8,0,,Delayed
2015,1,4,SFO,F9,11,0,,Delayed
2015,1,4,LAX,F9,9,0,,Delayed
2015,1,4,LAS,F9,6,0,,Delayed
2015,1,4,ATL,F9,45,0,,Delayed
2015,1,4,ATL,F9,4,0,,Delayed
2015,1,4,LAS,F9,43,0,,Delayed
2015,1,5,PHX,F9,19,0,,Delayed
2015,1,5,IAH,F9,13,0,,Delayed
2015,1,5,ATL,F9,39,0,,Delayed
2015,1,5,LAS,F9,5,0,,Delayed
2015,1,5,ATL,F9,26,0,,Delayed
2015,1,5,LAX,F9,3,0,,Delayed
2015,1,5,PHX,F9,87,0,,Delayed
2015,1,5,ATL,F9,35,0,,Delayed
2015,1,5,PHX,F9,56,0,,Delayed
2015,1,5,IAH,F9,21,0,,Delayed
2015,1,5,ATL,F9,19,0,,Delayed
2015,1,5,IAH,F9,26,0,,Delayed
2015,1,5,ATL,F9,79,0,,Delayed
2015,1,5,ATL,F9,40,0,,Delayed
2015,1,5,LAS,F9,9,0,,Delayed
2015,1,5,PHX,F9,28,0,,Delayed
2015,1,5,PHX,F9,15,0,,Delayed
2015,1,5,PHX,F9,38,0,,Delayed
2015,1,4,DEN,F9,4,0,,Delayed
2015,1,4,DEN,F9,26,0,,Delayed
2015,1,4,DEN,F9,62,0,,Delayed
2015,1,4,DEN,F9,36,0,,Delayed
2015,1,4,DEN,F9,3,0,,Delayed
2015,1,4,DEN,F9,68,0,,Delayed
2015,1,4,DEN,F9,14,0,,Delayed
2015,1,4,DEN,F9,24,0,,Delayed
2015,1,4,DEN,F9,39,0,,Delayed
2015,1,4,DEN,F9,14,0,,Delayed
2015,1,4,DEN,F9,66,0,,Delayed
2015,1,4,DEN,F9,4,0,,Delayed
2015,1,4,DEN,F9,2,0,,Delayed
2015,1,4,DEN,F9,14,0,,Delayed
2015,1,4,DEN,F9,17,0,,Delayed
2015,1,4,DEN,F9,53,0,,Delayed
2015,1,4,DEN,F9,41,0,,Delayed
2015,1,4,DEN,F9,52,0,,Delayed
2015,1,4,DEN,F9,38,0,,Delayed
2015,1,4,DEN,F9,23,0,,Delayed
2015,1,4,DEN,F9,2,0,,Delayed
2015,1,4,DEN,F9,11,0,,Delayed
2015,1,4,DEN,F9,23,0,,Delayed
2015,1,4,DEN,F9,11,0,,Delayed
2015,1,4,DEN,F9,6,0,,Delayed
2015,1,4,DEN,F9,102,0,,Delayed
2015,1,4,DEN,F9,2,0,,Delayed
2015,1,4,DEN,F9,64,0,,Delayed
2015,1,4,DEN,F9,7,0,,Delayed
2015,1,4,DEN,F9,51,0,,Delayed
2015,1,4,DEN,F9,53,0,,Delayed
2015,1,4,DEN,F9,16,0,,Delayed
2015,1,4,DEN,F9,35,0,,Delayed
2015,1,4,DEN,F9,51,0,,Delayed
2015,1,4,DEN,F9,97,0,,Delayed
2015,1,4,DEN,F9,2,0,,Delayed
2015,1,4,DEN,F9,38,0,,Delayed
2015,1,4,DEN,F9,17,0,,Delayed
2015,1,4,DEN,F9,2,0,,Delayed
2015,1,4,DEN,F9,183,0,,Delayed
2015,1,4,DEN,F9,59,0,,Delayed
2015,1,4,DEN,F9,106,0,,Delayed
2015,1,4,DEN,F9,46,0,,Delayed
2015,1,4,DEN,F9,44,0,,Delayed
2015,1,4,DEN,F9,25,0,,Delayed
2015,1,4,DEN,F9,47,0,,Delayed
2015,1,5,DEN,F9,33,0,,Delayed
2015,1,5,DEN,F9,8,0,,Delayed
2015,1,5,DEN,F9,11,0,,Delayed
2015,1,5,DEN,F9,4,0,,Delayed
2015,1,5,DEN,F9,6,0,,Delayed
2015,1,5,DEN,F9,57,0,,Delayed
2015,1,5,DEN,F9,18,0,,Delayed
2015,1,5,DEN,F9,4,0,,Delayed
2015,1,5,DEN,F9,9,0,,Delayed
2015,1,5,DEN,F9,1,0,,Delayed
2015,1,5,DEN,F9,3,0,,Delayed
2015,1,5,DEN,F9,1,0,,Delayed
2015,1,5,DEN,F9,51,0,,Delayed
2015,1,5,DEN,F9,9,0,,Delayed
2015,1,5,DEN,F9,30,0,,Delayed
2015,1,5,DEN,F9,153,0,,Delayed
2015,1,5,DEN,F9,6,0,,Delayed
2015,1,5,DEN,F9,29,0,,Delayed
2015,1,5,DEN,F9,8,0,,Delayed
2015,1,5,DEN,F9,12,0,,Delayed
2015,1,5,DEN,F9,7,0,,Delayed
2015,1,5,DEN,F9,16,0,,Delayed
2015,1,5,DEN,F9,19,0,,Delayed
2015,1,5,DEN,F9,141,0,,Delayed
2015,1,5,DEN,F9,5,0,,Delayed
2015,1,5,DEN,F9,2,0,,Delayed
2015,1,4,LAS,NK,25,0,,Delayed
2015,1,4,MSP,NK,12,0,,Delayed
2015,1,4,PHX,NK,72,0,,Delayed
2015,1,4,MSP,NK,2,0,,Delayed
2015,1,4,ATL,NK,25,0,,Delayed
2015,1,4,IAH,NK,43,0,,Delayed
2015,1,4,IAH,NK,12,0,,Delayed
2015,1,4,MSP,NK,8,0,,Delayed
2015,1,4,LAS,NK,5,0,,Delayed
2015,1,4,LAS,NK,34,0,,Delayed
2015,1,4,LAS,NK,19,0,,Delayed
2015,1,4,IAH,NK,13,0,,Delayed
2015,1,4,MSP,NK,5,0,,Delayed
2015,1,4,ATL,NK,14,0,,Delayed
2015,1,4,IAH,NK,31,0,,Delayed
2015,1,4,LAS,NK,22,0,,Delayed
2015,1,4,MSP,NK,9,0,,Delayed
2015,1,4,IAH,NK,23,0,,Delayed
2015,1,4,DEN,NK,31,0,,Delayed
2015,1,4,PHX,NK,26,0,,Delayed
2015,1,4,DEN,NK,14,0,,Delayed
2015,1,4,ATL,NK,3,0,,Delayed
2015,1,4,MSP,NK,38,0,,Delayed
2015,1,4,DEN,NK,13,0,,Delayed
2015,1,4,PHX,NK,27,0,,Delayed
2015,1,4,MSP,NK,16,0,,Delayed
2015,1,4,ATL,NK,26,0,,Delayed
2015,1,4,MSP,NK,16,0,,Delayed
2015,1,4,LAS,NK,5,0,,Delayed
2015,1,4,ATL,NK,17,0,,Delayed
2015,1,4,IAH,NK,34,0,,Delayed
2015,1,4,LAS,NK,37,0,,Delayed
2015,1,4,IAH,NK,27,0,,Delayed
2015,1,4,DEN,NK,37,0,,Delayed
2015,1,4,MSP,NK,15,0,,Delayed
2015,1,4,LAS,NK,75,0,,Delayed
2015,1,4,DEN,NK,13,0,,Delayed
2015,1,4,LAX,NK,8,0,,Delayed
2015,1,4,IAH,NK,24,0,,Delayed
2015,1,4,LAS,NK,1,0,,Delayed
2015,1,4,MSP,NK,128,0,,Delayed
2015,1,4,LAX,NK,53,0,,Delayed
2015,1,4,IAH,NK,11,0,,Delayed
2015,1,4,LAS,NK,13,0,,Delayed
2015,1,5,LAS,NK,99,0,,Delayed
2015,1,5,LAS,NK,12,0,,Delayed
2015,1,5,MSP,NK,157,0,,Delayed
2015,1,5,IAH,NK,12,0,,Delayed
2015,1,5,MSP,NK,103,0,,Delayed
2015,1,5,LAS,NK,6,0,,Delayed
2015,1,5,IAH,NK,51,0,,Delayed
2015,1,5,ATL,NK,59,0,,Delayed
2015,1,5,MSP,NK,35,0,,Delayed
2015,1,5,ATL,NK,46,0,,Delayed
2015,1,5,IAH,NK,38,0,,Delayed
2015,1,5,MSP,NK,51,0,,Delayed
2015,1,5,ATL,NK,12,0,,Delayed
2015,1,5,LAS,NK,12,0,,Delayed
2015,1,5,IAH,NK,28,0,,Delayed
2015,1,5,DEN,NK,12,0,,Delayed
2015,1,5,PHX,NK,46,0,,Delayed
2015,1,5,LAS,NK,27,0,,Delayed
2015,1,5,LAS,NK,3,0,,Delayed
2015,1,5,DEN,NK,8,0,,Delayed
2015,1,5,IAH,NK,2,0,,Delayed
2015,1,5,IAH,NK,1,0,,Delayed
2015,1,5,ATL,NK,51,0,,Delayed
2015,1,5,MSP,NK,3,0,,Delayed
2015,1,5,DEN,NK,62,0,,Delayed
2015,1,5,PHX,NK,7,0,,Delayed
2015,1,5,MSP,NK,70,0,,Delayed
2015,1,5,ATL,NK,34,0,,Delayed
2015,1,5,MSP,NK,71,0,,Delayed
2015,1,5,LAS,NK,6,0,,Delayed
2015,1,5,ATL,NK,103,0,,Delayed
2015,1,5,IAH,NK,45,0,,Delayed
2015,1,4,LAX,B6,10,0,,Delayed
2015,1,4,LAS,VX,2,0,,Delayed
2015,1,4,LAX,VX,1,0,,Delayed
2015,1,4,SFO,HA,55,0,,Delayed
2015,1,4,LAS,VX,23,0,,Delayed
2015,1,4,LAX,AS,3,0,,Delayed
2015,1,4,LAX,MQ,17,0,,Delayed
2015,1,4,SFO,VX,56,0,,Delayed
2015,1,4,SFO,AS,2,0,,Delayed
2015,1,4,LAS,VX,2,0,,Delayed
2015,1,4,SFO,HA,28,0,,Delayed
2015,1,4,SFO,B6,3,0,,Delayed
2015,1,4,LAX,VX,21,0,,Delayed
2015,1,4,LAX,HA,2,0,,Delayed
2015,1,4,SFO,VX,9,0,,Delayed
2015,1,4,DEN,B6,33,0,,Delayed
2015,1,4,MSP,MQ,3,0,,Delayed
2015,1,4,LAX,VX,1,0,,Delayed
2015,1,4,PHX,AS,3,0,,Delayed
2015,1,4,DEN,AS,14,0,,Delayed
2015,1,4,SFO,B6,6,0,,Delayed
2015,1,4,SFO,VX,3,0,,Delayed
2015,1,4,LAX,VX,9,0,,Delayed
2015,1,4,SFO,AS,1,0,,Delayed
2015,1,4,LAX,AS,82,0,,Delayed
2015,1,4,SFO,B6,23,0,,Delayed
2015,1,4,MSP,MQ,47,0,,Delayed
2015,1,4,ATL,MQ,4,0,,Delayed
2015,1,4,LAS,B6,6,0,,Delayed
2015,1,4,LAX,VX,1,0,,Delayed
2015,1,4,SFO,AS,91,0,,Delayed
2015,1,4,LAX,VX,2,0,,Delayed
2015,1,4,LAX,B6,30,0,,Delayed
2015,1,4,LAX,VX,1,0,,Delayed
2015,1,4,LAX,VX,3,0,,Delayed
2015,1,4,SFO,VX,11,0,,Delayed
2015,1,4,LAX,VX,3,0,,Delayed
2015,1,4,LAX,VX,20,0,,Delayed
2015,1,4,LAX,VX,9,0,,Delayed
2015,1,4,SFO,VX,55,0,,Delayed
2015,1,4,SFO,VX,15,0,,Delayed
2015,1,4,IAH,AS,14,0,,Delayed
2015,1,4,DEN,AS,48,0,,Delayed
2015,1,4,ATL,AS,17,0,,Delayed
2015,1,4,PHX,AS,7,0,,Delayed
2015,1,4,SFO,AS,60,0,,Delayed
2015,1,4,SFO,AS,7,0,,Delayed
2015,1,4,SFO,VX,20,0,,Delayed
2015,1,4,SFO,AS,36,0,,Delayed
2015,1,4,SFO,VX,1,0,,Delayed
2015,1,4,SFO,VX,69,0,,Delayed
2015,1,4,LAX,AS,62,0,,Delayed
2015,1,4,PHX,B6,5,0,,Delayed
2015,1,4,DEN,B6,20,0,,Delayed
2015,1,4,LAX,B6,8,0,,Delayed
2015,1,4,DEN,B6,10,0,,Delayed
2015,1,4,PHX,B6,39,0,,Delayed
2015,1,4,LAS,B6,68,0,,Delayed
2015,1,5,DEN,AS,45,0,,Delayed
2015,1,5,SFO,AS,2,0,,Delayed
2015,1,5,LAS,AS,5,0,,Delayed
2015,1,5,PHX,AS,179,0,,Delayed
2015,1,5,LAX,VX,7,0,,Delayed
2015,1,5,LAX,VX,58,0,,Delayed
2015,1,5,PHX,AS,68,0,,Delayed
2015,1,5,SFO,B6,3,0,,Delayed
2015,1,5,LAX,VX,12,0,,Delayed
2015,1,5,LAX,VX,4,0,,Delayed
2015,1,5,LAX,VX,78,0,,Delayed
2015,1,5,LAX,AS,104,0,,Delayed
2015,1,5,SFO,HA,43,0,,Delayed
2015,1,5,LAX,MQ,10,0,,Delayed
2015,1,5,SFO,VX,1,0,,Delayed
2015,1,5,ATL,MQ,30,0,,Delayed
2015,1,5,LAX,VX,6,0,,Delayed
2015,1,5,LAX,VX,3,0,,Delayed
2015,1,5,LAX,AS,8,0,,Delayed
2015,1,5,LAX,B6,47,0,,Delayed
2015,1,5,LAS,B6,5,0,,Delayed
2015,1,5,LAX,VX,11,0,,Delayed
2015,1,5,LAX,VX,6,0,,Delayed
2015,1,5,DEN,B6,23,0,,Delayed
2015,1,5,LAX,VX,8,0,,Delayed
2015,1,5,LAX,B6,35,0,,Delayed
2015,1,5,LAS,B6,2,0,,Delayed
2015,1,5,LAX,AS,31,0,,Delayed
2015,1,5,SFO,B6,24,0,,Delayed
2015,1,5,MSP,MQ,6,0,,Delayed
2015,1,5,LAS,VX,15,0,,Delayed
2015,1,5,SFO,VX,2,0,,Delayed
2015,1,5,LAX,VX,5,0,,Delayed
2015,1,5,LAX,HA,138,0,,Delayed
2015,1,5,LAX,VX,41,0,,Delayed
2015,1,5,LAS,B6,13,0,,Delayed
2015,1,5,PHX,AS,206,0,,Delayed
2015,1,5,LAX,B6,7,0,,Delayed
2015,1,5,LAS,B6,5,0,,Delayed
2015,1,5,LAX,VX,41,0,,Delayed
2015,1,5,SFO,VX,26,0,,Delayed
2015,1,5,SFO,VX,12,0,,Delayed
2015,1,5,LAX,B6,26,0,,Delayed
2015,1,5,SFO,VX,5,0,,Delayed
2015,1,5,SFO,VX,2,0,,Delayed
2015,1,5,SFO,AS,242,0,,Delayed
2015,1,5,LAX,B6,11,0,,Delayed
2015,1,5,SFO,VX,84,0,,Delayed
2015,1,5,LAX,VX,38,0,,Delayed
2015,1,5,LAX,AS,3,0,,Delayed
2015,1,5,SFO,AS,78,0,,Delayed
2015,1,5,LAX,VX,20,0,,Delayed
2015,1,5,LAX,HA,16,0,,Delayed
2015,1,5,LAX,VX,97,0,,Delayed
2015,1,5,LAS,HA,13,0,,Delayed
2015,1,5,LAX,AS,7,0,,Delayed
2015,1,5,IAH,AS,5,0,,Delayed
2015,1,5,DEN,AS,15,0,,Delayed
2015,1,5,ATL,AS,56,0,,Delayed
2015,1,5,SFO,VX,30,0,,Delayed
2015,1,4,ORD,NK,34,0,,Delayed
2015,1,4,ORD,F9,65,0,,Delayed
2015,1,4,ORD,NK,1,0,,Delayed
2015,1,4,ORD,B6,13,0,,Delayed
2015,1,4,ORD,US,2,0,,Delayed
2015,1,4,ORD,NK,27,0,,Delayed
2015,1,4,ORD,F9,66,0,,Delayed
2015,1,4,ORD,US,25,0,,Delayed
2015,1,4,ORD,US,8,0,,Delayed
2015,1,4,ORD,F9,28,0,,Delayed
2015,1,4,ORD,US,1,0,,Delayed
2015,1,4,ORD,F9,11,0,,Delayed
2015,1,4,ORD,F9,6,0,,Delayed
2015,1,4,ORD,F9,7,0,,Delayed
2015,1,4,ORD,US,6,0,,Delayed
2015,1,4,ORD,NK,9,0,,Delayed
2015,1,4,ORD,NK,22,0,,Delayed
2015,1,4,ORD,US,26,0,,Delayed
2015,1,4,ORD,VX,6,0,,Delayed
2015,1,4,ORD,AS,4,0,,Delayed
2015,1,4,ORD,B6,19,0,,Delayed
2015,1,4,ORD,NK,122,0,,Delayed
2015,1,4,ORD,NK,6,0,,Delayed
2015,1,4,ORD,US,22,0,,Delayed
2015,1,5,ORD,NK,11,0,,Delayed
2015,1,5,ORD,US,2,0,,Delayed
2015,1,5,ORD,F9,47,0,,Delayed
2015,1,5,ORD,US,1,0,,Delayed
2015,1,5,ORD,F9,10,0,,Delayed
2015,1,5,ORD,AS,14,0,,Delayed
2015,1,5,ORD,NK,2,0,,Delayed
2015,1,5,ORD,NK,138,0,,Delayed
2015,1,5,ORD,NK,55,0,,Delayed
2015,1,5,ORD,VX,25,0,,Delayed
2015,1,5,ORD,NK,1,0,,Delayed
2015,1,5,ORD,NK,61,0,,Delayed
2015,1,5,ORD,NK,13,0,,Delayed
2015,1,5,ORD,US,1,0,,Delayed
2015,1,5,ORD,F9,42,0,,Delayed
2015,1,5,ORD,US,56,0,,Delayed
2015,1,5,ORD,F9,22,0,,Delayed
2015,1,5,ORD,NK,8,0,,Delayed
2015,1,5,ORD,AS,7,0,,Delayed
2015,1,5,ORD,F9,87,0,,Delayed
2015,1,5,ORD,VX,7,0,,Delayed
2015,1,5,ORD,US,4,0,,Delayed
2015,1,5,ORD,NK,104,0,,Delayed
2015,1,5,ORD,AS,1,0,,Delayed
2015,1,5,ORD,NK,6,0,,Delayed
2015,1,5,ORD,US,18,0,,Delayed
2015,1,5,ORD,VX,1,0,,Delayed
2015,1,4,ORD,AA,339,0,,Delayed
2015,1,4,ORD,AA,2,0,,Delayed
2015,1,4,ORD,AA,4,0,,Delayed
2015,1,4,ORD,AA,31,0,,Delayed
2015,1,4,ORD,AA,3,0,,Delayed
2015,1,4,ORD,AA,9,0,,Delayed
2015,1,4,ORD,AA,6,0,,Delayed
2015,1,4,ORD,AA,5,0,,Delayed
2015,1,4,ORD,AA,13,0,,Delayed
2015,1,4,ORD,AA,18,0,,Delayed
2015,1,4,ORD,AA,5,0,,Delayed
2015,1,4,ORD,AA,2,0,,Delayed
2015,1,4,ORD,AA,1,0,,Delayed
2015,1,4,ORD,AA,25,0,,Delayed
2015,1,4,ORD,AA,3,0,,Delayed
2015,1,4,ORD,AA,13,0,,Delayed
2015,1,4,ORD,AA,10,0,,Delayed
2015,1,4,ORD,AA,8,0,,Delayed
2015,1,4,ORD,AA,149,0,,Delayed
2015,1,4,ORD,AA,5,0,,Delayed
2015,1,4,ORD,AA,43,0,,Delayed
2015,1,4,ORD,AA,16,0,,Delayed
2015,1,4,ORD,AA,76,0,,Delayed
2015,1,4,ORD,AA,3,0,,Delayed
2015,1,4,ORD,AA,52,0,,Delayed
2015,1,4,ORD,AA,13,0,,Delayed
2015,1,4,ORD,AA,3,0,,Delayed
2015,1,4,ORD,AA,65,0,,Delayed
2015,1,4,ORD,AA,96,0,,Delayed
2015,1,4,ORD,AA,15,0,,Delayed
2015,1,4,ORD,AA,2,0,,Delayed
2015,1,4,ORD,AA,45,0,,Delayed
2015,1,4,ORD,AA,161,0,,Delayed
2015,1,4,ORD,AA,176,0,,Delayed
2015,1,4,ORD,AA,16,0,,Delayed
2015,1,4,ORD,AA,64,0,,Delayed
2015,1,4,ORD,AA,12,0,,Delayed
2015,1,4,ORD,AA,132,0,,Delayed
2015,1,4,ORD,AA,80,0,,Delayed
2015,1,4,ORD,AA,91,0,,Delayed
2015,1,4,ORD,AA,19,0,,Delayed
2015,1,4,ORD,AA,1,0,,Delayed
2015,1,4,ORD,AA,80,0,,Delayed
2015,1,4,ORD,AA,199,0,,Delayed
2015,1,4,ORD,AA,62,0,,Delayed
2015,1,4,ORD,AA,18,0,,Delayed
2015,1,4,ORD,AA,26,0,,Delayed
2015,1,4,ORD,AA,11,0,,Delayed
2015,1,4,ORD,AA,149,0,,Delayed
2015,1,5,ORD,AA,67,0,,Delayed
2015,1,5,ORD,AA,16,0,,Delayed
2015,1,5,ORD,AA,2,0,,Delayed
2015,1,5,ORD,AA,6,0,,Delayed
2015,1,5,ORD,AA,105,0,,Delayed
2015,1,5,ORD,AA,17,0,,Delayed
2015,1,5,ORD,AA,104,0,,Delayed
2015,1,5,ORD,AA,45,0,,Delayed
2015,1,5,ORD,AA,1,0,,Delayed
2015,1,5,ORD,AA,16,0,,Delayed
2015,1,5,ORD,AA,3,0,,Delayed
2015,1,5,ORD,AA,15,0,,Delayed
2015,1,5,ORD,AA,12,0,,Delayed
2015,1,5,ORD,AA,10,0,,Delayed
2015,1,5,ORD,AA,10,0,,Delayed
2015,1,5,ORD,AA,200,0,,Delayed
2015,1,5,ORD,AA,24,0,,Delayed
2015,1,5,ORD,AA,10,0,,Delayed
2015,1,5,ORD,AA,11,0,,Delayed
2015,1,5,ORD,AA,4,0,,Delayed
2015,1,5,ORD,AA,10,0,,Delayed
2015,1,5,ORD,AA,2,0,,Delayed
2015,1,5,ORD,AA,15,0,,Delayed
2015,1,5,ORD,AA,4,0,,Delayed
2015,1,5,ORD,AA,18,0,,Delayed
2015,1,5,ORD,AA,2,0,,Delayed
2015,1,5,ORD,AA,17,0,,Delayed
2015,1,5,ORD,AA,6,0,,Delayed
2015,1,5,ORD,AA,38,0,,Delayed
2015,1,5,ORD,AA,5,0,,Delayed
2015,1,5,ORD,AA,16,0,,Delayed
2015,1,5,ORD,AA,18,0,,Delayed
2015,1,5,ORD,AA,56,0,,Delayed
2015,1,5,ORD,AA,2,0,,Delayed
2015,1,5,ORD,AA,3,0,,Delayed
2015,1,5,ORD,AA,44,0,,Delayed
2015,1,5,ORD,AA,5,0,,Delayed
2015,1,5,ORD,MQ,27,0,,Delayed
2015,1,5,ORD,MQ,1,0,,Delayed
2015,1,5,ORD,MQ,22,0,,Delayed
2015,1,5,ORD,MQ,26,0,,Delayed
2015,1,5,ORD,MQ,28,0,,Delayed
2015,1,5,ORD,MQ,11,0,,Delayed
2015,1,5,ORD,MQ,44,0,,Delayed
2015,1,5,ORD,MQ,19,0,,Delayed
2015,1,5,ORD,MQ,37,0,,Delayed
2015,1,5,ORD,MQ,22,0,,Delayed
2015,1,5,ORD,MQ,18,0,,Delayed
2015,1,5,ORD,MQ,25,0,,Delayed
2015,1,5,ORD,MQ,49,0,,Delayed
2015,1,5,ORD,MQ,42,0,,Delayed
2015,1,5,ORD,MQ,35,0,,Delayed
2015,1,5,ORD,MQ,30,0,,Delayed
2015,1,5,ORD,MQ,15,0,,Delayed
2015,1,5,ORD,MQ,16,0,,Delayed
2015,1,5,ORD,MQ,6,0,,Delayed
2015,1,5,ORD,MQ,3,0,,Delayed
2015,1,5,ORD,MQ,11,0,,Delayed
2015,1,5,ORD,MQ,17,0,,Delayed
2015,1,5,ORD,MQ,9,0,,Delayed
2015,1,5,ORD,MQ,70,0,,Delayed
2015,1,5,ORD,MQ,30,0,,Delayed
2015,1,5,ORD,MQ,53,0,,Delayed
2015,1,5,ORD,MQ,28,0,,Delayed
2015,1,5,ORD,MQ,80,0,,Delayed
2015,1,5,ORD,MQ,3,0,,Delayed
2015,1,5,ORD,MQ,1,0,,Delayed
2015,1,5,ORD,MQ,5,0,,Delayed
2015,1,5,ORD,MQ,3,0,,Delayed
2015,1,5,ORD,MQ,8,0,,Delayed
2015,1,5,ORD,MQ,67,0,,Delayed
2015,1,5,ORD,MQ,26,0,,Delayed
2015,1,5,ORD,MQ,62,0,,Delayed
2015,1,5,ORD,MQ,47,0,,Delayed
2015,1,5,ORD,MQ,21,0,,Delayed
2015,1,5,ORD,MQ,5,0,,Delayed
2015,1,5,ORD,MQ,22,0,,Delayed
2015,1,5,ORD,MQ,22,0,,Delayed
2015,1,5,ORD,MQ,34,0,,Delayed
2015,1,5,ORD,MQ,25,0,,Delayed
2015,1,5,ORD,MQ,15,0,,Delayed
2015,1,5,ORD,MQ,18,0,,Delayed
2015,1,5,ORD,MQ,3,0,,Delayed
2015,1,5,ORD,MQ,1,0,,Delayed
2015,1,5,ORD,MQ,18,0,,Delayed
2015,1,5,ORD,MQ,5,0,,Delayed
2015,1,5,ORD,MQ,58,0,,Delayed
2015,1,5,ORD,MQ,18,0,,Delayed
2015,1,5,ORD,MQ,51,0,,Delayed
2015,1,5,ORD,MQ,26,0,,Delayed
2015,1,5,ORD,MQ,50,0,,Delayed
2015,1,5,ORD,MQ,1,0,,Delayed
2015,1,5,ORD,MQ,9,0,,Delayed
2015,1,5,ORD,MQ,1,0,,Delayed
2015,1,5,ORD,MQ,51,0,,Delayed
2015,1,5,ORD,MQ,35,0,,Delayed
2015,1,5,ORD,MQ,4,0,,Delayed
2015,1,5,ORD,MQ,23,0,,Delayed
2015,1,5,ORD,MQ,12,0,,Delayed
2015,1,5,ORD,MQ,23,0,,Delayed
2015,1,5,ORD,MQ,17,0,,Delayed
2015,1,5,ORD,MQ,9,0,,Delayed
2015,1,4,ORD,MQ,6,0,,Delayed
2015,1,4,ORD,MQ,8,0,,Delayed
2015,1,4,ORD,MQ,1,0,,Delayed
2015,1,4,ORD,MQ,6,0,,Delayed
2015,1,4,ORD,MQ,1,0,,Delayed
2015,1,4,ORD,MQ,27,0,,Delayed
2015,1,4,ORD,MQ,5,0,,Delayed
2015,1,4,ORD,MQ,25,0,,Delayed
2015,1,4,ORD,MQ,35,0,,Delayed
2015,1,4,ORD,MQ,26,0,,Delayed
2015,1,4,ORD,MQ,8,0,,Delayed
2015,1,4,ORD,MQ,12,0,,Delayed
2015,1,4,ORD,MQ,18,0,,Delayed
2015,1,4,ORD,MQ,7,0,,Delayed
2015,1,4,ORD,MQ,67,0,,Delayed
2015,1,4,ORD,MQ,17,0,,Delayed
2015,1,4,ORD,MQ,2,0,,Delayed
2015,1,4,ORD,MQ,31,0,,Delayed
2015,1,4,ORD,MQ,3,0,,Delayed
2015,1,4,ORD,MQ,10,0,,Delayed
2015,1,4,ORD,MQ,2,0,,Delayed
2015,1,4,ORD,MQ,19,0,,Delayed
2015,1,4,ORD,MQ,57,0,,Delayed
2015,1,4,ORD,MQ,7,0,,Delayed
2015,1,4,ORD,MQ,15,0,,Delayed
2015,1,4,ORD,MQ,29,0,,Delayed
2015,1,4,ORD,MQ,18,0,,Delayed
2015,1,4,ORD,MQ,72,0,,Delayed
2015,1,4,ORD,MQ,36,0,,Delayed
2015,1,4,ORD,MQ,81,0,,Delayed
2015,1,4,ORD,MQ,39,0,,Delayed
2015,1,4,ORD,MQ,3,0,,Delayed
2015,1,4,ORD,MQ,14,0,,Delayed
2015,1,4,ORD,MQ,27,0,,Delayed
2015,1,4,ORD,MQ,12,0,,Delayed
2015,1,4,ORD,MQ,18,0,,Delayed
2015,1,4,ORD,MQ,31,0,,Delayed
2015,1,4,ORD,MQ,2,0,,Delayed
2015,1,4,ORD,MQ,4,0,,Delayed
2015,1,4,ORD,MQ,14,0,,Delayed
2015,1,4,ORD,MQ,9,0,,Delayed
2015,1,4,ORD,MQ,2,0,,Delayed
2015,1,4,ORD,MQ,30,0,,Delayed
2015,1,4,ORD,MQ,1,0,,Delayed
2015,1,4,ORD,MQ,12,0,,Delayed
2015,1,4,ORD,MQ,5,0,,Delayed
2015,1,4,ORD,MQ,38,0,,Delayed
2015,1,4,ORD,MQ,4,0,,Delayed
2015,1,4,ORD,MQ,9,0,,Delayed
2015,1,4,ORD,MQ,47,0,,Delayed
2015,1,4,ORD,MQ,5,0,,Delayed
2015,1,4,ORD,MQ,16,0,,Delayed
2015,1,4,ORD,MQ,20,0,,Delayed
2015,1,4,ORD,MQ,3,0,,Delayed
2015,1,4,ORD,MQ,6,0,,Delayed
2015,1,4,ORD,MQ,10,0,,Delayed
2015,1,4,ORD,MQ,11,0,,Delayed
2015,1,4,ORD,MQ,22,0,,Delayed
2015,1,4,ORD,MQ,13,0,,Delayed
2015,1,4,ORD,MQ,25,0,,Delayed
2015,1,4,ORD,MQ,33,0,,Delayed
2015,1,4,ORD,MQ,17,0,,Delayed
2015,1,4,ORD,MQ,41,0,,Delayed
2015,1,4,ORD,MQ,16,0,,Delayed
2015,1,4,ORD,MQ,25,0,,Delayed
2015,1,4,ORD,MQ,16,0,,Delayed
2015,1,4,ORD,MQ,19,0,,Delayed
2015,1,4,ORD,MQ,3,0,,Delayed
2015,1,4,ORD,MQ,13,0,,Delayed
2015,1,4,ORD,MQ,20,0,,Delayed
2015,1,4,ORD,MQ,45,0,,Delayed
2015,1,4,ORD,MQ,37,0,,Delayed
2015,1,4,ORD,MQ,43,0,,Delayed
2015,1,4,ORD,MQ,29,0,,Delayed
2015,1,4,ORD,MQ,95,0,,Delayed
2015,1,4,ORD,MQ,99,0,,Delayed
2015,1,4,ORD,MQ,11,0,,Delayed
2015,1,4,ORD,MQ,1,0,,Delayed
2015,1,4,ORD,MQ,52,0,,Delayed
2015,1,4,ORD,MQ,6,0,,Delayed
2015,1,4,ORD,MQ,33,0,,Delayed
2015,1,4,ORD,MQ,1,0,,Delayed
2015,1,4,ORD,MQ,3,0,,Delayed
2015,1,4,ORD,MQ,3,0,,Delayed
2015,1,4,ORD,MQ,4,0,,Delayed
2015,1,4,ORD,MQ,9,0,,Delayed
2015,1,4,ORD,MQ,14,0,,Delayed
2015,1,4,ORD,MQ,19,0,,Delayed
2015,1,4,ORD,MQ,1,0,,Delayed
2015,1,4,DFW,DL,18,0,,Delayed
2015,1,4,DFW,NK,3,0,,Delayed
2015,1,4,DFW,US,7,0,,Delayed
2015,1,4,DFW,F9,57,0,,Delayed
2015,1,4,DFW,NK,3,0,,Delayed
2015,1,4,DFW,NK,5,0,,Delayed
2015,1,4,DFW,NK,63,0,,Delayed
2015,1,4,DFW,DL,58,0,,Delayed
2015,1,4,DFW,DL,1,0,,Delayed
2015,1,4,DFW,US,2,0,,Delayed
2015,1,4,DFW,UA,2,0,,Delayed
2015,1,4,DFW,EV,8,0,,Delayed
2015,1,4,DFW,F9,14,0,,Delayed
2015,1,4,DFW,EV,12,0,,Delayed
2015,1,4,DFW,US,28,0,,Delayed
2015,1,4,DFW,NK,17,0,,Delayed
2015,1,4,DFW,NK,19,0,,Delayed
2015,1,4,DFW,US,2,0,,Delayed
2015,1,4,DFW,EV,62,0,,Delayed
2015,1,4,DFW,US,105,0,,Delayed
2015,1,4,DFW,EV,14,0,,Delayed
2015,1,4,DFW,OO,34,0,,Delayed
2015,1,4,DFW,NK,24,0,,Delayed
2015,1,4,DFW,US,9,0,,Delayed
2015,1,4,DFW,F9,67,0,,Delayed
2015,1,4,DFW,EV,17,0,,Delayed
2015,1,4,DFW,DL,29,0,,Delayed
2015,1,4,DFW,DL,7,0,,Delayed
2015,1,4,DFW,EV,58,0,,Delayed
2015,1,4,DFW,EV,3,0,,Delayed
2015,1,4,DFW,F9,3,0,,Delayed
2015,1,4,DFW,US,3,0,,Delayed
2015,1,4,DFW,OO,2,0,,Delayed
2015,1,4,DFW,US,14,0,,Delayed
2015,1,4,DFW,UA,78,0,,Delayed
2015,1,4,DFW,OO,52,0,,Delayed
2015,1,4,DFW,NK,16,0,,Delayed
2015,1,4,DFW,NK,77,0,,Delayed
2015,1,4,DFW,EV,1,0,,Delayed
2015,1,4,DFW,EV,7,0,,Delayed
2015,1,4,DFW,EV,38,0,,Delayed
2015,1,4,DFW,EV,40,0,,Delayed
2015,1,4,DFW,EV,98,0,,Delayed
2015,1,4,DFW,US,2,0,,Delayed
2015,1,4,DFW,OO,20,0,,Delayed
2015,1,4,DFW,EV,20,0,,Delayed
2015,1,4,DFW,F9,42,0,,Delayed
2015,1,4,DFW,B6,28,0,,Delayed
2015,1,4,DFW,EV,4,0,,Delayed
2015,1,4,DFW,EV,90,0,,Delayed
2015,1,4,DFW,EV,192,0,,Delayed
2015,1,4,DFW,AS,48,0,,Delayed
2015,1,4,DFW,NK,40,0,,Delayed
2015,1,4,DFW,NK,6,0,,Delayed
2015,1,4,DFW,EV,34,0,,Delayed
2015,1,4,DFW,EV,102,0,,Delayed
2015,1,4,DFW,OO,44,0,,Delayed
2015,1,4,DFW,EV,20,0,,Delayed
2015,1,4,DFW,EV,17,0,,Delayed
2015,1,4,DFW,EV,174,0,,Delayed
2015,1,4,DFW,NK,38,0,,Delayed
2015,1,5,DFW,OO,17,0,,Delayed
2015,1,5,DFW,OO,4,0,,Delayed
2015,1,5,DFW,UA,57,0,,Delayed
2015,1,5,DFW,NK,3,0,,Delayed
2015,1,5,DFW,EV,2,0,,Delayed
2015,1,5,DFW,AS,39,0,,Delayed
2015,1,5,DFW,NK,6,0,,Delayed
2015,1,5,DFW,EV,9,0,,Delayed
2015,1,5,DFW,OO,16,0,,Delayed
2015,1,5,DFW,EV,38,0,,Delayed
2015,1,5,DFW,UA,96,0,,Delayed
2015,1,5,DFW,EV,15,0,,Delayed
2015,1,5,DFW,UA,11,0,,Delayed
2015,1,5,DFW,F9,8,0,,Delayed
2015,1,5,DFW,EV,7,0,,Delayed
2015,1,5,DFW,EV,1,0,,Delayed
2015,1,5,DFW,NK,31,0,,Delayed
2015,1,5,DFW,NK,79,0,,Delayed
2015,1,5,DFW,EV,9,0,,Delayed
2015,1,5,DFW,US,19,0,,Delayed
2015,1,5,DFW,EV,84,0,,Delayed
2015,1,5,DFW,DL,13,0,,Delayed
2015,1,5,DFW,UA,15,0,,Delayed
2015,1,5,DFW,US,9,0,,Delayed
2015,1,5,DFW,US,3,0,,Delayed
2015,1,5,DFW,NK,13,0,,Delayed
2015,1,5,DFW,EV,76,0,,Delayed
2015,1,5,DFW,OO,100,0,,Delayed
2015,1,5,DFW,EV,55,0,,Delayed
2015,1,5,DFW,EV,211,0,,Delayed
2015,1,5,DFW,DL,12,0,,Delayed
2015,1,5,DFW,AS,43,0,,Delayed
2015,1,5,DFW,EV,18,0,,Delayed
2015,1,5,DFW,OO,53,0,,Delayed
2015,1,5,DFW,UA,2,0,,Delayed
2015,1,5,DFW,EV,15,0,,Delayed
2015,1,5,DFW,NK,96,0,,Delayed
2015,1,5,DFW,NK,16,0,,Delayed
2015,1,5,DFW,US,6,0,,Delayed
2015,1,5,DFW,F9,12,0,,Delayed
2015,1,5,DFW,EV,10,0,,Delayed
2015,1,5,DFW,EV,1,0,,Delayed
2015,1,5,DFW,DL,16,0,,Delayed
2015,1,5,DFW,DL,9,0,,Delayed
2015,1,5,DFW,EV,58,0,,Delayed
2015,1,5,DFW,OO,70,0,,Delayed
2015,1,5,DFW,EV,23,0,,Delayed
2015,1,5,DFW,US,26,0,,Delayed
2015,1,5,DFW,OO,195,0,,Delayed
2015,1,5,DFW,US,20,0,,Delayed
2015,1,5,DFW,NK,133,0,,Delayed
2015,1,5,DFW,DL,9,0,,Delayed
2015,1,5,DFW,UA,5,0,,Delayed
2015,1,5,DFW,EV,104,0,,Delayed
2015,1,5,DFW,OO,8,0,,Delayed
2015,1,5,DFW,AS,16,0,,Delayed
2015,1,5,DFW,NK,20,0,,Delayed
2015,1,5,DFW,NK,47,0,,Delayed
2015,1,5,DFW,UA,3,0,,Delayed
2015,1,5,DFW,EV,24,0,,Delayed
2015,1,5,DFW,EV,7,0,,Delayed
2015,1,5,DFW,DL,104,0,,Delayed
2015,1,5,DFW,US,3,0,,Delayed
2015,1,5,DFW,EV,45,0,,Delayed
2015,1,5,DFW,US,151,0,,Delayed
2015,1,5,DFW,EV,118,0,,Delayed
2015,1,5,DFW,DL,24,0,,Delayed
2015,1,5,DFW,OO,25,0,,Delayed
2015,1,4,DFW,MQ,4,0,,Delayed
2015,1,4,DFW,MQ,31,0,,Delayed
2015,1,4,DFW,MQ,15,0,,Delayed
2015,1,4,DFW,MQ,2,0,,Delayed
2015,1,4,DFW,MQ,14,0,,Delayed
2015,1,4,DFW,MQ,11,0,,Delayed
2015,1,4,DFW,MQ,27,0,,Delayed
2015,1,4,DFW,MQ,21,0,,Delayed
2015,1,4,DFW,MQ,10,0,,Delayed
2015,1,4,DFW,MQ,4,0,,Delayed
2015,1,4,DFW,MQ,14,0,,Delayed
2015,1,4,DFW,MQ,16,0,,Delayed
2015,1,4,DFW,MQ,1,0,,Delayed
2015,1,4,DFW,MQ,26,0,,Delayed
2015,1,4,DFW,MQ,23,0,,Delayed
2015,1,4,DFW,MQ,38,0,,Delayed
2015,1,4,DFW,MQ,36,0,,Delayed
2015,1,4,DFW,MQ,6,0,,Delayed
2015,1,4,DFW,MQ,28,0,,Delayed
2015,1,4,DFW,MQ,47,0,,Delayed
2015,1,4,DFW,MQ,1,0,,Delayed
2015,1,4,DFW,MQ,79,0,,Delayed
2015,1,4,DFW,MQ,51,0,,Delayed
2015,1,4,DFW,MQ,7,0,,Delayed
2015,1,4,DFW,MQ,22,0,,Delayed
2015,1,4,DFW,MQ,47,0,,Delayed
2015,1,4,DFW,MQ,27,0,,Delayed
2015,1,4,DFW,MQ,34,0,,Delayed
2015,1,4,DFW,MQ,26,0,,Delayed
2015,1,4,DFW,MQ,15,0,,Delayed
2015,1,4,DFW,MQ,23,0,,Delayed
2015,1,4,DFW,MQ,10,0,,Delayed
2015,1,4,DFW,MQ,18,0,,Delayed
2015,1,4,DFW,MQ,43,0,,Delayed
2015,1,4,DFW,MQ,30,0,,Delayed
2015,1,4,DFW,MQ,22,0,,Delayed
2015,1,4,DFW,MQ,67,0,,Delayed
2015,1,4,DFW,MQ,33,0,,Delayed
2015,1,4,DFW,MQ,7,0,,Delayed
2015,1,4,DFW,MQ,81,0,,Delayed
2015,1,4,DFW,MQ,13,0,,Delayed
2015,1,4,DFW,MQ,6,0,,Delayed
2015,1,4,DFW,MQ,52,0,,Delayed
2015,1,4,DFW,MQ,58,0,,Delayed
2015,1,4,DFW,MQ,15,0,,Delayed
2015,1,4,DFW,MQ,81,0,,Delayed
2015,1,4,DFW,MQ,45,0,,Delayed
2015,1,4,DFW,MQ,57,0,,Delayed
2015,1,4,DFW,MQ,26,0,,Delayed
2015,1,4,DFW,MQ,19,0,,Delayed
2015,1,4,DFW,MQ,14,0,,Delayed
2015,1,4,DFW,MQ,38,0,,Delayed
2015,1,4,DFW,MQ,73,0,,Delayed
2015,1,4,DFW,MQ,61,0,,Delayed
2015,1,4,DFW,MQ,3,0,,Delayed
2015,1,4,DFW,MQ,98,0,,Delayed
2015,1,4,DFW,MQ,24,0,,Delayed
2015,1,4,DFW,MQ,26,0,,Delayed
2015,1,4,DFW,MQ,98,0,,Delayed
2015,1,4,DFW,MQ,21,0,,Delayed
2015,1,4,DFW,MQ,94,0,,Delayed
2015,1,4,DFW,MQ,105,0,,Delayed
2015,1,4,DFW,MQ,77,0,,Delayed
2015,1,4,DFW,MQ,24,0,,Delayed
2015,1,4,DFW,MQ,57,0,,Delayed
2015,1,4,DFW,MQ,32,0,,Delayed
2015,1,4,DFW,MQ,13,0,,Delayed
2015,1,4,DFW,MQ,12,0,,Delayed
2015,1,4,DFW,MQ,36,0,,Delayed
2015,1,4,DFW,MQ,14,0,,Delayed
2015,1,4,DFW,MQ,34,0,,Delayed
2015,1,4,DFW,MQ,31,0,,Delayed
2015,1,4,DFW,MQ,56,0,,Delayed
2015,1,4,DFW,MQ,9,0,,Delayed
2015,1,4,DFW,MQ,45,0,,Delayed
2015,1,4,DFW,MQ,50,0,,Delayed
2015,1,4,DFW,MQ,20,0,,Delayed
2015,1,4,DFW,MQ,119,0,,Delayed
2015,1,4,DFW,MQ,18,0,,Delayed
2015,1,4,DFW,MQ,40,0,,Delayed
2015,1,4,DFW,MQ,2,0,,Delayed
2015,1,4,DFW,MQ,1,0,,Delayed
2015,1,4,DFW,MQ,44,0,,Delayed
2015,1,4,DFW,MQ,32,0,,Delayed
2015,1,4,DFW,MQ,12,0,,Delayed
2015,1,4,DFW,MQ,4,0,,Delayed
2015,1,4,DFW,MQ,59,0,,Delayed
2015,1,4,DFW,MQ,66,0,,Delayed
2015,1,4,DFW,MQ,101,0,,Delayed
2015,1,4,DFW,MQ,33,0,,Delayed
2015,1,4,DFW,MQ,34,0,,Delayed
2015,1,4,DFW,MQ,26,0,,Delayed
2015,1,4,DFW,MQ,49,0,,Delayed
2015,1,4,DFW,MQ,50,0,,Delayed
2015,1,4,DFW,MQ,13,0,,Delayed
2015,1,4,DFW,MQ,29,0,,Delayed
2015,1,4,DFW,MQ,11,0,,Delayed
2015,1,4,DFW,MQ,33,0,,Delayed
2015,1,4,DFW,MQ,36,0,,Delayed
2015,1,4,DFW,MQ,68,0,,Delayed
2015,1,4,DFW,MQ,35,0,,Delayed
2015,1,4,DFW,MQ,41,0,,Delayed
2015,1,4,DFW,MQ,40,0,,Delayed
2015,1,4,DFW,MQ,4,0,,Delayed
2015,1,4,DFW,MQ,23,0,,Delayed
2015,1,4,DFW,MQ,45,0,,Delayed
2015,1,4,DFW,MQ,6,0,,Delayed
2015,1,4,DFW,MQ,51,0,,Delayed
2015,1,5,DFW,MQ,23,0,,Delayed
2015,1,5,DFW,MQ,45,0,,Delayed
2015,1,5,DFW,MQ,3,0,,Delayed
2015,1,5,DFW,MQ,42,0,,Delayed
2015,1,5,DFW,MQ,18,0,,Delayed
2015,1,5,DFW,MQ,15,0,,Delayed
2015,1,5,DFW,MQ,26,0,,Delayed
2015,1,5,DFW,MQ,8,0,,Delayed
2015,1,5,DFW,MQ,39,0,,Delayed
2015,1,5,DFW,MQ,30,0,,Delayed
2015,1,5,DFW,MQ,45,0,,Delayed
2015,1,5,DFW,MQ,30,0,,Delayed
2015,1,5,DFW,MQ,14,0,,Delayed
2015,1,5,DFW,MQ,27,0,,Delayed
2015,1,5,DFW,MQ,1,0,,Delayed
2015,1,5,DFW,MQ,63,0,,Delayed
2015,1,5,DFW,MQ,13,0,,Delayed
2015,1,5,DFW,MQ,26,0,,Delayed
2015,1,5,DFW,MQ,18,0,,Delayed
2015,1,5,DFW,MQ,4,0,,Delayed
2015,1,5,DFW,MQ,35,0,,Delayed
2015,1,5,DFW,MQ,27,0,,Delayed
2015,1,5,DFW,MQ,36,0,,Delayed
2015,1,5,DFW,MQ,41,0,,Delayed
2015,1,5,DFW,MQ,4,0,,Delayed
2015,1,5,DFW,MQ,11,0,,Delayed
2015,1,5,DFW,MQ,16,0,,Delayed
2015,1,5,DFW,MQ,23,0,,Delayed
2015,1,5,DFW,MQ,52,0,,Delayed
2015,1,5,DFW,MQ,22,0,,Delayed
2015,1,5,DFW,MQ,29,0,,Delayed
2015,1,5,DFW,MQ,16,0,,Delayed
2015,1,5,DFW,MQ,10,0,,Delayed
2015,1,5,DFW,MQ,72,0,,Delayed
2015,1,5,DFW,MQ,1,0,,Delayed
2015,1,5,DFW,MQ,27,0,,Delayed
2015,1,5,DFW,MQ,6,0,,Delayed
2015,1,5,DFW,MQ,4,0,,Delayed
2015,1,5,DFW,MQ,2,0,,Delayed
2015,1,5,DFW,MQ,22,0,,Delayed
2015,1,5,DFW,MQ,8,0,,Delayed
2015,1,5,DFW,MQ,57,0,,Delayed
2015,1,5,DFW,MQ,59,0,,Delayed
2015,1,5,DFW,MQ,5,0,,Delayed
2015,1,5,DFW,MQ,22,0,,Delayed
2015,1,5,DFW,MQ,17,0,,Delayed
2015,1,5,DFW,MQ,32,0,,Delayed
2015,1,5,DFW,MQ,8,0,,Delayed
2015,1,5,DFW,MQ,44,0,,Delayed
2015,1,5,DFW,MQ,13,0,,Delayed
2015,1,5,DFW,MQ,70,0,,Delayed
2015,1,5,DFW,MQ,22,0,,Delayed
2015,1,5,DFW,MQ,66,0,,Delayed
2015,1,5,DFW,MQ,32,0,,Delayed
2015,1,5,DFW,MQ,26,0,,Delayed
2015,1,5,DFW,MQ,2,0,,Delayed
2015,1,5,DFW,MQ,88,0,,Delayed
2015,1,5,DFW,MQ,59,0,,Delayed
2015,1,5,DFW,MQ,6,0,,Delayed
2015,1,5,DFW,MQ,59,0,,Delayed
2015,1,5,DFW,MQ,58,0,,Delayed
2015,1,5,DFW,MQ,56,0,,Delayed
2015,1,5,DFW,MQ,38,0,,Delayed
2015,1,5,DFW,MQ,7,0,,Delayed
2015,1,5,DFW,MQ,109,0,,Delayed
2015,1,5,DFW,MQ,37,0,,Delayed
2015,1,5,DFW,MQ,101,0,,Delayed
2015,1,5,DFW,MQ,13,0,,Delayed
2015,1,5,DFW,MQ,29,0,,Delayed
2015,1,5,DFW,MQ,31,0,,Delayed
2015,1,5,DFW,MQ,3,0,,Delayed
2015,1,5,DFW,MQ,36,0,,Delayed
2015,1,5,DFW,MQ,105,0,,Delayed
2015,1,5,DFW,MQ,40,0,,Delayed
2015,1,5,DFW,MQ,60,0,,Delayed
2015,1,5,DFW,MQ,34,0,,Delayed
2015,1,5,DFW,MQ,19,0,,Delayed
2015,1,5,DFW,MQ,4,0,,Delayed
2015,1,5,DFW,MQ,13,0,,Delayed
2015,1,5,DFW,MQ,19,0,,Delayed
2015,1,5,DFW,MQ,33,0,,Delayed
2015,1,5,DFW,MQ,14,0,,Delayed
2015,1,5,DFW,MQ,46,0,,Delayed
2015,1,5,DFW,MQ,118,0,,Delayed
2015,1,5,DFW,MQ,49,0,,Delayed
2015,1,5,DFW,MQ,38,0,,Delayed
2015,1,5,DFW,MQ,74,0,,Delayed
2015,1,5,DFW,MQ,30,0,,Delayed
2015,1,5,DFW,MQ,155,0,,Delayed
2015,1,5,DFW,MQ,39,0,,Delayed
2015,1,5,DFW,MQ,21,0,,Delayed
2015,1,5,DFW,MQ,27,0,,Delayed
2015,1,5,DFW,MQ,24,0,,Delayed
2015,1,5,DFW,MQ,76,0,,Delayed
2015,1,5,DFW,MQ,35,0,,Delayed
2015,1,5,DFW,MQ,13,0,,Delayed
2015,1,5,DFW,MQ,39,0,,Delayed
2015,1,5,DFW,MQ,20,0,,Delayed
2015,1,5,DFW,MQ,4,0,,Delayed
2015,1,5,DFW,MQ,22,0,,Delayed
2015,1,5,DFW,MQ,20,0,,Delayed
2015,1,5,DFW,MQ,58,0,,Delayed
2015,1,5,DFW,MQ,72,0,,Delayed
2015,1,5,DFW,MQ,52,0,,Delayed
2015,1,5,DFW,MQ,65,0,,Delayed
2015,1,5,DFW,MQ,11,0,,Delayed
2015,1,5,DFW,MQ,69,0,,Delayed
2015,1,5,DFW,MQ,88,0,,Delayed
2015,1,5,DFW,MQ,35,0,,Delayed
2015,1,5,DFW,MQ,2,0,,Delayed
2015,1,5,DFW,MQ,21,0,,Delayed
2015,1,5,DFW,MQ,40,0,,Delayed
2015,1,5,DFW,MQ,51,0,,Delayed
2015,1,5,DFW,MQ,81,0,,Delayed
2015,1,5,DFW,MQ,44,0,,Delayed
2015,1,5,DFW,MQ,47,0,,Delayed
2015,1,5,DFW,MQ,15,0,,Delayed
2015,1,5,DFW,MQ,190,0,,Delayed
2015,1,5,DFW,MQ,65,0,,Delayed
2015,1,5,DFW,MQ,129,0,,Delayed
2015,1,5,DFW,MQ,53,0,,Delayed
2015,1,5,DFW,AA,111,0,,Delayed
2015,1,5,DFW,AA,5,0,,Delayed
2015,1,5,DFW,AA,6,0,,Delayed
2015,1,5,DFW,AA,15,0,,Delayed
2015,1,5,DFW,AA,17,0,,Delayed
2015,1,5,DFW,AA,2,0,,Delayed
2015,1,5,DFW,AA,30,0,,Delayed
2015,1,5,DFW,AA,5,0,,Delayed
2015,1,5,DFW,AA,131,0,,Delayed
2015,1,5,DFW,AA,40,0,,Delayed
2015,1,5,DFW,AA,1,0,,Delayed
2015,1,5,DFW,AA,5,0,,Delayed
2015,1,5,DFW,AA,25,0,,Delayed
2015,1,5,DFW,AA,4,0,,Delayed
2015,1,5,DFW,AA,21,0,,Delayed
2015,1,5,DFW,AA,51,0,,Delayed
2015,1,5,DFW,AA,5,0,,Delayed
2015,1,5,DFW,AA,17,0,,Delayed
2015,1,5,DFW,AA,131,0,,Delayed
2015,1,5,DFW,AA,23,0,,Delayed
2015,1,5,DFW,AA,14,0,,Delayed
2015,1,5,DFW,AA,15,0,,Delayed
2015,1,5,DFW,AA,149,0,,Delayed
2015,1,5,DFW,AA,13,0,,Delayed
2015,1,5,DFW,AA,14,0,,Delayed
2015,1,5,DFW,AA,99,0,,Delayed
2015,1,5,DFW,AA,3,0,,Delayed
2015,1,5,DFW,AA,4,0,,Delayed
2015,1,5,DFW,AA,27,0,,Delayed
2015,1,5,DFW,AA,8,0,,Delayed
2015,1,5,DFW,AA,87,0,,Delayed
2015,1,5,DFW,AA,56,0,,Delayed
2015,1,5,DFW,AA,6,0,,Delayed
2015,1,5,DFW,AA,2,0,,Delayed
2015,1,5,DFW,AA,23,0,,Delayed
2015,1,5,DFW,AA,2,0,,Delayed
2015,1,5,DFW,AA,6,0,,Delayed
2015,1,5,DFW,AA,53,0,,Delayed
2015,1,5,DFW,AA,25,0,,Delayed
2015,1,5,DFW,AA,27,0,,Delayed
2015,1,5,DFW,AA,17,0,,Delayed
2015,1,5,DFW,AA,27,0,,Delayed
2015,1,5,DFW,AA,104,0,,Delayed
2015,1,5,DFW,AA,17,0,,Delayed
2015,1,5,DFW,AA,4,0,,Delayed
2015,1,5,DFW,AA,15,0,,Delayed
2015,1,5,DFW,AA,6,0,,Delayed
2015,1,5,DFW,AA,366,0,,Delayed
2015,1,5,DFW,AA,1,0,,Delayed
2015,1,5,DFW,AA,49,0,,Delayed
2015,1,5,DFW,AA,34,0,,Delayed
2015,1,5,DFW,AA,7,0,,Delayed
2015,1,5,DFW,AA,14,0,,Delayed
2015,1,5,DFW,AA,3,0,,Delayed
2015,1,5,DFW,AA,29,0,,Delayed
2015,1,5,DFW,AA,1,0,,Delayed
2015,1,5,DFW,AA,11,0,,Delayed
2015,1,5,DFW,AA,30,0,,Delayed
2015,1,5,DFW,AA,12,0,,Delayed
2015,1,5,DFW,AA,3,0,,Delayed
2015,1,5,DFW,AA,12,0,,Delayed
2015,1,5,DFW,AA,7,0,,Delayed
2015,1,5,DFW,AA,172,0,,Delayed
2015,1,5,DFW,AA,120,0,,Delayed
2015,1,5,DFW,AA,7,0,,Delayed
2015,1,5,DFW,AA,13,0,,Delayed
2015,1,5,DFW,AA,21,0,,Delayed
2015,1,5,DFW,AA,40,0,,Delayed
2015,1,5,DFW,AA,57,0,,Delayed
2015,1,5,DFW,AA,11,0,,Delayed
2015,1,5,DFW,AA,5,0,,Delayed
2015,1,5,DFW,AA,2,0,,Delayed
2015,1,5,DFW,AA,1,0,,Delayed
2015,1,5,DFW,AA,16,0,,Delayed
2015,1,5,DFW,AA,23,0,,Delayed
2015,1,5,DFW,AA,67,0,,Delayed
2015,1,5,DFW,AA,10,0,,Delayed
2015,1,5,DFW,AA,37,0,,Delayed
2015,1,5,DFW,AA,6,0,,Delayed
2015,1,5,DFW,AA,56,0,,Delayed
2015,1,5,DFW,AA,6,0,,Delayed
2015,1,5,DFW,AA,10,0,,Delayed
2015,1,5,DFW,AA,57,0,,Delayed
2015,1,5,DFW,AA,38,0,,Delayed
2015,1,5,DFW,AA,22,0,,Delayed
2015,1,5,DFW,AA,27,0,,Delayed
2015,1,5,DFW,AA,16,0,,Delayed
2015,1,5,DFW,AA,25,0,,Delayed
2015,1,5,DFW,AA,6,0,,Delayed
2015,1,5,DFW,AA,8,0,,Delayed
2015,1,5,DFW,AA,54,0,,Delayed
2015,1,5,DFW,AA,87,0,,Delayed
2015,1,5,DFW,AA,153,0,,Delayed
2015,1,5,DFW,AA,52,0,,Delayed
2015,1,5,DFW,AA,17,0,,Delayed
2015,1,5,DFW,AA,5,0,,Delayed
2015,1,5,DFW,AA,17,0,,Delayed
2015,1,5,DFW,AA,3,0,,Delayed
2015,1,5,DFW,AA,9,0,,Delayed
2015,1,5,DFW,AA,78,0,,Delayed
2015,1,5,DFW,AA,28,0,,Delayed
2015,1,5,DFW,AA,19,0,,Delayed
2015,1,5,DFW,AA,7,0,,Delayed
2015,1,5,DFW,AA,37,0,,Delayed
2015,1,5,DFW,AA,17,0,,Delayed
2015,1,5,DFW,AA,14,0,,Delayed
2015,1,5,DFW,AA,129,0,,Delayed
2015,1,5,DFW,AA,13,0,,Delayed
2015,1,5,DFW,AA,84,0,,Delayed
2015,1,5,DFW,AA,19,0,,Delayed
2015,1,5,DFW,AA,45,0,,Delayed
2015,1,5,DFW,AA,17,0,,Delayed
2015,1,5,DFW,AA,53,0,,Delayed
2015,1,5,DFW,AA,52,0,,Delayed
2015,1,5,DFW,AA,10,0,,Delayed
2015,1,5,DFW,AA,48,0,,Delayed
2015,1,5,DFW,AA,8,0,,Delayed
2015,1,5,DFW,AA,277,0,,Delayed
2015,1,5,DFW,AA,13,0,,Delayed
2015,1,5,DFW,AA,50,0,,Delayed
2015,1,5,DFW,AA,10,0,,Delayed
2015,1,5,DFW,AA,19,0,,Delayed
2015,1,5,DFW,AA,71,0,,Delayed
2015,1,5,DFW,AA,5,0,,Delayed
2015,1,5,DFW,AA,6,0,,Delayed
2015,1,5,DFW,AA,100,0,,Delayed
2015,1,5,DFW,AA,10,0,,Delayed
2015,1,5,DFW,AA,17,0,,Delayed
2015,1,5,DFW,AA,73,0,,Delayed
2015,1,5,DFW,AA,51,0,,Delayed
2015,1,5,DFW,AA,57,0,,Delayed
2015,1,5,DFW,AA,31,0,,Delayed
2015,1,5,DFW,AA,84,0,,Delayed
2015,1,5,DFW,AA,3,0,,Delayed
2015,1,5,DFW,AA,11,0,,Delayed
2015,1,5,DFW,AA,37,0,,Delayed
2015,1,5,DFW,AA,101,0,,Delayed
2015,1,5,DFW,AA,37,0,,Delayed
2015,1,5,DFW,AA,49,0,,Delayed
2015,1,5,DFW,AA,18,0,,Delayed
2015,1,5,DFW,AA,54,0,,Delayed
2015,1,5,DFW,AA,33,0,,Delayed
2015,1,5,DFW,AA,15,0,,Delayed
2015,1,5,DFW,AA,15,0,,Delayed
2015,1,5,DFW,AA,91,0,,Delayed
2015,1,5,DFW,AA,68,0,,Delayed
2015,1,5,DFW,AA,31,0,,Delayed
2015,1,5,DFW,AA,25,0,,Delayed
2015,1,5,DFW,AA,35,0,,Delayed
2015,1,5,DFW,AA,39,0,,Delayed
2015,1,5,DFW,AA,47,0,,Delayed
2015,1,5,DFW,AA,113,0,,Delayed
2015,1,5,DFW,AA,33,0,,Delayed
2015,1,5,DFW,AA,44,0,,Delayed
2015,1,5,DFW,AA,60,0,,Delayed
2015,1,5,DFW,AA,11,0,,Delayed
2015,1,5,DFW,AA,19,0,,Delayed
2015,1,5,DFW,AA,164,0,,Delayed
2015,1,5,DFW,AA,35,0,,Delayed
2015,1,5,DFW,AA,5,0,,Delayed
2015,1,5,DFW,AA,18,0,,Delayed
2015,1,5,DFW,AA,80,0,,Delayed
2015,1,5,DFW,AA,90,0,,Delayed
2015,1,5,DFW,AA,42,0,,Delayed
2015,1,5,DFW,AA,29,0,,Delayed
2015,1,5,DFW,AA,3,0,,Delayed
2015,1,5,DFW,AA,20,0,,Delayed
2015,1,5,DFW,AA,29,0,,Delayed
2015,1,5,DFW,AA,20,0,,Delayed
2015,1,5,DFW,AA,38,0,,Delayed
2015,1,5,DFW,AA,29,0,,Delayed
2015,1,5,DFW,AA,124,0,,Delayed
2015,1,5,DFW,AA,48,0,,Delayed
2015,1,5,DFW,AA,48,0,,Delayed
2015,1,5,DFW,AA,26,0,,Delayed
2015,1,5,DFW,AA,49,0,,Delayed
2015,1,5,DFW,AA,3,0,,Delayed
2015,1,5,DFW,AA,49,0,,Delayed
2015,1,5,DFW,AA,75,0,,Delayed
2015,1,5,DFW,AA,32,0,,Delayed
2015,1,5,DFW,AA,26,0,,Delayed
2015,1,5,DFW,AA,18,0,,Delayed
2015,1,5,DFW,AA,36,0,,Delayed
2015,1,5,DFW,AA,40,0,,Delayed
2015,1,5,DFW,AA,21,0,,Delayed
2015,1,5,DFW,AA,9,0,,Delayed
2015,1,5,DFW,AA,3,0,,Delayed
2015,1,5,DFW,AA,115,0,,Delayed
2015,1,5,DFW,AA,83,0,,Delayed
2015,1,5,DFW,AA,167,0,,Delayed
2015,1,5,DFW,AA,15,0,,Delayed
2015,1,5,DFW,AA,16,0,,Delayed
2015,1,5,DFW,AA,13,0,,Delayed
2015,1,5,DFW,AA,7,0,,Delayed
2015,1,5,DFW,AA,49,0,,Delayed
2015,1,5,DFW,AA,91,0,,Delayed
2015,1,5,DFW,AA,48,0,,Delayed
2015,1,5,DFW,AA,32,0,,Delayed
2015,1,5,DFW,AA,32,0,,Delayed
2015,1,5,DFW,AA,10,0,,Delayed
2015,1,5,DFW,AA,227,0,,Delayed
2015,1,5,DFW,AA,5,0,,Delayed
2015,1,5,DFW,AA,45,0,,Delayed
2015,1,5,DFW,AA,45,0,,Delayed
2015,1,5,DFW,AA,11,0,,Delayed
2015,1,5,DFW,AA,69,0,,Delayed
2015,1,5,DFW,AA,78,0,,Delayed
2015,1,5,DFW,AA,47,0,,Delayed
2015,1,5,DFW,AA,14,0,,Delayed
2015,1,5,DFW,AA,116,0,,Delayed
2015,1,5,DFW,AA,26,0,,Delayed
2015,1,5,DFW,AA,3,0,,Delayed
2015,1,5,DFW,AA,4,0,,Delayed
2015,1,5,DFW,AA,18,0,,Delayed
2015,1,5,DFW,AA,160,0,,Delayed
2015,1,5,DFW,AA,30,0,,Delayed
2015,1,5,DFW,AA,117,0,,Delayed
2015,1,5,DFW,AA,10,0,,Delayed
2015,1,5,DFW,AA,35,0,,Delayed
2015,1,5,DFW,AA,68,0,,Delayed
2015,1,5,DFW,AA,36,0,,Delayed
2015,1,5,DFW,AA,95,0,,Delayed
2015,1,5,DFW,AA,135,0,,Delayed
2015,1,5,DFW,AA,38,0,,Delayed
2015,1,5,DFW,AA,14,0,,Delayed
2015,1,5,DFW,AA,18,0,,Delayed
2015,1,5,DFW,AA,36,0,,Delayed
2015,1,5,DFW,AA,10,0,,Delayed
2015,1,5,DFW,AA,18,0,,Delayed
2015,1,5,DFW,AA,45,0,,Delayed
2015,1,5,DFW,AA,44,0,,Delayed
2015,1,5,DFW,AA,19,0,,Delayed
2015,1,5,DFW,AA,1,0,,Delayed
2015,1,5,DFW,AA,113,0,,Delayed
2015,1,5,DFW,AA,2,0,,Delayed
2015,1,5,DFW,AA,54,0,,Delayed
2015,1,5,DFW,AA,60,0,,Delayed
2015,1,5,DFW,AA,52,0,,Delayed
2015,1,5,DFW,AA,1,0,,Delayed
2015,1,5,DFW,AA,26,0,,Delayed
2015,1,5,DFW,AA,3,0,,Delayed
2015,1,5,DFW,AA,166,0,,Delayed
2015,1,5,DFW,AA,2,0,,Delayed
2015,1,5,DFW,AA,122,0,,Delayed
2015,1,5,DFW,AA,63,0,,Delayed
2015,1,5,DFW,AA,21,0,,Delayed
2015,1,5,DFW,AA,104,0,,Delayed
2015,1,5,DFW,AA,8,0,,Delayed
2015,1,5,DFW,AA,76,0,,Delayed
2015,1,5,DFW,AA,33,0,,Delayed
2015,1,5,DFW,AA,31,0,,Delayed
2015,1,5,DFW,AA,4,0,,Delayed
2015,1,5,DFW,AA,56,0,,Delayed
2015,1,5,DFW,AA,30,0,,Delayed
2015,1,5,DFW,AA,50,0,,Delayed
2015,1,5,DFW,AA,3,0,,Delayed
2015,1,5,DFW,AA,43,0,,Delayed
2015,1,5,DFW,AA,26,0,,Delayed
2015,1,4,DFW,AA,108,0,,Delayed
2015,1,4,DFW,AA,6,0,,Delayed
2015,1,4,DFW,AA,70,0,,Delayed
2015,1,4,DFW,AA,9,0,,Delayed
2015,1,4,DFW,AA,39,0,,Delayed
2015,1,4,DFW,AA,2,0,,Delayed
2015,1,4,DFW,AA,33,0,,Delayed
2015,1,4,DFW,AA,205,0,,Delayed
2015,1,4,DFW,AA,15,0,,Delayed
2015,1,4,DFW,AA,7,0,,Delayed
2015,1,4,DFW,AA,46,0,,Delayed
2015,1,4,DFW,AA,63,0,,Delayed
2015,1,4,DFW,AA,78,0,,Delayed
2015,1,4,DFW,AA,86,0,,Delayed
2015,1,4,DFW,AA,128,0,,Delayed
2015,1,4,DFW,AA,11,0,,Delayed
2015,1,4,DFW,AA,3,0,,Delayed
2015,1,4,DFW,AA,33,0,,Delayed
2015,1,4,DFW,AA,47,0,,Delayed
2015,1,4,DFW,AA,16,0,,Delayed
2015,1,4,DFW,AA,11,0,,Delayed
2015,1,4,DFW,AA,7,0,,Delayed
2015,1,4,DFW,AA,16,0,,Delayed
2015,1,4,DFW,AA,14,0,,Delayed
2015,1,4,DFW,AA,8,0,,Delayed
2015,1,4,DFW,AA,17,0,,Delayed
2015,1,4,DFW,AA,57,0,,Delayed
2015,1,4,DFW,AA,22,0,,Delayed
2015,1,4,DFW,AA,5,0,,Delayed
2015,1,4,DFW,AA,24,0,,Delayed
2015,1,4,DFW,AA,54,0,,Delayed
2015,1,4,DFW,AA,2,0,,Delayed
2015,1,4,DFW,AA,16,0,,Delayed
2015,1,4,DFW,AA,22,0,,Delayed
2015,1,4,DFW,AA,5,0,,Delayed
2015,1,4,DFW,AA,1,0,,Delayed
2015,1,4,DFW,AA,164,0,,Delayed
2015,1,4,DFW,AA,22,0,,Delayed
2015,1,4,DFW,AA,71,0,,Delayed
2015,1,4,DFW,AA,12,0,,Delayed
2015,1,4,DFW,AA,7,0,,Delayed
2015,1,4,DFW,AA,6,0,,Delayed
2015,1,4,DFW,AA,4,0,,Delayed
2015,1,4,DFW,AA,73,0,,Delayed
2015,1,4,DFW,AA,24,0,,Delayed
2015,1,4,DFW,AA,5,0,,Delayed
2015,1,4,DFW,AA,11,0,,Delayed
2015,1,4,DFW,AA,19,0,,Delayed
2015,1,4,DFW,AA,9,0,,Delayed
2015,1,4,DFW,AA,8,0,,Delayed
2015,1,4,DFW,AA,178,0,,Delayed
2015,1,4,DFW,AA,1,0,,Delayed
2015,1,4,DFW,AA,2,0,,Delayed
2015,1,4,DFW,AA,1,0,,Delayed
2015,1,4,DFW,AA,17,0,,Delayed
2015,1,4,DFW,AA,10,0,,Delayed
2015,1,4,DFW,AA,20,0,,Delayed
2015,1,4,DFW,AA,2,0,,Delayed
2015,1,4,DFW,AA,30,0,,Delayed
2015,1,4,DFW,AA,15,0,,Delayed
2015,1,4,DFW,AA,11,0,,Delayed
2015,1,4,DFW,AA,1,0,,Delayed
2015,1,4,DFW,AA,45,0,,Delayed
2015,1,4,DFW,AA,10,0,,Delayed
2015,1,4,DFW,AA,4,0,,Delayed
2015,1,4,DFW,AA,84,0,,Delayed
2015,1,4,DFW,AA,13,0,,Delayed
2015,1,4,DFW,AA,5,0,,Delayed
2015,1,4,DFW,AA,228,0,,Delayed
2015,1,4,DFW,AA,289,0,,Delayed
2015,1,4,DFW,AA,53,0,,Delayed
2015,1,4,DFW,AA,16,0,,Delayed
2015,1,4,DFW,AA,1,0,,Delayed
2015,1,4,DFW,AA,11,0,,Delayed
2015,1,4,DFW,AA,23,0,,Delayed
2015,1,4,DFW,AA,8,0,,Delayed
2015,1,4,DFW,AA,2,0,,Delayed
2015,1,4,DFW,AA,5,0,,Delayed
2015,1,4,DFW,AA,33,0,,Delayed
2015,1,4,DFW,AA,1,0,,Delayed
2015,1,4,DFW,AA,55,0,,Delayed
2015,1,4,DFW,AA,24,0,,Delayed
2015,1,4,DFW,AA,1,0,,Delayed
2015,1,4,DFW,AA,5,0,,Delayed
2015,1,4,DFW,AA,3,0,,Delayed
2015,1,4,DFW,AA,9,0,,Delayed
2015,1,4,DFW,AA,74,0,,Delayed
2015,1,4,DFW,AA,46,0,,Delayed
2015,1,4,DFW,AA,6,0,,Delayed
2015,1,4,DFW,AA,8,0,,Delayed
2015,1,4,DFW,AA,50,0,,Delayed
2015,1,4,DFW,AA,3,0,,Delayed
2015,1,4,DFW,AA,23,0,,Delayed
2015,1,4,DFW,AA,4,0,,Delayed
2015,1,4,DFW,AA,15,0,,Delayed
2015,1,4,DFW,AA,4,0,,Delayed
2015,1,4,DFW,AA,81,0,,Delayed
2015,1,4,DFW,AA,4,0,,Delayed
2015,1,4,DFW,AA,3,0,,Delayed
2015,1,4,DFW,AA,24,0,,Delayed
2015,1,4,DFW,AA,13,0,,Delayed
2015,1,4,DFW,AA,129,0,,Delayed
2015,1,4,DFW,AA,15,0,,Delayed
2015,1,4,DFW,AA,7,0,,Delayed
2015,1,4,DFW,AA,26,0,,Delayed
2015,1,4,DFW,AA,40,0,,Delayed
2015,1,4,DFW,AA,59,0,,Delayed
2015,1,4,DFW,AA,29,0,,Delayed
2015,1,4,DFW,AA,9,0,,Delayed
2015,1,4,DFW,AA,44,0,,Delayed
2015,1,4,DFW,AA,6,0,,Delayed
2015,1,4,DFW,AA,57,0,,Delayed
2015,1,4,DFW,AA,102,0,,Delayed
2015,1,4,DFW,AA,17,0,,Delayed
2015,1,4,DFW,AA,5,0,,Delayed
2015,1,4,DFW,AA,29,0,,Delayed
2015,1,4,DFW,AA,5,0,,Delayed
2015,1,4,DFW,AA,9,0,,Delayed
2015,1,4,DFW,AA,17,0,,Delayed
2015,1,4,DFW,AA,17,0,,Delayed
2015,1,4,DFW,AA,15,0,,Delayed
2015,1,4,DFW,AA,104,0,,Delayed
2015,1,4,DFW,AA,2,0,,Delayed
2015,1,4,DFW,AA,31,0,,Delayed
2015,1,4,DFW,AA,39,0,,Delayed
2015,1,4,DFW,AA,25,0,,Delayed
2015,1,4,DFW,AA,6,0,,Delayed
2015,1,4,DFW,AA,24,0,,Delayed
2015,1,4,DFW,AA,26,0,,Delayed
2015,1,4,DFW,AA,23,0,,Delayed
2015,1,4,DFW,AA,7,0,,Delayed
2015,1,4,DFW,AA,47,0,,Delayed
2015,1,4,DFW,AA,32,0,,Delayed
2015,1,4,DFW,AA,74,0,,Delayed
2015,1,4,DFW,AA,101,0,,Delayed
2015,1,4,DFW,AA,4,0,,Delayed
2015,1,4,DFW,AA,35,0,,Delayed
2015,1,4,DFW,AA,50,0,,Delayed
2015,1,4,DFW,AA,44,0,,Delayed
2015,1,4,DFW,AA,10,0,,Delayed
2015,1,4,DFW,AA,78,0,,Delayed
2015,1,4,DFW,AA,15,0,,Delayed
2015,1,4,DFW,AA,11,0,,Delayed
2015,1,4,DFW,AA,3,0,,Delayed
2015,1,4,DFW,AA,40,0,,Delayed
2015,1,4,DFW,AA,37,0,,Delayed
2015,1,4,DFW,AA,5,0,,Delayed
2015,1,4,DFW,AA,16,0,,Delayed
2015,1,4,DFW,AA,35,0,,Delayed
2015,1,4,DFW,AA,133,0,,Delayed
2015,1,4,DFW,AA,14,0,,Delayed
2015,1,4,DFW,AA,16,0,,Delayed
2015,1,4,DFW,AA,16,0,,Delayed
2015,1,4,DFW,AA,20,0,,Delayed
2015,1,4,DFW,AA,4,0,,Delayed
2015,1,4,DFW,AA,17,0,,Delayed
2015,1,4,DFW,AA,47,0,,Delayed
2015,1,4,DFW,AA,146,0,,Delayed
2015,1,4,DFW,AA,2,0,,Delayed
2015,1,4,DFW,AA,188,0,,Delayed
2015,1,4,DFW,AA,2,0,,Delayed
2015,1,4,DFW,AA,267,0,,Delayed
2015,1,4,DFW,AA,2,0,,Delayed
2015,1,4,DFW,AA,15,0,,Delayed
2015,1,4,DFW,AA,190,0,,Delayed
2015,1,4,DFW,AA,68,0,,Delayed
2015,1,4,DFW,AA,269,0,,Delayed
2015,1,4,DFW,AA,11,0,,Delayed
2015,1,4,DFW,AA,25,0,,Delayed
2015,1,4,DFW,AA,1,0,,Delayed
2015,1,4,DFW,AA,37,0,,Delayed
2015,1,4,DFW,AA,11,0,,Delayed
2015,1,4,DFW,AA,24,0,,Delayed
2015,1,4,DFW,AA,45,0,,Delayed
2015,1,4,DFW,AA,60,0,,Delayed
2015,1,4,DFW,AA,73,0,,Delayed
2015,1,4,DFW,AA,309,0,,Delayed
2015,1,4,DFW,AA,11,0,,Delayed
2015,1,4,DFW,AA,44,0,,Delayed
2015,1,4,DFW,AA,12,0,,Delayed
2015,1,4,DFW,AA,15,0,,Delayed
2015,1,4,DFW,AA,121,0,,Delayed
2015,1,4,DFW,AA,82,0,,Delayed
2015,1,4,DFW,AA,159,0,,Delayed
2015,1,4,DFW,AA,15,0,,Delayed
2015,1,4,DFW,AA,10,0,,Delayed
2015,1,4,DFW,AA,24,0,,Delayed
2015,1,4,DFW,AA,34,0,,Delayed
2015,1,4,DFW,AA,40,0,,Delayed
2015,1,4,DFW,AA,100,0,,Delayed
2015,1,4,DFW,AA,51,0,,Delayed
2015,1,4,DFW,AA,76,0,,Delayed
2015,1,4,DFW,AA,52,0,,Delayed
2015,1,4,DFW,AA,77,0,,Delayed
2015,1,4,DFW,AA,23,0,,Delayed
2015,1,4,DFW,AA,13,0,,Delayed
2015,1,4,DFW,AA,92,0,,Delayed
2015,1,4,DFW,AA,41,0,,Delayed
2015,1,4,DFW,AA,9,0,,Delayed
2015,1,4,DFW,AA,8,0,,Delayed
2015,1,4,DFW,AA,150,0,,Delayed
2015,1,4,DFW,AA,2,0,,Delayed
2015,1,4,DFW,AA,39,0,,Delayed
2015,1,4,DFW,AA,20,0,,Delayed
2015,1,4,DFW,AA,64,0,,Delayed
2015,1,4,DFW,AA,47,0,,Delayed
2015,1,4,DFW,AA,68,0,,Delayed
2015,1,4,DFW,AA,32,0,,Delayed
2015,1,4,DFW,AA,21,0,,Delayed
2015,1,4,DFW,AA,8,0,,Delayed
2015,1,4,DFW,AA,16,0,,Delayed
2015,1,4,DFW,AA,40,0,,Delayed
2015,1,4,DFW,AA,22,0,,Delayed
2015,1,4,DFW,AA,2,0,,Delayed
2015,1,4,DFW,AA,24,0,,Delayed
2015,1,4,DFW,AA,81,0,,Delayed
2015,1,4,DFW,AA,57,0,,Delayed
2015,1,4,DFW,AA,2,0,,Delayed
2015,1,4,DFW,AA,16,0,,Delayed
2015,1,4,DFW,AA,31,0,,Delayed
2015,1,4,DFW,AA,42,0,,Delayed
2015,1,4,DFW,AA,3,0,,Delayed
2015,1,4,DFW,AA,99,0,,Delayed
2015,1,4,DFW,AA,1,0,,Delayed
2015,1,4,DFW,AA,37,0,,Delayed
2015,1,4,DFW,AA,17,0,,Delayed
2015,1,4,DFW,AA,132,0,,Delayed
2015,1,4,DFW,AA,27,0,,Delayed
2015,1,4,DFW,AA,3,0,,Delayed
2015,1,4,DFW,AA,76,0,,Delayed
2015,1,4,DFW,AA,27,0,,Delayed
2015,1,4,DFW,AA,17,0,,Delayed
2015,1,4,DFW,AA,12,0,,Delayed
2015,1,4,DFW,AA,43,0,,Delayed
2015,1,4,DFW,AA,70,0,,Delayed
2015,1,4,DFW,AA,41,0,,Delayed
2015,1,4,DFW,AA,46,0,,Delayed
2015,1,4,DFW,AA,106,0,,Delayed
2015,1,4,DFW,AA,19,0,,Delayed
2015,1,4,DFW,AA,24,0,,Delayed
2015,1,4,DFW,AA,33,0,,Delayed
2015,1,4,DFW,AA,27,0,,Delayed
2015,1,4,DFW,AA,92,0,,Delayed
2015,1,4,DFW,AA,4,0,,Delayed
2015,1,4,DFW,AA,20,0,,Delayed
2015,1,4,DFW,AA,39,0,,Delayed
2015,1,4,DFW,AA,62,0,,Delayed
2015,1,4,DFW,AA,21,0,,Delayed
2015,1,4,DFW,AA,24,0,,Delayed
2015,1,4,DFW,AA,57,0,,Delayed
2015,1,4,DFW,AA,11,0,,Delayed
2015,1,4,DFW,AA,40,0,,Delayed
2015,1,4,DFW,AA,52,0,,Delayed
2015,1,4,DFW,AA,1,0,,Delayed
2015,1,4,DFW,AA,125,0,,Delayed
2015,1,4,DFW,AA,184,0,,Delayed
2015,1,4,DFW,AA,12,0,,Delayed
2015,1,4,DFW,AA,56,0,,Delayed
2015,1,4,DFW,AA,8,0,,Delayed
2015,1,4,DFW,AA,100,0,,Delayed
2015,1,4,DFW,AA,60,0,,Delayed
2015,1,4,DFW,AA,39,0,,Delayed
2015,1,4,DFW,AA,3,0,,Delayed
2015,1,4,DFW,AA,52,0,,Delayed
2015,1,4,DFW,AA,47,0,,Delayed
2015,1,4,DFW,AA,30,0,,Delayed
2015,1,4,DFW,AA,14,0,,Delayed
2015,1,4,DFW,AA,211,0,,Delayed
2015,1,4,DFW,AA,64,0,,Delayed
2015,1,4,DFW,AA,1,0,,Delayed
2015,1,4,DFW,AA,124,0,,Delayed
2015,1,4,DFW,AA,11,0,,Delayed
2015,1,4,DFW,AA,20,0,,Delayed
2015,1,4,DFW,AA,15,0,,Delayed
2015,1,4,DFW,AA,12,0,,Delayed
2015,1,4,DFW,AA,117,0,,Delayed
2015,1,4,DFW,AA,43,0,,Delayed
2015,1,4,DFW,AA,39,0,,Delayed
2015,1,4,DFW,AA,82,0,,Delayed
2015,1,4,DFW,AA,11,0,,Delayed
2015,1,4,DFW,AA,123,0,,Delayed
2015,1,4,DFW,AA,32,0,,Delayed
2015,1,4,DFW,AA,46,0,,Delayed
2015,1,4,DFW,AA,7,0,,Delayed
2015,1,4,DFW,AA,56,0,,Delayed
2015,1,4,DFW,AA,98,0,,Delayed
2015,1,4,DFW,AA,162,0,,Delayed
2015,1,4,DFW,AA,50,0,,Delayed
2015,1,4,DFW,AA,66,0,,Delayed
2015,1,4,DFW,AA,6,0,,Delayed
2015,1,4,DFW,AA,18,0,,Delayed
2015,1,4,DFW,AA,23,0,,Delayed
2015,1,4,DFW,AA,103,0,,Delayed
2015,1,4,DFW,AA,28,0,,Delayed
2015,1,4,SFO,AA,-11,0,,On-Time
2015,1,4,PHX,AA,-11,0,,On-Time
2015,1,4,PHX,US,-11,0,,On-Time
2015,1,4,ORD,B6,-11,0,,On-Time
2015,1,4,DEN,AS,-11,0,,On-Time
2015,1,4,LAS,AS,-13,0,,On-Time
2015,1,4,ORD,F9,-11,0,,On-Time
2015,1,4,LAS,WN,-11,0,,On-Time
2015,1,4,LAS,HA,-11,0,,On-Time
2015,1,4,MSP,OO,-14,0,,On-Time
2015,1,4,ORD,OO,-14,0,,On-Time
2015,1,4,LAX,OO,-13,0,,On-Time
2015,1,4,SFO,OO,-11,0,,On-Time
2015,1,4,ATL,EV,-12,0,,On-Time
2015,1,4,MSP,OO,-13,0,,On-Time
2015,1,4,DFW,EV,-11,0,,On-Time
2015,1,4,ORD,OO,-13,0,,On-Time
2015,1,4,DFW,NK,-14,0,,On-Time
2015,1,4,SFO,US,-15,0,,On-Time
2015,1,4,PHX,AS,-11,0,,On-Time
2015,1,4,ATL,WN,-11,0,,On-Time
2015,1,4,LAS,AS,-11,0,,On-Time
2015,1,4,LAX,OO,-11,0,,On-Time
2015,1,4,SFO,OO,-11,0,,On-Time
2015,1,4,ORD,MQ,-11,0,,On-Time
2015,1,4,LAX,OO,-13,0,,On-Time
2015,1,4,SFO,AS,-13,0,,On-Time
2015,1,4,LAS,NK,-12,0,,On-Time
2015,1,4,LAS,VX,-11,0,,On-Time
2015,1,4,PHX,OO,-12,0,,On-Time
2015,1,4,LAX,UA,-11,0,,On-Time
2015,1,5,DFW,MQ,-11,0,,On-Time
2015,1,5,SFO,OO,-14,0,,On-Time
2015,1,5,SFO,AA,-14,0,,On-Time
2015,1,5,ORD,AA,-11,0,,On-Time
2015,1,5,ORD,MQ,-12,0,,On-Time
2015,1,5,SFO,OO,-12,0,,On-Time
2015,1,5,ATL,EV,-11,0,,On-Time
2015,1,5,DEN,F9,-11,0,,On-Time
2015,1,5,LAS,OO,-16,0,,On-Time
2015,1,5,DEN,US,-11,0,,On-Time
2015,1,5,LAS,AS,-12,0,,On-Time
2015,1,5,SFO,OO,-11,0,,On-Time
2015,1,5,ORD,EV,-12,0,,On-Time
2015,1,5,LAS,AS,-13,0,,On-Time
2015,1,5,LAX,OO,-15,0,,On-Time
2015,1,5,PHX,OO,-11,0,,On-Time
2015,1,5,LAX,AA,-13,0,,On-Time
2015,1,5,SFO,OO,-14,0,,On-Time
2015,1,5,LAS,NK,-14,0,,On-Time
2015,1,5,LAS,F9,-16,0,,On-Time
2015,1,4,LAS,US,-10,0,,On-Time
2015,1,4,LAX,AA,-10,0,,On-Time
2015,1,4,IAH,EV,-10,0,,On-Time
2015,1,4,DFW,AA,-10,0,,On-Time
2015,1,4,PHX,HA,-10,0,,On-Time
2015,1,4,LAX,OO,-10,0,,On-Time
2015,1,4,LAX,US,-10,0,,On-Time
2015,1,4,SFO,OO,-10,0,,On-Time
2015,1,4,SFO,F9,-10,0,,On-Time
2015,1,4,ORD,OO,-10,0,,On-Time
2015,1,4,SFO,UA,-10,0,,On-Time
2015,1,4,SFO,US,-10,0,,On-Time
2015,1,4,PHX,US,-10,0,,On-Time
2015,1,4,ORD,OO,-10,0,,On-Time
2015,1,4,DEN,AA,-10,0,,On-Time
2015,1,4,LAS,AS,-10,0,,On-Time
2015,1,4,LAX,OO,-10,0,,On-Time
2015,1,4,IAH,EV,-10,0,,On-Time
2015,1,4,DEN,OO,-10,0,,On-Time
2015,1,4,LAS,AA,-10,0,,On-Time
2015,1,4,SFO,OO,-10,0,,On-Time
2015,1,4,LAX,AS,-10,0,,On-Time
2015,1,4,LAS,AS,-10,0,,On-Time
2015,1,4,ORD,EV,-10,0,,On-Time
2015,1,4,ORD,EV,-10,0,,On-Time
2015,1,4,ATL,EV,-10,0,,On-Time
2015,1,4,MSP,OO,-10,0,,On-Time
2015,1,4,ATL,EV,-10,0,,On-Time
2015,1,4,DFW,NK,-10,0,,On-Time
2015,1,4,LAX,OO,-10,0,,On-Time
2015,1,4,ORD,OO,-10,0,,On-Time
2015,1,4,MSP,AA,-10,0,,On-Time
2015,1,4,LAX,OO,-10,0,,On-Time
2015,1,4,ATL,DL,-10,0,,On-Time
2015,1,4,ATL,EV,-10,0,,On-Time
2015,1,4,ORD,EV,-10,0,,On-Time
2015,1,4,LAX,OO,-10,0,,On-Time
2015,1,4,SFO,VX,-10,0,,On-Time
2015,1,4,LAX,B6,-10,0,,On-Time
2015,1,4,ATL,DL,-10,0,,On-Time
2015,1,4,LAX,VX,-10,0,,On-Time
2015,1,4,SFO,OO,-10,0,,On-Time
2015,1,4,SFO,OO,-10,0,,On-Time
2015,1,4,SFO,OO,-10,0,,On-Time
2015,1,4,DEN,F9,-10,0,,On-Time
2015,1,5,PHX,DL,-10,0,,On-Time
2015,1,5,ORD,NK,-10,0,,On-Time
2015,1,5,LAX,AS,-10,0,,On-Time
2015,1,5,IAH,NK,-10,0,,On-Time
2015,1,5,MSP,WN,-10,0,,On-Time
2015,1,5,SFO,OO,-10,0,,On-Time
2015,1,5,DEN,US,-10,0,,On-Time
2015,1,5,SFO,OO,-10,0,,On-Time
2015,1,5,SFO,OO,-10,0,,On-Time
2015,1,5,ORD,EV,-10,0,,On-Time
2015,1,5,LAS,UA,-10,0,,On-Time
2015,1,5,SFO,HA,-10,0,,On-Time
2015,1,5,IAH,UA,-10,0,,On-Time
2015,1,5,LAX,HA,-10,0,,On-Time
2015,1,5,ORD,OO,-10,0,,On-Time
2015,1,5,LAS,AA,-10,0,,On-Time
2015,1,5,SFO,OO,-10,0,,On-Time
2015,1,5,ORD,OO,-10,0,,On-Time
2015,1,5,SFO,OO,-10,0,,On-Time
2015,1,5,MSP,DL,-10,0,,On-Time
2015,1,5,ATL,DL,-10,0,,On-Time
2015,1,5,SFO,OO,-10,0,,On-Time
2015,1,5,LAX,OO,-10,0,,On-Time
2015,1,5,ORD,EV,-10,0,,On-Time
2015,1,5,SFO,US,-10,0,,On-Time
2015,1,5,ATL,EV,-10,0,,On-Time
2015,1,5,SFO,OO,-10,0,,On-Time
2015,1,5,PHX,OO,-10,0,,On-Time
2015,1,5,SFO,OO,-10,0,,On-Time
2015,1,4,ORD,NK,-9,0,,On-Time
2015,1,4,SFO,UA,-9,0,,On-Time
2015,1,4,LAX,AA,-9,0,,On-Time
2015,1,4,SFO,AS,-9,0,,On-Time
2015,1,4,LAX,UA,-9,0,,On-Time
2015,1,4,LAS,AA,-9,0,,On-Time
2015,1,4,IAH,US,-9,0,,On-Time
2015,1,4,PHX,AS,-9,0,,On-Time
2015,1,4,DEN,OO,-9,0,,On-Time
2015,1,4,ORD,OO,-9,0,,On-Time
2015,1,4,LAX,UA,-9,0,,On-Time
2015,1,4,ATL,AA,-9,0,,On-Time
2015,1,4,SFO,OO,-9,0,,On-Time
2015,1,4,LAS,AS,-9,0,,On-Time
2015,1,4,IAH,EV,-9,0,,On-Time
2015,1,4,LAS,F9,-9,0,,On-Time
2015,1,4,MSP,OO,-9,0,,On-Time
2015,1,4,ORD,EV,-9,0,,On-Time
2015,1,4,ATL,EV,-9,0,,On-Time
2015,1,4,ATL,EV,-9,0,,On-Time
2015,1,4,PHX,OO,-9,0,,On-Time
2015,1,4,SFO,OO,-9,0,,On-Time
2015,1,4,SFO,VX,-9,0,,On-Time
2015,1,4,ORD,EV,-9,0,,On-Time
2015,1,4,SFO,UA,-9,0,,On-Time
2015,1,4,PHX,AA,-9,0,,On-Time
2015,1,4,ORD,MQ,-9,0,,On-Time
2015,1,4,LAX,OO,-9,0,,On-Time
2015,1,4,LAX,OO,-9,0,,On-Time
2015,1,4,ORD,UA,-9,0,,On-Time
2015,1,4,LAX,OO,-9,0,,On-Time
2015,1,4,ORD,EV,-9,0,,On-Time
2015,1,4,SFO,OO,-9,0,,On-Time
2015,1,4,DEN,F9,-9,0,,On-Time
2015,1,4,LAS,US,-9,0,,On-Time
2015,1,4,ORD,EV,-9,0,,On-Time
2015,1,4,LAS,NK,-9,0,,On-Time
2015,1,4,SFO,OO,-9,0,,On-Time
2015,1,4,ORD,US,-9,0,,On-Time
2015,1,4,SFO,UA,-9,0,,On-Time
2015,1,4,ATL,EV,-9,0,,On-Time
2015,1,4,SFO,OO,-9,0,,On-Time
2015,1,4,SFO,OO,-9,0,,On-Time
2015,1,4,SFO,US,-9,0,,On-Time
2015,1,4,SFO,US,-9,0,,On-Time
2015,1,4,SFO,UA,-9,0,,On-Time
2015,1,4,SFO,VX,-9,0,,On-Time
2015,1,4,LAX,OO,-9,0,,On-Time
2015,1,5,LAX,DL,-9,0,,On-Time
2015,1,5,ORD,US,-9,0,,On-Time
2015,1,5,LAX,UA,-9,0,,On-Time
2015,1,5,LAX,US,-9,0,,On-Time
2015,1,5,PHX,WN,-9,0,,On-Time
2015,1,5,LAX,AA,-9,0,,On-Time
2015,1,5,ORD,AA,-9,0,,On-Time
2015,1,5,LAX,UA,-9,0,,On-Time
2015,1,5,IAH,EV,-9,0,,On-Time
2015,1,5,IAH,EV,-9,0,,On-Time
2015,1,5,LAS,AA,-9,0,,On-Time
2015,1,5,IAH,OO,-9,0,,On-Time
2015,1,5,DEN,F9,-9,0,,On-Time
2015,1,5,ORD,MQ,-9,0,,On-Time
2015,1,5,LAS,UA,-9,0,,On-Time
2015,1,5,IAH,US,-9,0,,On-Time
2015,1,5,ORD,OO,-9,0,,On-Time
2015,1,5,SFO,OO,-9,0,,On-Time
2015,1,5,LAX,OO,-9,0,,On-Time
2015,1,5,ORD,AA,-9,0,,On-Time
2015,1,5,LAX,UA,-9,0,,On-Time
2015,1,5,LAX,OO,-9,0,,On-Time
2015,1,5,LAX,HA,-9,0,,On-Time
2015,1,5,LAX,AS,-9,0,,On-Time
2015,1,5,ORD,NK,-9,0,,On-Time
2015,1,5,ORD,OO,-9,0,,On-Time
2015,1,5,LAX,OO,-9,0,,On-Time
2015,1,5,LAS,WN,-9,0,,On-Time
2015,1,5,ORD,EV,-9,0,,On-Time
2015,1,5,SFO,US,-9,0,,On-Time
2015,1,5,ORD,AA,-9,0,,On-Time
2015,1,5,ORD,EV,-9,0,,On-Time
2015,1,5,LAX,B6,-9,0,,On-Time
2015,1,5,LAX,OO,-9,0,,On-Time
2015,1,5,ORD,EV,-9,0,,On-Time
2015,1,5,SFO,OO,-9,0,,On-Time
2015,1,5,PHX,OO,-9,0,,On-Time
2015,1,5,SFO,DL,-9,0,,On-Time
2015,1,5,SFO,F9,-9,0,,On-Time
2015,1,5,SFO,US,-9,0,,On-Time
2015,1,5,SFO,OO,-9,0,,On-Time
2015,1,5,MSP,AS,-9,0,,On-Time
2015,1,5,LAX,NK,-9,0,,On-Time
2015,1,5,LAX,US,-9,0,,On-Time
2015,1,5,LAX,DL,-9,0,,On-Time
2015,1,5,MSP,MQ,-9,0,,On-Time
2015,1,4,LAX,AA,-8,0,,On-Time
2015,1,4,LAS,AA,-8,0,,On-Time
2015,1,4,DEN,UA,-8,0,,On-Time
2015,1,4,IAH,F9,-8,0,,On-Time
2015,1,4,SFO,F9,-8,0,,On-Time
2015,1,4,SFO,B6,-8,0,,On-Time
2015,1,4,LAX,UA,-8,0,,On-Time
2015,1,4,DFW,AA,-8,0,,On-Time
2015,1,4,DFW,AA,-8,0,,On-Time
2015,1,4,SFO,OO,-8,0,,On-Time
2015,1,4,LAS,WN,-8,0,,On-Time
2015,1,4,LAX,US,-8,0,,On-Time
2015,1,4,SFO,VX,-8,0,,On-Time
2015,1,4,LAS,WN,-8,0,,On-Time
2015,1,4,DEN,OO,-8,0,,On-Time
2015,1,4,ATL,WN,-8,0,,On-Time
2015,1,4,LAX,OO,-8,0,,On-Time
2015,1,4,DEN,US,-8,0,,On-Time
2015,1,4,LAX,OO,-8,0,,On-Time
2015,1,4,ORD,OO,-8,0,,On-Time
2015,1,4,DFW,NK,-8,0,,On-Time
2015,1,4,PHX,US,-8,0,,On-Time
2015,1,4,LAS,WN,-8,0,,On-Time
2015,1,4,LAX,WN,-8,0,,On-Time
2015,1,4,MSP,DL,-8,0,,On-Time
2015,1,4,PHX,OO,-8,0,,On-Time
2015,1,4,PHX,US,-8,0,,On-Time
2015,1,4,LAX,HA,-8,0,,On-Time
2015,1,4,DEN,F9,-8,0,,On-Time
2015,1,4,SFO,OO,-8,0,,On-Time
2015,1,4,LAX,AA,-8,0,,On-Time
2015,1,4,ORD,MQ,-8,0,,On-Time
2015,1,4,LAX,WN,-8,0,,On-Time
2015,1,4,ORD,EV,-8,0,,On-Time
2015,1,4,LAX,NK,-8,0,,On-Time
2015,1,4,SFO,VX,-8,0,,On-Time
2015,1,4,PHX,US,-8,0,,On-Time
2015,1,4,DEN,F9,-8,0,,On-Time
2015,1,4,SFO,US,-8,0,,On-Time
2015,1,4,ATL,DL,-8,0,,On-Time
2015,1,4,DFW,AA,-8,0,,On-Time
2015,1,4,SFO,OO,-8,0,,On-Time
2015,1,4,SFO,OO,-8,0,,On-Time
2015,1,4,LAS,NK,-8,0,,On-Time
2015,1,4,DEN,F9,-8,0,,On-Time
2015,1,4,IAH,EV,-8,0,,On-Time
2015,1,4,DEN,WN,-8,0,,On-Time
2015,1,4,SFO,OO,-8,0,,On-Time
2015,1,4,DEN,F9,-8,0,,On-Time
2015,1,4,LAX,DL,-8,0,,On-Time
2015,1,4,DFW,MQ,-8,0,,On-Time
2015,1,4,ORD,UA,-8,0,,On-Time
2015,1,4,ORD,OO,-8,0,,On-Time
2015,1,4,PHX,F9,-8,0,,On-Time
2015,1,4,DEN,F9,-8,0,,On-Time
2015,1,4,DEN,EV,-8,0,,On-Time
2015,1,4,LAS,AS,-8,0,,On-Time
2015,1,4,SFO,OO,-8,0,,On-Time
2015,1,4,SFO,OO,-8,0,,On-Time
2015,1,4,SFO,OO,-8,0,,On-Time
2015,1,4,DFW,NK,-8,0,,On-Time
2015,1,4,LAX,AA,-8,0,,On-Time
2015,1,4,ORD,EV,-8,0,,On-Time
2015,1,4,SFO,OO,-8,0,,On-Time
2015,1,4,ORD,DL,-8,0,,On-Time
2015,1,4,ATL,EV,-8,0,,On-Time
2015,1,4,ATL,EV,-8,0,,On-Time
2015,1,4,LAS,AS,-8,0,,On-Time
2015,1,4,PHX,OO,-8,0,,On-Time
2015,1,4,DFW,MQ,-8,0,,On-Time
2015,1,4,PHX,AA,-8,0,,On-Time
2015,1,4,ORD,EV,-8,0,,On-Time
2015,1,4,ATL,DL,-8,0,,On-Time
2015,1,4,SFO,AS,-8,0,,On-Time
2015,1,4,ORD,B6,-8,0,,On-Time
2015,1,4,LAS,WN,-8,0,,On-Time
2015,1,4,LAX,OO,-8,0,,On-Time
2015,1,4,ATL,EV,-8,0,,On-Time
2015,1,4,LAX,AS,-8,0,,On-Time
2015,1,4,SFO,VX,-8,0,,On-Time
2015,1,4,ORD,AA,-8,0,,On-Time
2015,1,4,ATL,US,-8,0,,On-Time
2015,1,4,LAX,OO,-8,0,,On-Time
2015,1,4,LAS,AA,-8,0,,On-Time
2015,1,4,SFO,AS,-8,0,,On-Time
2015,1,4,ATL,EV,-8,0,,On-Time
2015,1,4,LAX,AS,-8,0,,On-Time
2015,1,4,ORD,OO,-8,0,,On-Time
2015,1,4,ORD,OO,-8,0,,On-Time
2015,1,4,LAS,AS,-8,0,,On-Time
2015,1,4,SFO,DL,-8,0,,On-Time
2015,1,5,ORD,B6,-8,0,,On-Time
2015,1,5,LAX,NK,-8,0,,On-Time
2015,1,5,SFO,OO,-8,0,,On-Time
2015,1,5,ATL,US,-8,0,,On-Time
2015,1,5,DFW,AA,-8,0,,On-Time
2015,1,5,DFW,AA,-8,0,,On-Time
2015,1,5,IAH,EV,-8,0,,On-Time
2015,1,5,SFO,UA,-8,0,,On-Time
2015,1,5,SFO,AA,-8,0,,On-Time
2015,1,5,ATL,AA,-8,0,,On-Time
2015,1,5,ORD,MQ,-8,0,,On-Time
2015,1,5,LAX,OO,-8,0,,On-Time
2015,1,5,DFW,US,-8,0,,On-Time
2015,1,5,LAX,US,-8,0,,On-Time
2015,1,5,SFO,OO,-8,0,,On-Time
2015,1,5,SFO,US,-8,0,,On-Time
2015,1,5,IAH,UA,-8,0,,On-Time
2015,1,5,DFW,MQ,-8,0,,On-Time
2015,1,5,LAX,NK,-8,0,,On-Time
2015,1,5,ORD,EV,-8,0,,On-Time
2015,1,5,LAX,OO,-8,0,,On-Time
2015,1,5,LAX,HA,-8,0,,On-Time
2015,1,5,ATL,DL,-8,0,,On-Time
2015,1,5,MSP,US,-8,0,,On-Time
2015,1,5,ORD,OO,-8,0,,On-Time
2015,1,5,ORD,US,-8,0,,On-Time
2015,1,5,ATL,AA,-8,0,,On-Time
2015,1,5,LAX,OO,-8,0,,On-Time
2015,1,5,DFW,EV,-8,0,,On-Time
2015,1,5,LAX,UA,-8,0,,On-Time
2015,1,5,ORD,MQ,-8,0,,On-Time
2015,1,5,PHX,UA,-8,0,,On-Time
2015,1,5,LAX,OO,-8,0,,On-Time
2015,1,5,LAX,AA,-8,0,,On-Time
2015,1,5,ORD,EV,-8,0,,On-Time
2015,1,5,ORD,OO,-8,0,,On-Time
2015,1,5,IAH,US,-8,0,,On-Time
2015,1,5,ORD,US,-8,0,,On-Time
2015,1,5,ORD,MQ,-8,0,,On-Time
2015,1,5,DEN,F9,-8,0,,On-Time
2015,1,5,LAS,NK,-8,0,,On-Time
2015,1,5,ATL,EV,-8,0,,On-Time
2015,1,5,ORD,UA,-8,0,,On-Time
2015,1,5,ORD,AA,-8,0,,On-Time
2015,1,5,ORD,EV,-8,0,,On-Time
2015,1,5,ORD,UA,-8,0,,On-Time
2015,1,5,ORD,OO,-8,0,,On-Time
2015,1,5,ATL,DL,-8,0,,On-Time
2015,1,5,ATL,EV,-8,0,,On-Time
2015,1,5,ORD,AA,-8,0,,On-Time
2015,1,5,ORD,AA,-8,0,,On-Time
2015,1,5,ATL,EV,-8,0,,On-Time
2015,1,5,LAS,NK,-8,0,,On-Time
2015,1,5,ORD,MQ,-8,0,,On-Time
2015,1,5,ORD,AA,-8,0,,On-Time
2015,1,5,LAS,AS,-8,0,,On-Time
2015,1,5,ORD,MQ,-8,0,,On-Time
2015,1,5,SFO,VX,-8,0,,On-Time
2015,1,5,ORD,AA,-8,0,,On-Time
2015,1,5,LAX,OO,-8,0,,On-Time
2015,1,5,LAX,OO,-8,0,,On-Time
2015,1,4,MSP,F9,-7,0,,On-Time
2015,1,4,IAH,US,-7,0,,On-Time
2015,1,4,DFW,AA,-7,0,,On-Time
2015,1,4,PHX,AA,-7,0,,On-Time
2015,1,4,DFW,AA,-7,0,,On-Time
2015,1,4,LAS,US,-7,0,,On-Time
2015,1,4,PHX,WN,-7,0,,On-Time
2015,1,4,SFO,VX,-7,0,,On-Time
2015,1,4,PHX,AS,-7,0,,On-Time
2015,1,4,LAX,B6,-7,0,,On-Time
2015,1,4,LAX,DL,-7,0,,On-Time
2015,1,4,SFO,AA,-7,0,,On-Time
2015,1,4,ORD,EV,-7,0,,On-Time
2015,1,4,LAS,UA,-7,0,,On-Time
2015,1,4,DEN,WN,-7,0,,On-Time
2015,1,4,IAH,EV,-7,0,,On-Time
2015,1,4,SFO,AA,-7,0,,On-Time
2015,1,4,DFW,AA,-7,0,,On-Time
2015,1,4,SFO,OO,-7,0,,On-Time
2015,1,4,LAS,AA,-7,0,,On-Time
2015,1,4,DFW,AA,-7,0,,On-Time
2015,1,4,LAX,AA,-7,0,,On-Time
2015,1,4,DEN,OO,-7,0,,On-Time
2015,1,4,LAS,WN,-7,0,,On-Time
2015,1,4,DFW,AA,-7,0,,On-Time
2015,1,4,MSP,F9,-7,0,,On-Time
2015,1,4,IAH,EV,-7,0,,On-Time
2015,1,4,LAX,WN,-7,0,,On-Time
2015,1,4,SFO,VX,-7,0,,On-Time
2015,1,4,IAH,OO,-7,0,,On-Time
2015,1,4,ORD,US,-7,0,,On-Time
2015,1,4,LAX,UA,-7,0,,On-Time
2015,1,4,ORD,MQ,-7,0,,On-Time
2015,1,4,LAX,WN,-7,0,,On-Time
2015,1,4,DFW,AA,-7,0,,On-Time
2015,1,4,MSP,EV,-7,0,,On-Time
2015,1,4,ATL,DL,-7,0,,On-Time
2015,1,4,ORD,EV,-7,0,,On-Time
2015,1,4,IAH,US,-7,0,,On-Time
2015,1,4,ORD,AA,-7,0,,On-Time
2015,1,4,SFO,F9,-7,0,,On-Time
2015,1,4,DEN,F9,-7,0,,On-Time
2015,1,4,ATL,EV,-7,0,,On-Time
2015,1,4,LAX,AS,-7,0,,On-Time
2015,1,4,PHX,OO,-7,0,,On-Time
2015,1,4,DEN,F9,-7,0,,On-Time
2015,1,4,ORD,MQ,-7,0,,On-Time
2015,1,4,PHX,OO,-7,0,,On-Time
2015,1,4,SFO,WN,-7,0,,On-Time
2015,1,4,PHX,US,-7,0,,On-Time
2015,1,4,DEN,DL,-7,0,,On-Time
2015,1,4,ATL,WN,-7,0,,On-Time
2015,1,4,ORD,MQ,-7,0,,On-Time
2015,1,4,LAX,OO,-7,0,,On-Time
2015,1,4,ORD,MQ,-7,0,,On-Time
2015,1,4,SFO,WN,-7,0,,On-Time
2015,1,4,ORD,AA,-7,0,,On-Time
2015,1,4,DFW,EV,-7,0,,On-Time
2015,1,4,PHX,OO,-7,0,,On-Time
2015,1,4,DEN,F9,-7,0,,On-Time
2015,1,4,SFO,OO,-7,0,,On-Time
2015,1,4,SFO,OO,-7,0,,On-Time
2015,1,4,ORD,EV,-7,0,,On-Time
2015,1,4,ORD,EV,-7,0,,On-Time
2015,1,4,ORD,EV,-7,0,,On-Time
2015,1,4,ORD,OO,-7,0,,On-Time
2015,1,4,PHX,OO,-7,0,,On-Time
2015,1,4,ORD,OO,-7,0,,On-Time
2015,1,4,ATL,EV,-7,0,,On-Time
2015,1,4,ATL,EV,-7,0,,On-Time
2015,1,4,LAX,B6,-7,0,,On-Time
2015,1,4,ORD,AA,-7,0,,On-Time
2015,1,4,DFW,EV,-7,0,,On-Time
2015,1,4,PHX,OO,-7,0,,On-Time
2015,1,4,ORD,EV,-7,0,,On-Time
2015,1,4,ORD,MQ,-7,0,,On-Time
2015,1,4,ATL,EV,-7,0,,On-Time
2015,1,4,ORD,EV,-7,0,,On-Time
2015,1,4,IAH,AA,-7,0,,On-Time
2015,1,4,ORD,MQ,-7,0,,On-Time
2015,1,4,LAX,NK,-7,0,,On-Time
2015,1,4,ATL,EV,-7,0,,On-Time
2015,1,4,ATL,DL,-7,0,,On-Time
2015,1,4,SFO,UA,-7,0,,On-Time
2015,1,4,ATL,EV,-7,0,,On-Time
2015,1,4,ORD,UA,-7,0,,On-Time
2015,1,4,ATL,DL,-7,0,,On-Time
2015,1,4,LAX,OO,-7,0,,On-Time
2015,1,4,ORD,MQ,-7,0,,On-Time
2015,1,4,ATL,DL,-7,0,,On-Time
2015,1,4,LAX,NK,-7,0,,On-Time
2015,1,4,SFO,WN,-7,0,,On-Time
2015,1,4,ORD,EV,-7,0,,On-Time
2015,1,4,ATL,DL,-7,0,,On-Time
2015,1,4,ORD,EV,-7,0,,On-Time
2015,1,4,IAH,EV,-7,0,,On-Time
2015,1,4,LAX,OO,-7,0,,On-Time
2015,1,4,ORD,AS,-7,0,,On-Time
2015,1,4,ORD,AA,-7,0,,On-Time
2015,1,4,LAX,AS,-7,0,,On-Time
2015,1,4,SFO,OO,-7,0,,On-Time
2015,1,4,LAS,WN,-7,0,,On-Time
2015,1,4,ATL,WN,-7,0,,On-Time
2015,1,4,ATL,OO,-7,0,,On-Time
2015,1,4,ORD,UA,-7,0,,On-Time
2015,1,4,ATL,DL,-7,0,,On-Time
2015,1,4,LAX,WN,-7,0,,On-Time
2015,1,4,LAX,AS,-7,0,,On-Time
2015,1,4,LAX,UA,-7,0,,On-Time
2015,1,4,PHX,AA,-7,0,,On-Time
2015,1,4,ATL,DL,-7,0,,On-Time
2015,1,4,ATL,EV,-7,0,,On-Time
2015,1,4,ORD,EV,-7,0,,On-Time
2015,1,4,LAX,OO,-7,0,,On-Time
2015,1,4,ORD,OO,-7,0,,On-Time
2015,1,4,ORD,UA,-7,0,,On-Time
2015,1,4,MSP,US,-7,0,,On-Time
2015,1,4,LAX,UA,-7,0,,On-Time
2015,1,4,LAX,OO,-7,0,,On-Time
2015,1,4,ATL,AA,-7,0,,On-Time
2015,1,4,ORD,EV,-7,0,,On-Time
2015,1,4,ORD,MQ,-7,0,,On-Time
2015,1,4,ORD,MQ,-7,0,,On-Time
2015,1,4,LAX,AA,-7,0,,On-Time
2015,1,4,LAS,DL,-7,0,,On-Time
2015,1,4,PHX,US,-7,0,,On-Time
2015,1,4,LAX,OO,-7,0,,On-Time
2015,1,5,DEN,US,-7,0,,On-Time
2015,1,5,LAS,US,-7,0,,On-Time
2015,1,5,PHX,NK,-7,0,,On-Time
2015,1,5,SFO,UA,-7,0,,On-Time
2015,1,5,SFO,US,-7,0,,On-Time
2015,1,5,PHX,AA,-7,0,,On-Time
2015,1,5,LAX,UA,-7,0,,On-Time
2015,1,5,DFW,NK,-7,0,,On-Time
2015,1,5,LAS,WN,-7,0,,On-Time
2015,1,5,ORD,AA,-7,0,,On-Time
2015,1,5,IAH,NK,-7,0,,On-Time
2015,1,5,LAX,AA,-7,0,,On-Time
2015,1,5,LAX,UA,-7,0,,On-Time
2015,1,5,SFO,AA,-7,0,,On-Time
2015,1,5,LAS,WN,-7,0,,On-Time
2015,1,5,MSP,DL,-7,0,,On-Time
2015,1,5,LAS,UA,-7,0,,On-Time
2015,1,5,DFW,AA,-7,0,,On-Time
2015,1,5,LAS,DL,-7,0,,On-Time
2015,1,5,IAH,UA,-7,0,,On-Time
2015,1,5,IAH,EV,-7,0,,On-Time
2015,1,5,LAX,AA,-7,0,,On-Time
2015,1,5,LAX,OO,-7,0,,On-Time
2015,1,5,ORD,UA,-7,0,,On-Time
2015,1,5,LAX,UA,-7,0,,On-Time
2015,1,5,LAX,US,-7,0,,On-Time
2015,1,5,ORD,MQ,-7,0,,On-Time
2015,1,5,SFO,OO,-7,0,,On-Time
2015,1,5,LAX,DL,-7,0,,On-Time
2015,1,5,ORD,OO,-7,0,,On-Time
2015,1,5,ATL,EV,-7,0,,On-Time
2015,1,5,DFW,US,-7,0,,On-Time
2015,1,5,SFO,OO,-7,0,,On-Time
2015,1,5,ORD,EV,-7,0,,On-Time
2015,1,5,PHX,US,-7,0,,On-Time
2015,1,5,SFO,OO,-7,0,,On-Time
2015,1,5,IAH,EV,-7,0,,On-Time
2015,1,5,IAH,UA,-7,0,,On-Time
2015,1,5,ORD,AA,-7,0,,On-Time
2015,1,5,SFO,US,-7,0,,On-Time
2015,1,5,SFO,WN,-7,0,,On-Time
2015,1,5,DFW,AA,-7,0,,On-Time
2015,1,5,ORD,MQ,-7,0,,On-Time
2015,1,5,SFO,AA,-7,0,,On-Time
2015,1,5,PHX,OO,-7,0,,On-Time
2015,1,5,PHX,US,-7,0,,On-Time
2015,1,5,PHX,OO,-7,0,,On-Time
2015,1,5,ORD,US,-7,0,,On-Time
2015,1,5,DFW,MQ,-7,0,,On-Time
2015,1,5,DFW,AA,-7,0,,On-Time
2015,1,5,ORD,EV,-7,0,,On-Time
2015,1,5,DEN,US,-7,0,,On-Time
2015,1,5,IAH,EV,-7,0,,On-Time
2015,1,5,LAX,UA,-7,0,,On-Time
2015,1,5,SFO,VX,-7,0,,On-Time
2015,1,5,LAS,AS,-7,0,,On-Time
2015,1,5,SFO,OO,-7,0,,On-Time
2015,1,5,ATL,DL,-7,0,,On-Time
2015,1,5,LAS,UA,-7,0,,On-Time
2015,1,5,IAH,UA,-7,0,,On-Time
2015,1,5,LAX,OO,-7,0,,On-Time
2015,1,5,LAS,WN,-7,0,,On-Time
2015,1,5,LAS,AS,-7,0,,On-Time
2015,1,5,SFO,OO,-7,0,,On-Time
2015,1,5,ATL,EV,-7,0,,On-Time
2015,1,5,ATL,DL,-7,0,,On-Time
2015,1,5,ORD,AA,-7,0,,On-Time
2015,1,5,IAH,EV,-7,0,,On-Time
2015,1,5,IAH,EV,-7,0,,On-Time
2015,1,5,ORD,EV,-7,0,,On-Time
2015,1,5,SFO,OO,-7,0,,On-Time
2015,1,5,ATL,EV,-7,0,,On-Time
2015,1,5,ATL,DL,-7,0,,On-Time
2015,1,5,SFO,UA,-7,0,,On-Time
2015,1,5,LAS,US,-7,0,,On-Time
2015,1,5,IAH,EV,-7,0,,On-Time
2015,1,5,PHX,OO,-7,0,,On-Time
2015,1,5,ORD,AA,-7,0,,On-Time
2015,1,5,ORD,EV,-7,0,,On-Time
2015,1,5,ORD,EV,-7,0,,On-Time
2015,1,5,LAS,AA,-7,0,,On-Time
2015,1,5,DFW,AA,-7,0,,On-Time
2015,1,5,MSP,DL,-7,0,,On-Time
2015,1,5,ORD,OO,-7,0,,On-Time
2015,1,5,ORD,AA,-7,0,,On-Time
2015,1,5,ATL,EV,-7,0,,On-Time
2015,1,5,PHX,US,-7,0,,On-Time
2015,1,5,PHX,OO,-7,0,,On-Time
2015,1,5,MSP,EV,-7,0,,On-Time
2015,1,5,LAX,OO,-7,0,,On-Time
2015,1,5,LAX,DL,-7,0,,On-Time
2015,1,5,ATL,US,-7,0,,On-Time
2015,1,5,ORD,MQ,-7,0,,On-Time
2015,1,5,SFO,VX,-7,0,,On-Time
2015,1,5,LAX,AS,-7,0,,On-Time
2015,1,5,MSP,DL,-7,0,,On-Time
2015,1,5,ATL,OO,-7,0,,On-Time
2015,1,5,ATL,EV,-7,0,,On-Time
2015,1,5,ORD,AA,-7,0,,On-Time
2015,1,5,SFO,UA,-7,0,,On-Time
2015,1,5,DFW,US,-7,0,,On-Time
2015,1,5,SFO,OO,-7,0,,On-Time
2015,1,4,LAS,NK,-6,0,,On-Time
2015,1,4,DEN,DL,-6,0,,On-Time
2015,1,4,SFO,UA,-6,0,,On-Time
2015,1,4,SFO,WN,-6,0,,On-Time
2015,1,4,DFW,AA,-6,0,,On-Time
2015,1,4,LAS,DL,-6,0,,On-Time
2015,1,4,DFW,AA,-6,0,,On-Time
2015,1,4,LAX,AA,-6,0,,On-Time
2015,1,4,LAS,DL,-6,0,,On-Time
2015,1,4,SFO,UA,-6,0,,On-Time
2015,1,4,SFO,AA,-6,0,,On-Time
2015,1,4,DEN,DL,-6,0,,On-Time
2015,1,4,SFO,VX,-6,0,,On-Time
2015,1,4,DEN,AS,-6,0,,On-Time
2015,1,4,LAX,OO,-6,0,,On-Time
2015,1,4,DEN,F9,-6,0,,On-Time
2015,1,4,LAX,DL,-6,0,,On-Time
2015,1,4,SFO,AA,-6,0,,On-Time
2015,1,4,SFO,UA,-6,0,,On-Time
2015,1,4,SFO,OO,-6,0,,On-Time
2015,1,4,DEN,F9,-6,0,,On-Time
2015,1,4,DEN,F9,-6,0,,On-Time
2015,1,4,LAX,UA,-6,0,,On-Time
2015,1,4,DFW,AA,-6,0,,On-Time
2015,1,4,DEN,F9,-6,0,,On-Time
2015,1,4,IAH,EV,-6,0,,On-Time
2015,1,4,LAX,OO,-6,0,,On-Time
2015,1,4,LAX,DL,-6,0,,On-Time
2015,1,4,LAX,US,-6,0,,On-Time
2015,1,4,SFO,OO,-6,0,,On-Time
2015,1,4,ATL,EV,-6,0,,On-Time
2015,1,4,SFO,UA,-6,0,,On-Time
2015,1,4,LAX,OO,-6,0,,On-Time
2015,1,4,SFO,WN,-6,0,,On-Time
2015,1,4,PHX,US,-6,0,,On-Time
2015,1,4,DFW,AA,-6,0,,On-Time
2015,1,4,DFW,AA,-6,0,,On-Time
2015,1,4,LAS,WN,-6,0,,On-Time
2015,1,4,SFO,OO,-6,0,,On-Time
2015,1,4,ATL,EV,-6,0,,On-Time
2015,1,4,SFO,UA,-6,0,,On-Time
2015,1,4,LAS,AA,-6,0,,On-Time
2015,1,4,LAX,B6,-6,0,,On-Time
2015,1,4,MSP,DL,-6,0,,On-Time
2015,1,4,SFO,US,-6,0,,On-Time
2015,1,4,ATL,DL,-6,0,,On-Time
2015,1,4,MSP,DL,-6,0,,On-Time
2015,1,4,MSP,OO,-6,0,,On-Time
2015,1,4,ATL,EV,-6,0,,On-Time
2015,1,4,PHX,US,-6,0,,On-Time
2015,1,4,PHX,US,-6,0,,On-Time
2015,1,4,LAS,DL,-6,0,,On-Time
2015,1,4,PHX,WN,-6,0,,On-Time
2015,1,4,ATL,EV,-6,0,,On-Time
2015,1,4,ATL,EV,-6,0,,On-Time
2015,1,4,LAX,AA,-6,0,,On-Time
2015,1,4,IAH,DL,-6,0,,On-Time
2015,1,4,SFO,DL,-6,0,,On-Time
2015,1,4,IAH,EV,-6,0,,On-Time
2015,1,4,ATL,WN,-6,0,,On-Time
2015,1,4,IAH,EV,-6,0,,On-Time
2015,1,4,DFW,US,-6,0,,On-Time
2015,1,4,MSP,DL,-6,0,,On-Time
2015,1,4,LAX,VX,-6,0,,On-Time
2015,1,4,LAX,AA,-6,0,,On-Time
2015,1,4,ATL,EV,-6,0,,On-Time
2015,1,4,SFO,VX,-6,0,,On-Time
2015,1,4,LAS,UA,-6,0,,On-Time
2015,1,4,SFO,VX,-6,0,,On-Time
2015,1,4,ATL,EV,-6,0,,On-Time
2015,1,4,SFO,WN,-6,0,,On-Time
2015,1,4,PHX,DL,-6,0,,On-Time
2015,1,4,MSP,DL,-6,0,,On-Time
2015,1,4,SFO,VX,-6,0,,On-Time
2015,1,4,DEN,AA,-6,0,,On-Time
2015,1,4,PHX,OO,-6,0,,On-Time
2015,1,4,ATL,DL,-6,0,,On-Time
2015,1,4,SFO,DL,-6,0,,On-Time
2015,1,4,MSP,DL,-6,0,,On-Time
2015,1,4,LAX,OO,-6,0,,On-Time
2015,1,4,LAS,UA,-6,0,,On-Time
2015,1,4,SFO,OO,-6,0,,On-Time
2015,1,4,LAS,VX,-6,0,,On-Time
2015,1,4,MSP,OO,-6,0,,On-Time
2015,1,4,PHX,OO,-6,0,,On-Time
2015,1,4,ATL,EV,-6,0,,On-Time
2015,1,4,SFO,VX,-6,0,,On-Time
2015,1,4,SFO,OO,-6,0,,On-Time
2015,1,4,LAX,OO,-6,0,,On-Time
2015,1,4,SFO,OO,-6,0,,On-Time
2015,1,4,SFO,OO,-6,0,,On-Time
2015,1,4,LAX,AA,-6,0,,On-Time
2015,1,4,SFO,UA,-6,0,,On-Time
2015,1,4,LAX,AA,-6,0,,On-Time
2015,1,4,LAS,B6,-6,0,,On-Time
2015,1,4,SFO,OO,-6,0,,On-Time
2015,1,4,DEN,DL,-6,0,,On-Time
2015,1,4,LAX,OO,-6,0,,On-Time
2015,1,4,LAS,NK,-6,0,,On-Time
2015,1,4,LAS,WN,-6,0,,On-Time
2015,1,4,LAS,WN,-6,0,,On-Time
2015,1,4,LAX,AS,-6,0,,On-Time
2015,1,4,PHX,US,-6,0,,On-Time
2015,1,4,IAH,US,-6,0,,On-Time
2015,1,4,LAX,VX,-6,0,,On-Time
2015,1,4,LAX,OO,-6,0,,On-Time
2015,1,4,DEN,NK,-6,0,,On-Time
2015,1,4,LAX,AS,-6,0,,On-Time
2015,1,4,SFO,UA,-6,0,,On-Time
2015,1,4,LAS,AA,-6,0,,On-Time
2015,1,4,IAH,EV,-6,0,,On-Time
2015,1,4,LAX,OO,-6,0,,On-Time
2015,1,4,PHX,OO,-6,0,,On-Time
2015,1,4,PHX,US,-6,0,,On-Time
2015,1,4,ATL,DL,-6,0,,On-Time
2015,1,4,LAX,OO,-6,0,,On-Time
2015,1,4,SFO,OO,-6,0,,On-Time
2015,1,4,ATL,DL,-6,0,,On-Time
2015,1,4,ATL,DL,-6,0,,On-Time
2015,1,4,LAS,UA,-6,0,,On-Time
2015,1,4,SFO,OO,-6,0,,On-Time
2015,1,4,LAS,F9,-6,0,,On-Time
2015,1,4,SFO,B6,-6,0,,On-Time
2015,1,4,SFO,OO,-6,0,,On-Time
2015,1,4,LAX,OO,-6,0,,On-Time
2015,1,4,LAX,AA,-6,0,,On-Time
2015,1,4,LAX,DL,-6,0,,On-Time
2015,1,4,LAX,VX,-6,0,,On-Time
2015,1,5,LAX,AA,-6,0,,On-Time
2015,1,5,LAX,US,-6,0,,On-Time
2015,1,5,IAH,US,-6,0,,On-Time
2015,1,5,IAH,AA,-6,0,,On-Time
2015,1,5,LAS,WN,-6,0,,On-Time
2015,1,5,DFW,UA,-6,0,,On-Time
2015,1,5,DFW,UA,-6,0,,On-Time
2015,1,5,ATL,WN,-6,0,,On-Time
2015,1,5,DFW,AA,-6,0,,On-Time
2015,1,5,SFO,AA,-6,0,,On-Time
2015,1,5,IAH,UA,-6,0,,On-Time
2015,1,5,DFW,AA,-6,0,,On-Time
2015,1,5,DFW,US,-6,0,,On-Time
2015,1,5,LAX,US,-6,0,,On-Time
2015,1,5,LAX,OO,-6,0,,On-Time
2015,1,5,ATL,US,-6,0,,On-Time
2015,1,5,SFO,VX,-6,0,,On-Time
2015,1,5,DFW,AA,-6,0,,On-Time
2015,1,5,DFW,AA,-6,0,,On-Time
2015,1,5,DFW,US,-6,0,,On-Time
2015,1,5,MSP,AS,-6,0,,On-Time
2015,1,5,MSP,DL,-6,0,,On-Time
2015,1,5,SFO,US,-6,0,,On-Time
2015,1,5,DFW,AA,-6,0,,On-Time
2015,1,5,DFW,MQ,-6,0,,On-Time
2015,1,5,IAH,EV,-6,0,,On-Time
2015,1,5,LAX,AA,-6,0,,On-Time
2015,1,5,LAX,OO,-6,0,,On-Time
2015,1,5,ATL,EV,-6,0,,On-Time
2015,1,5,DFW,US,-6,0,,On-Time
2015,1,5,ATL,DL,-6,0,,On-Time
2015,1,5,DFW,EV,-6,0,,On-Time
2015,1,5,ATL,US,-6,0,,On-Time
2015,1,5,DEN,F9,-6,0,,On-Time
2015,1,5,SFO,AA,-6,0,,On-Time
2015,1,5,DEN,AA,-6,0,,On-Time
2015,1,5,SFO,VX,-6,0,,On-Time
2015,1,5,LAX,AA,-6,0,,On-Time
2015,1,5,SFO,DL,-6,0,,On-Time
2015,1,5,IAH,UA,-6,0,,On-Time
2015,1,5,ATL,DL,-6,0,,On-Time
2015,1,5,LAS,DL,-6,0,,On-Time
2015,1,5,IAH,AA,-6,0,,On-Time
2015,1,5,LAS,WN,-6,0,,On-Time
2015,1,5,PHX,OO,-6,0,,On-Time
2015,1,5,LAS,US,-6,0,,On-Time
2015,1,5,ATL,EV,-6,0,,On-Time
2015,1,5,IAH,US,-6,0,,On-Time
2015,1,5,MSP,DL,-6,0,,On-Time
2015,1,5,IAH,EV,-6,0,,On-Time
2015,1,5,MSP,F9,-6,0,,On-Time
2015,1,5,ATL,EV,-6,0,,On-Time
2015,1,5,ATL,DL,-6,0,,On-Time
2015,1,5,DFW,OO,-6,0,,On-Time
2015,1,5,LAS,WN,-6,0,,On-Time
2015,1,5,LAX,NK,-6,0,,On-Time
2015,1,5,ATL,OO,-6,0,,On-Time
2015,1,5,LAS,AS,-6,0,,On-Time
2015,1,5,ATL,EV,-6,0,,On-Time
2015,1,5,PHX,US,-6,0,,On-Time
2015,1,5,PHX,UA,-6,0,,On-Time
2015,1,5,MSP,OO,-6,0,,On-Time
2015,1,5,DFW,EV,-6,0,,On-Time
2015,1,5,ATL,DL,-6,0,,On-Time
2015,1,5,ATL,EV,-6,0,,On-Time
2015,1,5,LAX,OO,-6,0,,On-Time
2015,1,5,LAX,AA,-6,0,,On-Time
2015,1,5,DEN,F9,-6,0,,On-Time
2015,1,5,PHX,DL,-6,0,,On-Time
2015,1,5,SFO,UA,-6,0,,On-Time
2015,1,5,IAH,EV,-6,0,,On-Time
2015,1,5,SFO,OO,-6,0,,On-Time
2015,1,5,ATL,EV,-6,0,,On-Time
2015,1,5,LAS,DL,-6,0,,On-Time
2015,1,5,MSP,DL,-6,0,,On-Time
2015,1,5,LAX,AA,-6,0,,On-Time
2015,1,5,DFW,AA,-6,0,,On-Time
2015,1,5,MSP,DL,-6,0,,On-Time
2015,1,5,ATL,EV,-6,0,,On-Time
2015,1,5,PHX,F9,-6,0,,On-Time
2015,1,5,ATL,DL,-6,0,,On-Time
2015,1,5,MSP,US,-6,0,,On-Time
2015,1,5,MSP,OO,-6,0,,On-Time
2015,1,5,LAS,DL,-6,0,,On-Time
2015,1,5,MSP,OO,-6,0,,On-Time
2015,1,5,DEN,OO,-6,0,,On-Time
2015,1,5,DEN,OO,-6,0,,On-Time
2015,1,5,DEN,US,-6,0,,On-Time
2015,1,5,DFW,NK,-6,0,,On-Time
2015,1,5,PHX,US,-6,0,,On-Time
2015,1,5,SFO,DL,-6,0,,On-Time
2015,1,5,ATL,DL,-6,0,,On-Time
2015,1,5,ATL,EV,-6,0,,On-Time
2015,1,5,MSP,OO,-6,0,,On-Time
2015,1,5,DEN,OO,-6,0,,On-Time
2015,1,5,IAH,UA,-6,0,,On-Time
2015,1,5,LAS,VX,-6,0,,On-Time
2015,1,5,DEN,US,-6,0,,On-Time
2015,1,5,ATL,EV,-6,0,,On-Time
2015,1,5,ATL,DL,-6,0,,On-Time
2015,1,5,ATL,DL,-6,0,,On-Time
2015,1,5,PHX,US,-6,0,,On-Time
2015,1,5,PHX,US,-6,0,,On-Time
2015,1,5,MSP,AA,-6,0,,On-Time
2015,1,5,SFO,UA,-6,0,,On-Time
2015,1,5,DFW,AA,-6,0,,On-Time
2015,1,5,SFO,VX,-6,0,,On-Time
2015,1,5,LAX,OO,-6,0,,On-Time
2015,1,5,PHX,DL,-6,0,,On-Time
2015,1,5,LAS,NK,-6,0,,On-Time
2015,1,5,LAX,OO,-6,0,,On-Time
2015,1,5,PHX,US,-6,0,,On-Time
2015,1,5,LAS,WN,-6,0,,On-Time
2015,1,5,MSP,DL,-6,0,,On-Time
2015,1,5,IAH,US,-6,0,,On-Time
2015,1,5,SFO,DL,-6,0,,On-Time
2015,1,5,LAX,AA,-6,0,,On-Time
2015,1,5,PHX,US,-6,0,,On-Time
2015,1,5,PHX,US,-6,0,,On-Time
2015,1,5,SFO,VX,-6,0,,On-Time
2015,1,5,SFO,OO,-6,0,,On-Time
2015,1,5,SFO,OO,-6,0,,On-Time
2015,1,5,DFW,AA,-6,0,,On-Time
2015,1,5,DEN,NK,-6,0,,On-Time
2015,1,5,LAX,OO,-6,0,,On-Time
2015,1,4,ORD,NK,-6,0,,On-Time
2015,1,4,ORD,OO,-6,0,,On-Time
2015,1,4,ORD,EV,-6,0,,On-Time
2015,1,4,ORD,EV,-6,0,,On-Time
2015,1,4,ORD,AA,-6,0,,On-Time
2015,1,4,ORD,UA,-6,0,,On-Time
2015,1,4,ORD,AA,-6,0,,On-Time
2015,1,4,ORD,EV,-6,0,,On-Time
2015,1,4,ORD,MQ,-6,0,,On-Time
2015,1,4,ORD,EV,-6,0,,On-Time
2015,1,4,ORD,MQ,-6,0,,On-Time
2015,1,4,ORD,AA,-6,0,,On-Time
2015,1,4,ORD,AA,-6,0,,On-Time
2015,1,4,ORD,AA,-6,0,,On-Time
2015,1,4,ORD,EV,-6,0,,On-Time
2015,1,4,ORD,MQ,-6,0,,On-Time
2015,1,4,ORD,EV,-6,0,,On-Time
2015,1,4,ORD,UA,-6,0,,On-Time
2015,1,4,ORD,OO,-6,0,,On-Time
2015,1,4,ORD,EV,-6,0,,On-Time
2015,1,4,ORD,AA,-6,0,,On-Time
2015,1,4,ORD,OO,-6,0,,On-Time
2015,1,4,ORD,EV,-6,0,,On-Time
2015,1,4,ORD,NK,-6,0,,On-Time
2015,1,4,ORD,EV,-6,0,,On-Time
2015,1,4,ORD,MQ,-6,0,,On-Time
2015,1,4,ORD,OO,-6,0,,On-Time
2015,1,4,ORD,OO,-6,0,,On-Time
2015,1,4,ORD,NK,-6,0,,On-Time
2015,1,5,ORD,AA,-6,0,,On-Time
2015,1,5,ORD,AA,-6,0,,On-Time
2015,1,5,ORD,AA,-6,0,,On-Time
2015,1,5,ORD,MQ,-6,0,,On-Time
2015,1,5,ORD,AA,-6,0,,On-Time
2015,1,5,ORD,UA,-6,0,,On-Time
2015,1,5,ORD,EV,-6,0,,On-Time
2015,1,5,ORD,UA,-6,0,,On-Time
2015,1,5,ORD,VX,-6,0,,On-Time
2015,1,5,ORD,OO,-6,0,,On-Time
2015,1,5,ORD,MQ,-6,0,,On-Time
2015,1,5,ORD,OO,-6,0,,On-Time
2015,1,5,ORD,AA,-6,0,,On-Time
2015,1,5,ORD,AA,-6,0,,On-Time
2015,1,5,ORD,OO,-6,0,,On-Time
2015,1,5,ORD,EV,-6,0,,On-Time
2015,1,5,ORD,MQ,-6,0,,On-Time
2015,1,5,ORD,DL,-6,0,,On-Time
2015,1,5,ORD,B6,-6,0,,On-Time
2015,1,5,ORD,OO,-6,0,,On-Time
2015,1,5,ORD,MQ,-6,0,,On-Time
2015,1,5,ORD,EV,-6,0,,On-Time
2015,1,5,ORD,MQ,-6,0,,On-Time
2015,1,5,ORD,EV,-6,0,,On-Time
2015,1,5,ORD,UA,-6,0,,On-Time
2015,1,5,ORD,DL,-6,0,,On-Time
2015,1,5,ORD,VX,-6,0,,On-Time
2015,1,5,ORD,MQ,-6,0,,On-Time
2015,1,5,ORD,AA,-6,0,,On-Time
2015,1,5,ORD,OO,-6,0,,On-Time
2015,1,5,ORD,EV,-6,0,,On-Time
2015,1,5,ORD,NK,-6,0,,On-Time
2015,1,5,ORD,DL,-6,0,,On-Time
2015,1,5,ORD,EV,-6,0,,On-Time
2015,1,5,ORD,MQ,-6,0,,On-Time
2015,1,5,ORD,EV,-6,0,,On-Time
2015,1,5,ORD,AA,-6,0,,On-Time
2015,1,4,LAX,AA,-5,0,,On-Time
2015,1,4,LAX,AS,-5,0,,On-Time
2015,1,4,LAX,NK,-5,0,,On-Time
2015,1,4,LAX,US,-5,0,,On-Time
2015,1,4,LAX,AA,-5,0,,On-Time
2015,1,4,LAX,AS,-5,0,,On-Time
2015,1,4,LAX,WN,-5,0,,On-Time
2015,1,4,LAX,OO,-5,0,,On-Time
2015,1,4,LAX,VX,-5,0,,On-Time
2015,1,4,LAX,OO,-5,0,,On-Time
2015,1,4,LAX,UA,-5,0,,On-Time
2015,1,4,LAX,DL,-5,0,,On-Time
2015,1,4,LAX,US,-5,0,,On-Time
2015,1,4,LAX,AA,-5,0,,On-Time
2015,1,4,LAX,VX,-5,0,,On-Time
2015,1,4,LAX,DL,-5,0,,On-Time
2015,1,4,LAX,OO,-5,0,,On-Time
2015,1,4,LAX,UA,-5,0,,On-Time
2015,1,4,LAX,UA,-5,0,,On-Time
2015,1,4,LAX,B6,-5,0,,On-Time
2015,1,4,LAX,VX,-5,0,,On-Time
2015,1,4,LAX,OO,-5,0,,On-Time
2015,1,4,LAX,OO,-5,0,,On-Time
2015,1,4,LAX,WN,-5,0,,On-Time
2015,1,4,LAX,AA,-5,0,,On-Time
2015,1,4,LAX,OO,-5,0,,On-Time
2015,1,4,LAX,OO,-5,0,,On-Time
2015,1,4,LAX,DL,-5,0,,On-Time
2015,1,4,LAX,OO,-5,0,,On-Time
2015,1,4,LAX,DL,-5,0,,On-Time
2015,1,4,LAX,OO,-5,0,,On-Time
2015,1,4,LAX,OO,-5,0,,On-Time
2015,1,4,LAX,AA,-5,0,,On-Time
2015,1,4,LAX,DL,-5,0,,On-Time
2015,1,4,LAX,DL,-5,0,,On-Time
2015,1,4,LAX,AA,-5,0,,On-Time
2015,1,4,LAX,OO,-5,0,,On-Time
2015,1,5,LAX,AA,-5,0,,On-Time
2015,1,5,LAX,WN,-5,0,,On-Time
2015,1,5,LAX,AA,-5,0,,On-Time
2015,1,5,LAX,DL,-5,0,,On-Time
2015,1,5,LAX,AA,-5,0,,On-Time
2015,1,5,LAX,UA,-5,0,,On-Time
2015,1,5,LAX,DL,-5,0,,On-Time
2015,1,5,LAX,OO,-5,0,,On-Time
2015,1,5,LAX,AA,-5,0,,On-Time
2015,1,5,LAX,AA,-5,0,,On-Time
2015,1,5,LAX,B6,-5,0,,On-Time
2015,1,5,LAX,AA,-5,0,,On-Time
2015,1,5,LAX,OO,-5,0,,On-Time
2015,1,5,LAX,OO,-5,0,,On-Time
2015,1,5,LAX,AA,-5,0,,On-Time
2015,1,5,LAX,OO,-5,0,,On-Time
2015,1,5,LAX,AA,-5,0,,On-Time
2015,1,5,LAX,OO,-5,0,,On-Time
2015,1,5,LAX,AA,-5,0,,On-Time
2015,1,5,LAX,OO,-5,0,,On-Time
2015,1,5,LAX,AS,-5,0,,On-Time
2015,1,5,LAX,F9,-5,0,,On-Time
2015,1,5,LAX,NK,-5,0,,On-Time
2015,1,5,LAX,UA,-5,0,,On-Time
2015,1,5,LAX,AA,-5,0,,On-Time
2015,1,5,LAX,AS,-5,0,,On-Time
2015,1,5,LAX,UA,-5,0,,On-Time
2015,1,5,LAX,OO,-5,0,,On-Time
2015,1,5,LAX,OO,-5,0,,On-Time
2015,1,4,SFO,DL,-5,0,,On-Time
2015,1,4,PHX,AS,-5,0,,On-Time
2015,1,4,SFO,UA,-5,0,,On-Time
2015,1,4,DFW,US,-5,0,,On-Time
2015,1,4,DFW,AA,-5,0,,On-Time
2015,1,4,DFW,AA,-5,0,,On-Time
2015,1,4,MSP,AS,-5,0,,On-Time
2015,1,4,LAS,B6,-5,0,,On-Time
2015,1,4,LAS,DL,-5,0,,On-Time
2015,1,4,DEN,F9,-5,0,,On-Time
2015,1,4,DEN,F9,-5,0,,On-Time
2015,1,4,LAS,OO,-5,0,,On-Time
2015,1,4,DFW,AS,-5,0,,On-Time
2015,1,4,LAS,NK,-5,0,,On-Time
2015,1,4,LAS,WN,-5,0,,On-Time
2015,1,4,MSP,DL,-5,0,,On-Time
2015,1,4,DEN,F9,-5,0,,On-Time
2015,1,4,SFO,OO,-5,0,,On-Time
2015,1,4,SFO,OO,-5,0,,On-Time
2015,1,4,DEN,WN,-5,0,,On-Time
2015,1,4,LAS,WN,-5,0,,On-Time
2015,1,4,PHX,WN,-5,0,,On-Time
2015,1,4,IAH,UA,-5,0,,On-Time
2015,1,4,PHX,US,-5,0,,On-Time
2015,1,4,DEN,WN,-5,0,,On-Time
2015,1,4,MSP,OO,-5,0,,On-Time
2015,1,4,IAH,EV,-5,0,,On-Time
2015,1,4,SFO,WN,-5,0,,On-Time
2015,1,4,MSP,DL,-5,0,,On-Time
2015,1,4,MSP,DL,-5,0,,On-Time
2015,1,4,IAH,EV,-5,0,,On-Time
2015,1,4,MSP,OO,-5,0,,On-Time
2015,1,4,MSP,EV,-5,0,,On-Time
2015,1,4,SFO,VX,-5,0,,On-Time
2015,1,4,PHX,US,-5,0,,On-Time
2015,1,4,LAS,WN,-5,0,,On-Time
2015,1,4,SFO,WN,-5,0,,On-Time
2015,1,4,SFO,UA,-5,0,,On-Time
2015,1,4,LAS,US,-5,0,,On-Time
2015,1,4,IAH,EV,-5,0,,On-Time
2015,1,4,MSP,DL,-5,0,,On-Time
2015,1,4,IAH,EV,-5,0,,On-Time
2015,1,4,IAH,EV,-5,0,,On-Time
2015,1,4,SFO,OO,-5,0,,On-Time
2015,1,4,DFW,MQ,-5,0,,On-Time
2015,1,4,PHX,US,-5,0,,On-Time
2015,1,4,MSP,OO,-5,0,,On-Time
2015,1,4,PHX,US,-5,0,,On-Time
2015,1,4,DFW,AA,-5,0,,On-Time
2015,1,4,MSP,OO,-5,0,,On-Time
2015,1,4,LAS,US,-5,0,,On-Time
2015,1,4,MSP,DL,-5,0,,On-Time
2015,1,4,DFW,AA,-5,0,,On-Time
2015,1,4,MSP,DL,-5,0,,On-Time
2015,1,4,IAH,UA,-5,0,,On-Time
2015,1,4,MSP,OO,-5,0,,On-Time
2015,1,4,IAH,DL,-5,0,,On-Time
2015,1,4,LAS,DL,-5,0,,On-Time
2015,1,4,DEN,DL,-5,0,,On-Time
2015,1,4,DFW,US,-5,0,,On-Time
2015,1,4,DFW,AA,-5,0,,On-Time
2015,1,4,DEN,AA,-5,0,,On-Time
2015,1,4,DEN,EV,-5,0,,On-Time
2015,1,4,PHX,WN,-5,0,,On-Time
2015,1,4,IAH,EV,-5,0,,On-Time
2015,1,4,IAH,EV,-5,0,,On-Time
2015,1,4,SFO,OO,-5,0,,On-Time
2015,1,4,PHX,US,-5,0,,On-Time
2015,1,4,PHX,US,-5,0,,On-Time
2015,1,4,MSP,DL,-5,0,,On-Time
2015,1,4,DFW,AS,-5,0,,On-Time
2015,1,4,LAS,US,-5,0,,On-Time
2015,1,4,LAS,NK,-5,0,,On-Time
2015,1,4,DFW,NK,-5,0,,On-Time
2015,1,4,PHX,WN,-5,0,,On-Time
2015,1,4,DFW,AA,-5,0,,On-Time
2015,1,4,SFO,UA,-5,0,,On-Time
2015,1,4,PHX,US,-5,0,,On-Time
2015,1,4,IAH,EV,-5,0,,On-Time
2015,1,4,MSP,DL,-5,0,,On-Time
2015,1,4,DEN,DL,-5,0,,On-Time
2015,1,4,DFW,MQ,-5,0,,On-Time
2015,1,4,SFO,OO,-5,0,,On-Time
2015,1,4,PHX,US,-5,0,,On-Time
2015,1,4,IAH,EV,-5,0,,On-Time
2015,1,4,MSP,EV,-5,0,,On-Time
2015,1,4,MSP,AA,-5,0,,On-Time
2015,1,4,MSP,AS,-5,0,,On-Time
2015,1,4,PHX,WN,-5,0,,On-Time
2015,1,4,SFO,VX,-5,0,,On-Time
2015,1,4,SFO,UA,-5,0,,On-Time
2015,1,4,MSP,US,-5,0,,On-Time
2015,1,4,LAS,WN,-5,0,,On-Time
2015,1,4,LAS,UA,-5,0,,On-Time
2015,1,4,SFO,OO,-5,0,,On-Time
2015,1,4,LAS,UA,-5,0,,On-Time
2015,1,4,SFO,VX,-5,0,,On-Time
2015,1,4,LAS,OO,-5,0,,On-Time
2015,1,4,SFO,OO,-5,0,,On-Time
2015,1,4,PHX,OO,-5,0,,On-Time
2015,1,4,PHX,US,-5,0,,On-Time
2015,1,4,SFO,AA,-5,0,,On-Time
2015,1,4,SFO,OO,-5,0,,On-Time
2015,1,4,PHX,OO,-5,0,,On-Time
2015,1,4,SFO,OO,-5,0,,On-Time
2015,1,4,LAS,NK,-5,0,,On-Time
2015,1,5,PHX,US,-5,0,,On-Time
2015,1,5,LAS,US,-5,0,,On-Time
2015,1,5,PHX,US,-5,0,,On-Time
2015,1,5,PHX,NK,-5,0,,On-Time
2015,1,5,IAH,US,-5,0,,On-Time
2015,1,5,SFO,UA,-5,0,,On-Time
2015,1,5,PHX,WN,-5,0,,On-Time
2015,1,5,DFW,AA,-5,0,,On-Time
2015,1,5,IAH,UA,-5,0,,On-Time
2015,1,5,SFO,OO,-5,0,,On-Time
2015,1,5,MSP,US,-5,0,,On-Time
2015,1,5,LAS,AS,-5,0,,On-Time
2015,1,5,LAS,VX,-5,0,,On-Time
2015,1,5,MSP,DL,-5,0,,On-Time
2015,1,5,SFO,UA,-5,0,,On-Time
2015,1,5,SFO,AA,-5,0,,On-Time
2015,1,5,SFO,UA,-5,0,,On-Time
2015,1,5,IAH,UA,-5,0,,On-Time
2015,1,5,DFW,AA,-5,0,,On-Time
2015,1,5,DFW,MQ,-5,0,,On-Time
2015,1,5,DFW,NK,-5,0,,On-Time
2015,1,5,IAH,EV,-5,0,,On-Time
2015,1,5,DEN,F9,-5,0,,On-Time
2015,1,5,DEN,WN,-5,0,,On-Time
2015,1,5,IAH,OO,-5,0,,On-Time
2015,1,5,DFW,AA,-5,0,,On-Time
2015,1,5,DFW,MQ,-5,0,,On-Time
2015,1,5,PHX,US,-5,0,,On-Time
2015,1,5,DEN,WN,-5,0,,On-Time
2015,1,5,PHX,US,-5,0,,On-Time
2015,1,5,SFO,F9,-5,0,,On-Time
2015,1,5,MSP,DL,-5,0,,On-Time
2015,1,5,LAS,AS,-5,0,,On-Time
2015,1,5,MSP,DL,-5,0,,On-Time
2015,1,5,DEN,WN,-5,0,,On-Time
2015,1,5,PHX,US,-5,0,,On-Time
2015,1,5,MSP,EV,-5,0,,On-Time
2015,1,5,PHX,OO,-5,0,,On-Time
2015,1,5,PHX,US,-5,0,,On-Time
2015,1,5,MSP,OO,-5,0,,On-Time
2015,1,5,IAH,EV,-5,0,,On-Time
2015,1,5,IAH,EV,-5,0,,On-Time
2015,1,5,DFW,MQ,-5,0,,On-Time
2015,1,5,SFO,US,-5,0,,On-Time
2015,1,5,PHX,OO,-5,0,,On-Time
2015,1,5,LAS,DL,-5,0,,On-Time
2015,1,5,LAS,UA,-5,0,,On-Time
2015,1,5,IAH,EV,-5,0,,On-Time
2015,1,5,MSP,OO,-5,0,,On-Time
2015,1,5,MSP,OO,-5,0,,On-Time
2015,1,5,DEN,NK,-5,0,,On-Time
2015,1,5,DEN,F9,-5,0,,On-Time
2015,1,5,SFO,DL,-5,0,,On-Time
2015,1,5,PHX,US,-5,0,,On-Time
2015,1,5,IAH,UA,-5,0,,On-Time
2015,1,5,IAH,UA,-5,0,,On-Time
2015,1,5,SFO,VX,-5,0,,On-Time
2015,1,5,IAH,DL,-5,0,,On-Time
2015,1,5,SFO,OO,-5,0,,On-Time
2015,1,5,SFO,OO,-5,0,,On-Time
2015,1,5,MSP,DL,-5,0,,On-Time
2015,1,5,IAH,EV,-5,0,,On-Time
2015,1,5,MSP,DL,-5,0,,On-Time
2015,1,5,MSP,OO,-5,0,,On-Time
2015,1,5,DEN,F9,-5,0,,On-Time
2015,1,5,DFW,AA,-5,0,,On-Time
2015,1,5,IAH,EV,-5,0,,On-Time
2015,1,5,IAH,OO,-5,0,,On-Time
2015,1,5,SFO,OO,-5,0,,On-Time
2015,1,5,IAH,EV,-5,0,,On-Time
2015,1,5,SFO,VX,-5,0,,On-Time
2015,1,5,SFO,B6,-5,0,,On-Time
2015,1,5,MSP,DL,-5,0,,On-Time
2015,1,5,PHX,US,-5,0,,On-Time
2015,1,5,PHX,US,-5,0,,On-Time
2015,1,5,DFW,AA,-5,0,,On-Time
2015,1,5,LAS,AS,-5,0,,On-Time
2015,1,5,SFO,OO,-5,0,,On-Time
2015,1,5,PHX,DL,-5,0,,On-Time
2015,1,5,SFO,UA,-5,0,,On-Time
2015,1,5,MSP,DL,-5,0,,On-Time
2015,1,5,MSP,DL,-5,0,,On-Time
2015,1,5,PHX,OO,-5,0,,On-Time
2015,1,5,DFW,F9,-5,0,,On-Time
2015,1,5,PHX,DL,-5,0,,On-Time
2015,1,5,LAS,WN,-5,0,,On-Time
2015,1,5,DFW,NK,-5,0,,On-Time
2015,1,5,LAS,B6,-5,0,,On-Time
2015,1,5,DFW,MQ,-5,0,,On-Time
2015,1,5,SFO,OO,-5,0,,On-Time
2015,1,5,IAH,EV,-5,0,,On-Time
2015,1,5,LAS,NK,-5,0,,On-Time
2015,1,5,PHX,US,-5,0,,On-Time
2015,1,5,IAH,US,-5,0,,On-Time
2015,1,5,SFO,UA,-5,0,,On-Time
2015,1,5,PHX,WN,-5,0,,On-Time
2015,1,5,LAS,AA,-5,0,,On-Time
2015,1,4,ORD,UA,-5,0,,On-Time
2015,1,4,ORD,EV,-5,0,,On-Time
2015,1,4,ORD,OO,-5,0,,On-Time
2015,1,4,ORD,OO,-5,0,,On-Time
2015,1,4,ORD,OO,-5,0,,On-Time
2015,1,4,ORD,OO,-5,0,,On-Time
2015,1,4,ORD,NK,-5,0,,On-Time
2015,1,4,ORD,AA,-5,0,,On-Time
2015,1,4,ORD,UA,-5,0,,On-Time
2015,1,4,ORD,EV,-5,0,,On-Time
2015,1,4,ORD,MQ,-5,0,,On-Time
2015,1,4,ORD,MQ,-5,0,,On-Time
2015,1,4,ORD,AA,-5,0,,On-Time
2015,1,4,ORD,OO,-5,0,,On-Time
2015,1,4,ORD,OO,-5,0,,On-Time
2015,1,4,ORD,EV,-5,0,,On-Time
2015,1,4,ORD,MQ,-5,0,,On-Time
2015,1,4,ORD,MQ,-5,0,,On-Time
2015,1,4,ORD,OO,-5,0,,On-Time
2015,1,4,ORD,EV,-5,0,,On-Time
2015,1,4,ORD,UA,-5,0,,On-Time
2015,1,4,ORD,AA,-5,0,,On-Time
2015,1,4,ORD,EV,-5,0,,On-Time
2015,1,4,ORD,EV,-5,0,,On-Time
2015,1,4,ORD,OO,-5,0,,On-Time
2015,1,4,ORD,OO,-5,0,,On-Time
2015,1,4,ORD,AA,-5,0,,On-Time
2015,1,4,ORD,AA,-5,0,,On-Time
2015,1,4,ORD,EV,-5,0,,On-Time
2015,1,4,ORD,AA,-5,0,,On-Time
2015,1,4,ORD,AA,-5,0,,On-Time
2015,1,4,ORD,MQ,-5,0,,On-Time
2015,1,4,ORD,AA,-5,0,,On-Time
2015,1,4,ORD,AA,-5,0,,On-Time
2015,1,4,ORD,MQ,-5,0,,On-Time
2015,1,4,ORD,MQ,-5,0,,On-Time
2015,1,4,ORD,EV,-5,0,,On-Time
2015,1,4,ORD,MQ,-5,0,,On-Time
2015,1,4,ORD,MQ,-5,0,,On-Time
2015,1,5,ORD,AA,-5,0,,On-Time
2015,1,5,ORD,OO,-5,0,,On-Time
2015,1,5,ORD,MQ,-5,0,,On-Time
2015,1,5,ORD,MQ,-5,0,,On-Time
2015,1,5,ORD,AA,-5,0,,On-Time
2015,1,5,ORD,OO,-5,0,,On-Time
2015,1,5,ORD,OO,-5,0,,On-Time
2015,1,5,ORD,UA,-5,0,,On-Time
2015,1,5,ORD,EV,-5,0,,On-Time
2015,1,5,ORD,EV,-5,0,,On-Time
2015,1,5,ORD,EV,-5,0,,On-Time
2015,1,5,ORD,AA,-5,0,,On-Time
2015,1,5,ORD,AA,-5,0,,On-Time
2015,1,5,ORD,AA,-5,0,,On-Time
2015,1,5,ORD,EV,-5,0,,On-Time
2015,1,5,ORD,EV,-5,0,,On-Time
2015,1,5,ORD,OO,-5,0,,On-Time
2015,1,5,ORD,MQ,-5,0,,On-Time
2015,1,5,ORD,UA,-5,0,,On-Time
2015,1,5,ORD,EV,-5,0,,On-Time
2015,1,5,ORD,AA,-5,0,,On-Time
2015,1,5,ORD,AA,-5,0,,On-Time
2015,1,5,ORD,EV,-5,0,,On-Time
2015,1,5,ORD,EV,-5,0,,On-Time
2015,1,5,ORD,MQ,-5,0,,On-Time
2015,1,5,ORD,MQ,-5,0,,On-Time
2015,1,5,ORD,US,-5,0,,On-Time
2015,1,5,ORD,EV,-5,0,,On-Time
2015,1,5,ORD,AA,-5,0,,On-Time
2015,1,5,ORD,F9,-5,0,,On-Time
2015,1,5,ORD,EV,-5,0,,On-Time
2015,1,5,ORD,EV,-5,0,,On-Time
2015,1,5,ORD,EV,-5,0,,On-Time
2015,1,5,ORD,AA,-5,0,,On-Time
2015,1,5,ORD,OO,-5,0,,On-Time
2015,1,5,ORD,EV,-5,0,,On-Time
2015,1,5,ORD,AA,-5,0,,On-Time
2015,1,5,ORD,OO,-5,0,,On-Time
2015,1,5,ORD,EV,-5,0,,On-Time
2015,1,5,ORD,EV,-5,0,,On-Time
2015,1,5,ORD,OO,-5,0,,On-Time
2015,1,4,ATL,US,-5,0,,On-Time
2015,1,4,ATL,DL,-5,0,,On-Time
2015,1,4,ATL,DL,-5,0,,On-Time
2015,1,4,ATL,EV,-5,0,,On-Time
2015,1,4,ATL,WN,-5,0,,On-Time
2015,1,4,ATL,EV,-5,0,,On-Time
2015,1,4,ATL,DL,-5,0,,On-Time
2015,1,4,ATL,DL,-5,0,,On-Time
2015,1,4,ATL,WN,-5,0,,On-Time
2015,1,4,ATL,EV,-5,0,,On-Time
2015,1,4,ATL,OO,-5,0,,On-Time
2015,1,4,ATL,EV,-5,0,,On-Time
2015,1,4,ATL,DL,-5,0,,On-Time
2015,1,4,ATL,DL,-5,0,,On-Time
2015,1,4,ATL,DL,-5,0,,On-Time
2015,1,4,ATL,DL,-5,0,,On-Time
2015,1,4,ATL,EV,-5,0,,On-Time
2015,1,4,ATL,EV,-5,0,,On-Time
2015,1,4,ATL,DL,-5,0,,On-Time
2015,1,4,ATL,EV,-5,0,,On-Time
2015,1,4,ATL,US,-5,0,,On-Time
2015,1,4,ATL,DL,-5,0,,On-Time
2015,1,4,ATL,DL,-5,0,,On-Time
2015,1,4,ATL,EV,-5,0,,On-Time
2015,1,4,ATL,EV,-5,0,,On-Time
2015,1,4,ATL,DL,-5,0,,On-Time
2015,1,4,ATL,DL,-5,0,,On-Time
2015,1,4,ATL,EV,-5,0,,On-Time
2015,1,4,ATL,EV,-5,0,,On-Time
2015,1,4,ATL,EV,-5,0,,On-Time
2015,1,4,ATL,EV,-5,0,,On-Time
2015,1,4,ATL,EV,-5,0,,On-Time
2015,1,4,ATL,AA,-5,0,,On-Time
2015,1,4,ATL,DL,-5,0,,On-Time
2015,1,4,ATL,DL,-5,0,,On-Time
2015,1,4,ATL,US,-5,0,,On-Time
2015,1,4,ATL,EV,-5,0,,On-Time
2015,1,4,ATL,DL,-5,0,,On-Time
2015,1,4,ATL,DL,-5,0,,On-Time
2015,1,4,ATL,DL,-5,0,,On-Time
2015,1,4,ATL,DL,-5,0,,On-Time
2015,1,4,ATL,EV,-5,0,,On-Time
2015,1,4,ATL,DL,-5,0,,On-Time
2015,1,4,ATL,EV,-5,0,,On-Time
2015,1,4,ATL,DL,-5,0,,On-Time
2015,1,4,ATL,EV,-5,0,,On-Time
2015,1,4,ATL,EV,-5,0,,On-Time
2015,1,4,ATL,DL,-5,0,,On-Time
2015,1,4,ATL,EV,-5,0,,On-Time
2015,1,4,ATL,EV,-5,0,,On-Time
2015,1,4,ATL,EV,-5,0,,On-Time
2015,1,4,ATL,EV,-5,0,,On-Time
2015,1,4,ATL,DL,-5,0,,On-Time
2015,1,4,ATL,DL,-5,0,,On-Time
2015,1,4,ATL,DL,-5,0,,On-Time
2015,1,4,ATL,DL,-5,0,,On-Time
2015,1,4,ATL,DL,-5,0,,On-Time
2015,1,4,ATL,EV,-5,0,,On-Time
2015,1,4,ATL,DL,-5,0,,On-Time
2015,1,4,ATL,DL,-5,0,,On-Time
2015,1,4,ATL,DL,-5,0,,On-Time
2015,1,4,ATL,DL,-5,0,,On-Time
2015,1,5,ATL,DL,-5,0,,On-Time
2015,1,5,ATL,DL,-5,0,,On-Time
2015,1,5,ATL,EV,-5,0,,On-Time
2015,1,5,ATL,DL,-5,0,,On-Time
2015,1,5,ATL,EV,-5,0,,On-Time
2015,1,5,ATL,DL,-5,0,,On-Time
2015,1,5,ATL,DL,-5,0,,On-Time
2015,1,5,ATL,EV,-5,0,,On-Time
2015,1,5,ATL,DL,-5,0,,On-Time
2015,1,5,ATL,DL,-5,0,,On-Time
2015,1,5,ATL,EV,-5,0,,On-Time
2015,1,5,ATL,EV,-5,0,,On-Time
2015,1,5,ATL,EV,-5,0,,On-Time
2015,1,5,ATL,EV,-5,0,,On-Time
2015,1,5,ATL,EV,-5,0,,On-Time
2015,1,5,ATL,EV,-5,0,,On-Time
2015,1,5,ATL,DL,-5,0,,On-Time
2015,1,5,ATL,EV,-5,0,,On-Time
2015,1,5,ATL,DL,-5,0,,On-Time
2015,1,5,ATL,DL,-5,0,,On-Time
2015,1,5,ATL,EV,-5,0,,On-Time
2015,1,5,ATL,EV,-5,0,,On-Time
2015,1,5,ATL,EV,-5,0,,On-Time
2015,1,5,ATL,DL,-5,0,,On-Time
2015,1,5,ATL,EV,-5,0,,On-Time
2015,1,5,ATL,EV,-5,0,,On-Time
2015,1,5,ATL,EV,-5,0,,On-Time
2015,1,5,ATL,DL,-5,0,,On-Time
2015,1,5,ATL,DL,-5,0,,On-Time
2015,1,5,ATL,DL,-5,0,,On-Time
2015,1,5,ATL,DL,-5,0,,On-Time
2015,1,4,LAX,DL,-4,0,,On-Time
2015,1,4,LAX,OO,-4,0,,On-Time
2015,1,4,LAX,VX,-4,0,,On-Time
2015,1,4,LAX,UA,-4,0,,On-Time
2015,1,4,LAX,OO,-4,0,,On-Time
2015,1,4,LAX,VX,-4,0,,On-Time
2015,1,4,LAX,AA,-4,0,,On-Time
2015,1,4,LAX,AA,-4,0,,On-Time
2015,1,4,LAX,OO,-4,0,,On-Time
2015,1,4,LAX,VX,-4,0,,On-Time
2015,1,4,LAX,NK,-4,0,,On-Time
2015,1,4,LAX,AA,-4,0,,On-Time
2015,1,4,LAX,OO,-4,0,,On-Time
2015,1,4,LAX,UA,-4,0,,On-Time
2015,1,4,LAX,AA,-4,0,,On-Time
2015,1,4,LAX,OO,-4,0,,On-Time
2015,1,4,LAX,OO,-4,0,,On-Time
2015,1,4,LAX,US,-4,0,,On-Time
2015,1,4,LAX,AA,-4,0,,On-Time
2015,1,4,LAX,DL,-4,0,,On-Time
2015,1,4,LAX,DL,-4,0,,On-Time
2015,1,4,LAX,AA,-4,0,,On-Time
2015,1,4,LAX,B6,-4,0,,On-Time
2015,1,4,LAX,OO,-4,0,,On-Time
2015,1,4,LAX,AA,-4,0,,On-Time
2015,1,4,LAX,AA,-4,0,,On-Time
2015,1,4,LAX,AS,-4,0,,On-Time
2015,1,4,LAX,AA,-4,0,,On-Time
2015,1,4,LAX,AS,-4,0,,On-Time
2015,1,4,LAX,AA,-4,0,,On-Time
2015,1,4,LAX,AA,-4,0,,On-Time
2015,1,4,LAX,NK,-4,0,,On-Time
2015,1,4,LAX,AS,-4,0,,On-Time
2015,1,4,LAX,OO,-4,0,,On-Time
2015,1,4,LAX,UA,-4,0,,On-Time
2015,1,4,LAX,UA,-4,0,,On-Time
2015,1,4,LAX,UA,-4,0,,On-Time
2015,1,4,LAX,VX,-4,0,,On-Time
2015,1,4,LAX,AA,-4,0,,On-Time
2015,1,5,LAX,AA,-4,0,,On-Time
2015,1,5,LAX,US,-4,0,,On-Time
2015,1,5,LAX,UA,-4,0,,On-Time
2015,1,5,LAX,AA,-4,0,,On-Time
2015,1,5,LAX,DL,-4,0,,On-Time
2015,1,5,LAX,WN,-4,0,,On-Time
2015,1,5,LAX,UA,-4,0,,On-Time
2015,1,5,LAX,AA,-4,0,,On-Time
2015,1,5,LAX,OO,-4,0,,On-Time
2015,1,5,LAX,US,-4,0,,On-Time
2015,1,5,LAX,UA,-4,0,,On-Time
2015,1,5,LAX,OO,-4,0,,On-Time
2015,1,5,LAX,AA,-4,0,,On-Time
2015,1,5,LAX,OO,-4,0,,On-Time
2015,1,5,LAX,WN,-4,0,,On-Time
2015,1,5,LAX,US,-4,0,,On-Time
2015,1,5,LAX,AA,-4,0,,On-Time
2015,1,5,LAX,DL,-4,0,,On-Time
2015,1,5,LAX,AA,-4,0,,On-Time
2015,1,5,LAX,DL,-4,0,,On-Time
2015,1,5,LAX,UA,-4,0,,On-Time
2015,1,5,LAX,AA,-4,0,,On-Time
2015,1,5,LAX,US,-4,0,,On-Time
2015,1,5,LAX,OO,-4,0,,On-Time
2015,1,5,LAX,UA,-4,0,,On-Time
2015,1,5,LAX,AA,-4,0,,On-Time
2015,1,5,LAX,DL,-4,0,,On-Time
2015,1,4,SFO,DL,-4,0,,On-Time
2015,1,4,SFO,VX,-4,0,,On-Time
2015,1,4,SFO,UA,-4,0,,On-Time
2015,1,4,SFO,OO,-4,0,,On-Time
2015,1,4,SFO,UA,-4,0,,On-Time
2015,1,4,SFO,UA,-4,0,,On-Time
2015,1,4,SFO,UA,-4,0,,On-Time
2015,1,4,SFO,UA,-4,0,,On-Time
2015,1,4,SFO,AA,-4,0,,On-Time
2015,1,4,SFO,OO,-4,0,,On-Time
2015,1,4,SFO,AS,-4,0,,On-Time
2015,1,4,SFO,UA,-4,0,,On-Time
2015,1,4,SFO,DL,-4,0,,On-Time
2015,1,4,SFO,VX,-4,0,,On-Time
2015,1,4,SFO,WN,-4,0,,On-Time
2015,1,4,SFO,AA,-4,0,,On-Time
2015,1,4,SFO,B6,-4,0,,On-Time
2015,1,4,SFO,UA,-4,0,,On-Time
2015,1,4,SFO,VX,-4,0,,On-Time
2015,1,4,SFO,VX,-4,0,,On-Time
2015,1,4,SFO,AA,-4,0,,On-Time
2015,1,4,SFO,UA,-4,0,,On-Time
2015,1,4,SFO,OO,-4,0,,On-Time
2015,1,4,SFO,UA,-4,0,,On-Time
2015,1,4,SFO,OO,-4,0,,On-Time
2015,1,4,SFO,UA,-4,0,,On-Time
2015,1,4,SFO,OO,-4,0,,On-Time
2015,1,4,SFO,UA,-4,0,,On-Time
2015,1,4,SFO,UA,-4,0,,On-Time
2015,1,4,SFO,AA,-4,0,,On-Time
2015,1,4,SFO,B6,-4,0,,On-Time
2015,1,4,SFO,UA,-4,0,,On-Time
2015,1,4,SFO,VX,-4,0,,On-Time
2015,1,4,SFO,UA,-4,0,,On-Time
2015,1,4,SFO,DL,-4,0,,On-Time
2015,1,5,SFO,UA,-4,0,,On-Time
2015,1,5,SFO,WN,-4,0,,On-Time
2015,1,5,SFO,B6,-4,0,,On-Time
2015,1,5,SFO,UA,-4,0,,On-Time
2015,1,5,SFO,US,-4,0,,On-Time
2015,1,5,SFO,UA,-4,0,,On-Time
2015,1,5,SFO,VX,-4,0,,On-Time
2015,1,5,SFO,AS,-4,0,,On-Time
2015,1,5,SFO,VX,-4,0,,On-Time
2015,1,5,SFO,OO,-4,0,,On-Time
2015,1,5,SFO,AA,-4,0,,On-Time
2015,1,5,SFO,OO,-4,0,,On-Time
2015,1,5,SFO,UA,-4,0,,On-Time
2015,1,5,SFO,AA,-4,0,,On-Time
2015,1,5,SFO,AS,-4,0,,On-Time
2015,1,5,SFO,VX,-4,0,,On-Time
2015,1,5,SFO,AS,-4,0,,On-Time
2015,1,5,SFO,OO,-4,0,,On-Time
2015,1,5,SFO,WN,-4,0,,On-Time
2015,1,5,SFO,OO,-4,0,,On-Time
2015,1,5,SFO,OO,-4,0,,On-Time
2015,1,5,SFO,AS,-4,0,,On-Time
2015,1,5,SFO,VX,-4,0,,On-Time
2015,1,5,SFO,UA,-4,0,,On-Time
2015,1,5,SFO,VX,-4,0,,On-Time
2015,1,5,SFO,UA,-4,0,,On-Time
2015,1,5,SFO,UA,-4,0,,On-Time
2015,1,5,SFO,WN,-4,0,,On-Time
2015,1,5,SFO,OO,-4,0,,On-Time
2015,1,4,LAS,NK,-4,0,,On-Time
2015,1,4,MSP,UA,-4,0,,On-Time
2015,1,4,DFW,OO,-4,0,,On-Time
2015,1,4,LAS,UA,-4,0,,On-Time
2015,1,4,MSP,DL,-4,0,,On-Time
2015,1,4,LAS,AA,-4,0,,On-Time
2015,1,4,IAH,US,-4,0,,On-Time
2015,1,4,MSP,WN,-4,0,,On-Time
2015,1,4,LAS,AA,-4,0,,On-Time
2015,1,4,LAS,WN,-4,0,,On-Time
2015,1,4,DFW,AA,-4,0,,On-Time
2015,1,4,DFW,AA,-4,0,,On-Time
2015,1,4,DEN,F9,-4,0,,On-Time
2015,1,4,DFW,AA,-4,0,,On-Time
2015,1,4,DFW,AA,-4,0,,On-Time
2015,1,4,LAS,UA,-4,0,,On-Time
2015,1,4,DFW,AA,-4,0,,On-Time
2015,1,4,DEN,US,-4,0,,On-Time
2015,1,4,DFW,AA,-4,0,,On-Time
2015,1,4,DFW,OO,-4,0,,On-Time
2015,1,4,LAS,WN,-4,0,,On-Time
2015,1,4,DEN,F9,-4,0,,On-Time
2015,1,4,DFW,AA,-4,0,,On-Time
2015,1,4,MSP,DL,-4,0,,On-Time
2015,1,4,IAH,EV,-4,0,,On-Time
2015,1,4,LAS,WN,-4,0,,On-Time
2015,1,4,LAS,AA,-4,0,,On-Time
2015,1,4,MSP,EV,-4,0,,On-Time
2015,1,4,MSP,OO,-4,0,,On-Time
2015,1,4,DEN,US,-4,0,,On-Time
2015,1,4,LAS,WN,-4,0,,On-Time
2015,1,4,MSP,DL,-4,0,,On-Time
2015,1,4,DFW,AA,-4,0,,On-Time
2015,1,4,PHX,US,-4,0,,On-Time
2015,1,4,DEN,F9,-4,0,,On-Time
2015,1,4,DEN,WN,-4,0,,On-Time
2015,1,4,DEN,US,-4,0,,On-Time
2015,1,4,IAH,EV,-4,0,,On-Time
2015,1,4,IAH,EV,-4,0,,On-Time
2015,1,4,LAS,WN,-4,0,,On-Time
2015,1,4,PHX,WN,-4,0,,On-Time
2015,1,4,PHX,OO,-4,0,,On-Time
2015,1,4,PHX,OO,-4,0,,On-Time
2015,1,4,LAS,WN,-4,0,,On-Time
2015,1,4,LAS,VX,-4,0,,On-Time
2015,1,4,MSP,DL,-4,0,,On-Time
2015,1,4,LAS,NK,-4,0,,On-Time
2015,1,4,PHX,US,-4,0,,On-Time
2015,1,4,DFW,AA,-4,0,,On-Time
2015,1,4,MSP,DL,-4,0,,On-Time
2015,1,4,MSP,EV,-4,0,,On-Time
2015,1,4,PHX,US,-4,0,,On-Time
2015,1,4,LAS,US,-4,0,,On-Time
2015,1,4,IAH,OO,-4,0,,On-Time
2015,1,4,DFW,AA,-4,0,,On-Time
2015,1,4,LAS,WN,-4,0,,On-Time
2015,1,4,DFW,EV,-4,0,,On-Time
2015,1,4,DFW,AA,-4,0,,On-Time
2015,1,4,DEN,EV,-4,0,,On-Time
2015,1,4,LAS,US,-4,0,,On-Time
2015,1,4,DFW,AA,-4,0,,On-Time
2015,1,4,IAH,EV,-4,0,,On-Time
2015,1,4,IAH,EV,-4,0,,On-Time
2015,1,4,DFW,AA,-4,0,,On-Time
2015,1,4,DEN,F9,-4,0,,On-Time
2015,1,4,MSP,DL,-4,0,,On-Time
2015,1,4,MSP,DL,-4,0,,On-Time
2015,1,4,MSP,DL,-4,0,,On-Time
2015,1,4,LAS,UA,-4,0,,On-Time
2015,1,4,DFW,EV,-4,0,,On-Time
2015,1,4,IAH,EV,-4,0,,On-Time
2015,1,4,IAH,EV,-4,0,,On-Time
2015,1,4,PHX,OO,-4,0,,On-Time
2015,1,4,PHX,US,-4,0,,On-Time
2015,1,4,PHX,US,-4,0,,On-Time
2015,1,4,DFW,AA,-4,0,,On-Time
2015,1,4,DFW,US,-4,0,,On-Time
2015,1,4,MSP,OO,-4,0,,On-Time
2015,1,4,MSP,EV,-4,0,,On-Time
2015,1,4,LAS,WN,-4,0,,On-Time
2015,1,4,DEN,WN,-4,0,,On-Time
2015,1,4,LAS,OO,-4,0,,On-Time
2015,1,4,MSP,DL,-4,0,,On-Time
2015,1,4,LAS,AA,-4,0,,On-Time
2015,1,4,PHX,US,-4,0,,On-Time
2015,1,4,MSP,OO,-4,0,,On-Time
2015,1,4,MSP,OO,-4,0,,On-Time
2015,1,4,PHX,US,-4,0,,On-Time
2015,1,4,MSP,OO,-4,0,,On-Time
2015,1,4,DFW,DL,-4,0,,On-Time
2015,1,4,PHX,US,-4,0,,On-Time
2015,1,4,MSP,MQ,-4,0,,On-Time
2015,1,4,LAS,VX,-4,0,,On-Time
2015,1,4,LAS,WN,-4,0,,On-Time
2015,1,4,LAS,AA,-4,0,,On-Time
2015,1,4,LAS,WN,-4,0,,On-Time
2015,1,4,DFW,AA,-4,0,,On-Time
2015,1,4,PHX,WN,-4,0,,On-Time
2015,1,4,PHX,US,-4,0,,On-Time
2015,1,4,PHX,US,-4,0,,On-Time
2015,1,4,PHX,US,-4,0,,On-Time
2015,1,4,DFW,MQ,-4,0,,On-Time
2015,1,4,PHX,US,-4,0,,On-Time
2015,1,4,DFW,MQ,-4,0,,On-Time
2015,1,4,DFW,EV,-4,0,,On-Time
2015,1,4,IAH,EV,-4,0,,On-Time
2015,1,4,PHX,US,-4,0,,On-Time
2015,1,4,LAS,WN,-4,0,,On-Time
2015,1,4,LAS,US,-4,0,,On-Time
2015,1,4,PHX,US,-4,0,,On-Time
2015,1,5,LAS,DL,-4,0,,On-Time
2015,1,5,PHX,DL,-4,0,,On-Time
2015,1,5,LAS,HA,-4,0,,On-Time
2015,1,5,DFW,AA,-4,0,,On-Time
2015,1,5,MSP,F9,-4,0,,On-Time
2015,1,5,DEN,UA,-4,0,,On-Time
2015,1,5,DFW,US,-4,0,,On-Time
2015,1,5,MSP,WN,-4,0,,On-Time
2015,1,5,DFW,F9,-4,0,,On-Time
2015,1,5,DEN,DL,-4,0,,On-Time
2015,1,5,LAS,WN,-4,0,,On-Time
2015,1,5,DEN,WN,-4,0,,On-Time
2015,1,5,MSP,WN,-4,0,,On-Time
2015,1,5,LAS,US,-4,0,,On-Time
2015,1,5,DEN,F9,-4,0,,On-Time
2015,1,5,MSP,DL,-4,0,,On-Time
2015,1,5,IAH,US,-4,0,,On-Time
2015,1,5,DFW,AA,-4,0,,On-Time
2015,1,5,MSP,DL,-4,0,,On-Time
2015,1,5,DEN,F9,-4,0,,On-Time
2015,1,5,MSP,DL,-4,0,,On-Time
2015,1,5,IAH,EV,-4,0,,On-Time
2015,1,5,DFW,AA,-4,0,,On-Time
2015,1,5,LAS,WN,-4,0,,On-Time
2015,1,5,DFW,MQ,-4,0,,On-Time
2015,1,5,MSP,OO,-4,0,,On-Time
2015,1,5,DFW,AA,-4,0,,On-Time
2015,1,5,DFW,MQ,-4,0,,On-Time
2015,1,5,LAS,WN,-4,0,,On-Time
2015,1,5,LAS,OO,-4,0,,On-Time
2015,1,5,IAH,EV,-4,0,,On-Time
2015,1,5,DEN,US,-4,0,,On-Time
2015,1,5,DEN,F9,-4,0,,On-Time
2015,1,5,LAS,WN,-4,0,,On-Time
2015,1,5,DEN,WN,-4,0,,On-Time
2015,1,5,LAS,WN,-4,0,,On-Time
2015,1,5,DFW,EV,-4,0,,On-Time
2015,1,5,PHX,US,-4,0,,On-Time
2015,1,5,IAH,UA,-4,0,,On-Time
2015,1,5,MSP,DL,-4,0,,On-Time
2015,1,5,DFW,AA,-4,0,,On-Time
2015,1,5,IAH,EV,-4,0,,On-Time
2015,1,5,DFW,MQ,-4,0,,On-Time
2015,1,5,PHX,WN,-4,0,,On-Time
2015,1,5,DFW,AA,-4,0,,On-Time
2015,1,5,DFW,AA,-4,0,,On-Time
2015,1,5,PHX,OO,-4,0,,On-Time
2015,1,5,DEN,WN,-4,0,,On-Time
2015,1,5,IAH,EV,-4,0,,On-Time
2015,1,5,PHX,US,-4,0,,On-Time
2015,1,5,LAS,WN,-4,0,,On-Time
2015,1,5,MSP,OO,-4,0,,On-Time
2015,1,5,DFW,AA,-4,0,,On-Time
2015,1,5,IAH,UA,-4,0,,On-Time
2015,1,5,DFW,AA,-4,0,,On-Time
2015,1,5,DEN,F9,-4,0,,On-Time
2015,1,5,PHX,US,-4,0,,On-Time
2015,1,5,PHX,AA,-4,0,,On-Time
2015,1,5,LAS,AA,-4,0,,On-Time
2015,1,5,LAS,AA,-4,0,,On-Time
2015,1,5,DFW,MQ,-4,0,,On-Time
2015,1,5,PHX,US,-4,0,,On-Time
2015,1,5,LAS,NK,-4,0,,On-Time
2015,1,5,PHX,US,-4,0,,On-Time
2015,1,5,LAS,NK,-4,0,,On-Time
2015,1,5,PHX,US,-4,0,,On-Time
2015,1,5,IAH,EV,-4,0,,On-Time
2015,1,5,PHX,WN,-4,0,,On-Time
2015,1,5,DFW,AA,-4,0,,On-Time
2015,1,5,MSP,DL,-4,0,,On-Time
2015,1,5,DFW,DL,-4,0,,On-Time
2015,1,5,DFW,MQ,-4,0,,On-Time
2015,1,5,DFW,EV,-4,0,,On-Time
2015,1,5,LAS,US,-4,0,,On-Time
2015,1,5,IAH,EV,-4,0,,On-Time
2015,1,5,MSP,DL,-4,0,,On-Time
2015,1,5,DFW,US,-4,0,,On-Time
2015,1,5,PHX,US,-4,0,,On-Time
2015,1,5,PHX,OO,-4,0,,On-Time
2015,1,5,DEN,WN,-4,0,,On-Time
2015,1,5,DFW,AA,-4,0,,On-Time
2015,1,5,IAH,EV,-4,0,,On-Time
2015,1,5,MSP,DL,-4,0,,On-Time
2015,1,5,IAH,OO,-4,0,,On-Time
2015,1,5,MSP,US,-4,0,,On-Time
2015,1,5,PHX,DL,-4,0,,On-Time
2015,1,5,IAH,US,-4,0,,On-Time
2015,1,5,IAH,EV,-4,0,,On-Time
2015,1,5,DEN,F9,-4,0,,On-Time
2015,1,5,PHX,US,-4,0,,On-Time
2015,1,5,IAH,EV,-4,0,,On-Time
2015,1,5,IAH,EV,-4,0,,On-Time
2015,1,5,LAS,US,-4,0,,On-Time
2015,1,5,LAS,VX,-4,0,,On-Time
2015,1,5,MSP,DL,-4,0,,On-Time
2015,1,5,MSP,DL,-4,0,,On-Time
2015,1,5,IAH,EV,-4,0,,On-Time
2015,1,5,PHX,US,-4,0,,On-Time
2015,1,5,MSP,OO,-4,0,,On-Time
2015,1,5,PHX,OO,-4,0,,On-Time
2015,1,5,PHX,US,-4,0,,On-Time
2015,1,4,ORD,NK,-4,0,,On-Time
2015,1,4,ORD,US,-4,0,,On-Time
2015,1,4,ORD,EV,-4,0,,On-Time
2015,1,4,ORD,NK,-4,0,,On-Time
2015,1,4,ORD,EV,-4,0,,On-Time
2015,1,4,ORD,OO,-4,0,,On-Time
2015,1,4,ORD,AS,-4,0,,On-Time
2015,1,4,ORD,MQ,-4,0,,On-Time
2015,1,4,ORD,UA,-4,0,,On-Time
2015,1,4,ORD,AA,-4,0,,On-Time
2015,1,4,ORD,UA,-4,0,,On-Time
2015,1,4,ORD,EV,-4,0,,On-Time
2015,1,4,ORD,EV,-4,0,,On-Time
2015,1,4,ORD,MQ,-4,0,,On-Time
2015,1,4,ORD,UA,-4,0,,On-Time
2015,1,4,ORD,AA,-4,0,,On-Time
2015,1,4,ORD,MQ,-4,0,,On-Time
2015,1,4,ORD,UA,-4,0,,On-Time
2015,1,4,ORD,EV,-4,0,,On-Time
2015,1,4,ORD,OO,-4,0,,On-Time
2015,1,4,ORD,EV,-4,0,,On-Time
2015,1,4,ORD,MQ,-4,0,,On-Time
2015,1,4,ORD,MQ,-4,0,,On-Time
2015,1,4,ORD,AA,-4,0,,On-Time
2015,1,4,ORD,MQ,-4,0,,On-Time
2015,1,4,ORD,AA,-4,0,,On-Time
2015,1,4,ORD,AA,-4,0,,On-Time
2015,1,4,ORD,AA,-4,0,,On-Time
2015,1,4,ORD,MQ,-4,0,,On-Time
2015,1,4,ORD,AA,-4,0,,On-Time
2015,1,4,ORD,EV,-4,0,,On-Time
2015,1,4,ORD,AA,-4,0,,On-Time
2015,1,4,ORD,OO,-4,0,,On-Time
2015,1,4,ORD,EV,-4,0,,On-Time
2015,1,4,ORD,EV,-4,0,,On-Time
2015,1,4,ORD,MQ,-4,0,,On-Time
2015,1,4,ORD,OO,-4,0,,On-Time
2015,1,4,ORD,NK,-4,0,,On-Time
2015,1,4,ORD,AA,-4,0,,On-Time
2015,1,4,ORD,AA,-4,0,,On-Time
2015,1,4,ORD,AA,-4,0,,On-Time
2015,1,4,ORD,AA,-4,0,,On-Time
2015,1,4,ORD,EV,-4,0,,On-Time
2015,1,4,ORD,AA,-4,0,,On-Time
2015,1,4,ORD,OO,-4,0,,On-Time
2015,1,4,ORD,EV,-4,0,,On-Time
2015,1,4,ORD,EV,-4,0,,On-Time
2015,1,4,ORD,EV,-4,0,,On-Time
2015,1,4,ORD,OO,-4,0,,On-Time
2015,1,4,ORD,AA,-4,0,,On-Time
2015,1,5,ORD,UA,-4,0,,On-Time
2015,1,5,ORD,MQ,-4,0,,On-Time
2015,1,5,ORD,UA,-4,0,,On-Time
2015,1,5,ORD,UA,-4,0,,On-Time
2015,1,5,ORD,UA,-4,0,,On-Time
2015,1,5,ORD,AA,-4,0,,On-Time
2015,1,5,ORD,US,-4,0,,On-Time
2015,1,5,ORD,AA,-4,0,,On-Time
2015,1,5,ORD,AA,-4,0,,On-Time
2015,1,5,ORD,AA,-4,0,,On-Time
2015,1,5,ORD,MQ,-4,0,,On-Time
2015,1,5,ORD,MQ,-4,0,,On-Time
2015,1,5,ORD,AA,-4,0,,On-Time
2015,1,5,ORD,OO,-4,0,,On-Time
2015,1,5,ORD,UA,-4,0,,On-Time
2015,1,5,ORD,MQ,-4,0,,On-Time
2015,1,5,ORD,MQ,-4,0,,On-Time
2015,1,5,ORD,UA,-4,0,,On-Time
2015,1,5,ORD,UA,-4,0,,On-Time
2015,1,5,ORD,AA,-4,0,,On-Time
2015,1,5,ORD,MQ,-4,0,,On-Time
2015,1,5,ORD,OO,-4,0,,On-Time
2015,1,5,ORD,MQ,-4,0,,On-Time
2015,1,5,ORD,UA,-4,0,,On-Time
2015,1,5,ORD,MQ,-4,0,,On-Time
2015,1,5,ORD,MQ,-4,0,,On-Time
2015,1,5,ORD,MQ,-4,0,,On-Time
2015,1,5,ORD,MQ,-4,0,,On-Time
2015,1,5,ORD,EV,-4,0,,On-Time
2015,1,5,ORD,MQ,-4,0,,On-Time
2015,1,5,ORD,MQ,-4,0,,On-Time
2015,1,5,ORD,UA,-4,0,,On-Time
2015,1,5,ORD,AA,-4,0,,On-Time
2015,1,5,ORD,MQ,-4,0,,On-Time
2015,1,5,ORD,AA,-4,0,,On-Time
2015,1,5,ORD,UA,-4,0,,On-Time
2015,1,5,ORD,EV,-4,0,,On-Time
2015,1,5,ORD,OO,-4,0,,On-Time
2015,1,5,ORD,EV,-4,0,,On-Time
2015,1,5,ORD,EV,-4,0,,On-Time
2015,1,5,ORD,UA,-4,0,,On-Time
2015,1,5,ORD,MQ,-4,0,,On-Time
2015,1,5,ORD,DL,-4,0,,On-Time
2015,1,5,ORD,OO,-4,0,,On-Time
2015,1,5,ORD,MQ,-4,0,,On-Time
2015,1,5,ORD,US,-4,0,,On-Time
2015,1,5,ORD,UA,-4,0,,On-Time
2015,1,5,ORD,OO,-4,0,,On-Time
2015,1,5,ORD,OO,-4,0,,On-Time
2015,1,5,ORD,EV,-4,0,,On-Time
2015,1,5,ORD,EV,-4,0,,On-Time
2015,1,5,ORD,MQ,-4,0,,On-Time
2015,1,5,ORD,OO,-4,0,,On-Time
2015,1,5,ORD,MQ,-4,0,,On-Time
2015,1,5,ORD,MQ,-4,0,,On-Time
2015,1,5,ORD,AA,-4,0,,On-Time
2015,1,5,ORD,EV,-4,0,,On-Time
2015,1,5,ORD,AA,-4,0,,On-Time
2015,1,5,ORD,EV,-4,0,,On-Time
2015,1,5,ORD,AA,-4,0,,On-Time
2015,1,5,ORD,AA,-4,0,,On-Time
2015,1,5,ORD,MQ,-4,0,,On-Time
2015,1,4,ATL,OO,-4,0,,On-Time
2015,1,4,ATL,AA,-4,0,,On-Time
2015,1,4,ATL,WN,-4,0,,On-Time
2015,1,4,ATL,WN,-4,0,,On-Time
2015,1,4,ATL,DL,-4,0,,On-Time
2015,1,4,ATL,DL,-4,0,,On-Time
2015,1,4,ATL,DL,-4,0,,On-Time
2015,1,4,ATL,DL,-4,0,,On-Time
2015,1,4,ATL,DL,-4,0,,On-Time
2015,1,4,ATL,DL,-4,0,,On-Time
2015,1,4,ATL,US,-4,0,,On-Time
2015,1,4,ATL,AA,-4,0,,On-Time
2015,1,4,ATL,DL,-4,0,,On-Time
2015,1,4,ATL,EV,-4,0,,On-Time
2015,1,4,ATL,DL,-4,0,,On-Time
2015,1,4,ATL,DL,-4,0,,On-Time
2015,1,4,ATL,DL,-4,0,,On-Time
2015,1,4,ATL,EV,-4,0,,On-Time
2015,1,4,ATL,WN,-4,0,,On-Time
2015,1,4,ATL,DL,-4,0,,On-Time
2015,1,4,ATL,DL,-4,0,,On-Time
2015,1,4,ATL,WN,-4,0,,On-Time
2015,1,4,ATL,US,-4,0,,On-Time
2015,1,4,ATL,DL,-4,0,,On-Time
2015,1,4,ATL,EV,-4,0,,On-Time
2015,1,4,ATL,DL,-4,0,,On-Time
2015,1,4,ATL,DL,-4,0,,On-Time
2015,1,4,ATL,DL,-4,0,,On-Time
2015,1,4,ATL,EV,-4,0,,On-Time
2015,1,4,ATL,OO,-4,0,,On-Time
2015,1,4,ATL,WN,-4,0,,On-Time
2015,1,4,ATL,WN,-4,0,,On-Time
2015,1,4,ATL,DL,-4,0,,On-Time
2015,1,4,ATL,EV,-4,0,,On-Time
2015,1,4,ATL,DL,-4,0,,On-Time
2015,1,4,ATL,EV,-4,0,,On-Time
2015,1,4,ATL,EV,-4,0,,On-Time
2015,1,4,ATL,DL,-4,0,,On-Time
2015,1,4,ATL,US,-4,0,,On-Time
2015,1,4,ATL,OO,-4,0,,On-Time
2015,1,4,ATL,EV,-4,0,,On-Time
2015,1,4,ATL,EV,-4,0,,On-Time
2015,1,4,ATL,DL,-4,0,,On-Time
2015,1,4,ATL,DL,-4,0,,On-Time
2015,1,4,ATL,DL,-4,0,,On-Time
2015,1,4,ATL,EV,-4,0,,On-Time
2015,1,4,ATL,DL,-4,0,,On-Time
2015,1,4,ATL,DL,-4,0,,On-Time
2015,1,4,ATL,DL,-4,0,,On-Time
2015,1,4,ATL,DL,-4,0,,On-Time
2015,1,4,ATL,WN,-4,0,,On-Time
2015,1,4,ATL,NK,-4,0,,On-Time
2015,1,4,ATL,EV,-4,0,,On-Time
2015,1,4,ATL,EV,-4,0,,On-Time
2015,1,4,ATL,WN,-4,0,,On-Time
2015,1,4,ATL,EV,-4,0,,On-Time
2015,1,4,ATL,EV,-4,0,,On-Time
2015,1,4,ATL,DL,-4,0,,On-Time
2015,1,4,ATL,EV,-4,0,,On-Time
2015,1,4,ATL,WN,-4,0,,On-Time
2015,1,4,ATL,DL,-4,0,,On-Time
2015,1,4,ATL,EV,-4,0,,On-Time
2015,1,4,ATL,EV,-4,0,,On-Time
2015,1,4,ATL,EV,-4,0,,On-Time
2015,1,4,ATL,DL,-4,0,,On-Time
2015,1,4,ATL,DL,-4,0,,On-Time
2015,1,4,ATL,DL,-4,0,,On-Time
2015,1,4,ATL,DL,-4,0,,On-Time
2015,1,4,ATL,DL,-4,0,,On-Time
2015,1,4,ATL,DL,-4,0,,On-Time
2015,1,4,ATL,DL,-4,0,,On-Time
2015,1,4,ATL,DL,-4,0,,On-Time
2015,1,4,ATL,DL,-4,0,,On-Time
2015,1,4,ATL,WN,-4,0,,On-Time
2015,1,5,ATL,US,-4,0,,On-Time
2015,1,5,ATL,WN,-4,0,,On-Time
2015,1,5,ATL,DL,-4,0,,On-Time
2015,1,5,ATL,DL,-4,0,,On-Time
2015,1,5,ATL,WN,-4,0,,On-Time
2015,1,5,ATL,EV,-4,0,,On-Time
2015,1,5,ATL,DL,-4,0,,On-Time
2015,1,5,ATL,EV,-4,0,,On-Time
2015,1,5,ATL,EV,-4,0,,On-Time
2015,1,5,ATL,DL,-4,0,,On-Time
2015,1,5,ATL,DL,-4,0,,On-Time
2015,1,5,ATL,US,-4,0,,On-Time
2015,1,5,ATL,DL,-4,0,,On-Time
2015,1,5,ATL,EV,-4,0,,On-Time
2015,1,5,ATL,EV,-4,0,,On-Time
2015,1,5,ATL,EV,-4,0,,On-Time
2015,1,5,ATL,EV,-4,0,,On-Time
2015,1,5,ATL,DL,-4,0,,On-Time
2015,1,5,ATL,EV,-4,0,,On-Time
2015,1,5,ATL,EV,-4,0,,On-Time
2015,1,5,ATL,EV,-4,0,,On-Time
2015,1,5,ATL,DL,-4,0,,On-Time
2015,1,5,ATL,DL,-4,0,,On-Time
2015,1,5,ATL,DL,-4,0,,On-Time
2015,1,5,ATL,DL,-4,0,,On-Time
2015,1,5,ATL,EV,-4,0,,On-Time
2015,1,5,ATL,DL,-4,0,,On-Time
2015,1,5,ATL,DL,-4,0,,On-Time
2015,1,5,ATL,DL,-4,0,,On-Time
2015,1,5,ATL,EV,-4,0,,On-Time
2015,1,5,ATL,DL,-4,0,,On-Time
2015,1,5,ATL,DL,-4,0,,On-Time
2015,1,5,ATL,DL,-4,0,,On-Time
2015,1,5,ATL,EV,-4,0,,On-Time
2015,1,5,ATL,DL,-4,0,,On-Time
2015,1,5,ATL,DL,-4,0,,On-Time
2015,1,5,ATL,EV,-4,0,,On-Time
2015,1,5,ATL,DL,-4,0,,On-Time
2015,1,5,ATL,EV,-4,0,,On-Time
2015,1,5,ATL,EV,-4,0,,On-Time
2015,1,5,ATL,DL,-4,0,,On-Time
2015,1,5,ATL,DL,-4,0,,On-Time
2015,1,5,ATL,DL,-4,0,,On-Time
2015,1,4,LAS,HA,0,0,,On-Time
2015,1,4,DEN,US,0,0,,On-Time
2015,1,4,DFW,NK,0,0,,On-Time
2015,1,4,PHX,F9,0,0,,On-Time
2015,1,4,MSP,OO,0,0,,On-Time
2015,1,4,SFO,US,0,0,,On-Time
2015,1,4,DFW,OO,0,0,,On-Time
2015,1,4,DEN,AA,0,0,,On-Time
2015,1,4,DEN,OO,0,0,,On-Time
2015,1,4,SFO,B6,0,0,,On-Time
2015,1,4,ORD,OO,0,0,,On-Time
2015,1,4,LAS,AA,0,0,,On-Time
2015,1,4,LAX,VX,0,0,,On-Time
2015,1,4,PHX,US,0,0,,On-Time
2015,1,4,LAX,HA,0,0,,On-Time
2015,1,4,IAH,AA,0,0,,On-Time
2015,1,4,DFW,AA,0,0,,On-Time
2015,1,4,SFO,AS,0,0,,On-Time
2015,1,4,IAH,EV,0,0,,On-Time
2015,1,4,SFO,OO,0,0,,On-Time
2015,1,4,MSP,OO,0,0,,On-Time
2015,1,4,IAH,EV,0,0,,On-Time
2015,1,4,IAH,EV,0,0,,On-Time
2015,1,4,ORD,VX,0,0,,On-Time
2015,1,4,ATL,NK,0,0,,On-Time
2015,1,4,DFW,AA,0,0,,On-Time
2015,1,4,ORD,NK,0,0,,On-Time
2015,1,4,PHX,US,0,0,,On-Time
2015,1,4,ORD,MQ,0,0,,On-Time
2015,1,4,DFW,AA,0,0,,On-Time
2015,1,4,LAX,OO,0,0,,On-Time
2015,1,4,PHX,US,0,0,,On-Time
2015,1,4,LAX,AA,0,0,,On-Time
2015,1,4,PHX,US,0,0,,On-Time
2015,1,4,SFO,AS,0,0,,On-Time
2015,1,4,DFW,EV,0,0,,On-Time
2015,1,4,ORD,MQ,0,0,,On-Time
2015,1,4,IAH,EV,0,0,,On-Time
2015,1,4,IAH,EV,0,0,,On-Time
2015,1,4,ATL,EV,0,0,,On-Time
2015,1,4,ATL,EV,0,0,,On-Time
2015,1,4,ORD,MQ,0,0,,On-Time
2015,1,4,IAH,EV,0,0,,On-Time
2015,1,4,LAS,US,0,0,,On-Time
2015,1,4,ORD,MQ,0,0,,On-Time
2015,1,4,ATL,EV,0,0,,On-Time
2015,1,4,ORD,US,0,0,,On-Time
2015,1,4,LAS,B6,0,0,,On-Time
2015,1,4,MSP,OO,0,0,,On-Time
2015,1,4,LAX,AA,0,0,,On-Time
2015,1,4,DFW,AA,0,0,,On-Time
2015,1,4,IAH,EV,0,0,,On-Time
2015,1,4,IAH,EV,0,0,,On-Time
2015,1,4,LAS,AS,0,0,,On-Time
2015,1,4,ORD,AA,0,0,,On-Time
2015,1,4,DFW,MQ,0,0,,On-Time
2015,1,4,ORD,EV,0,0,,On-Time
2015,1,4,SFO,US,0,0,,On-Time
2015,1,4,LAX,VX,0,0,,On-Time
2015,1,4,DFW,AA,0,0,,On-Time
2015,1,4,IAH,EV,0,0,,On-Time
2015,1,4,ORD,AA,0,0,,On-Time
2015,1,4,ORD,AA,0,0,,On-Time
2015,1,4,ATL,F9,0,0,,On-Time
2015,1,4,IAH,EV,0,0,,On-Time
2015,1,4,IAH,EV,0,0,,On-Time
2015,1,4,LAS,VX,0,0,,On-Time
2015,1,4,DEN,OO,0,0,,On-Time
2015,1,4,LAS,US,0,0,,On-Time
2015,1,4,SFO,VX,0,0,,On-Time
2015,1,4,DEN,OO,0,0,,On-Time
2015,1,4,PHX,US,0,0,,On-Time
2015,1,4,ORD,AA,0,0,,On-Time
2015,1,4,LAX,AA,0,0,,On-Time
2015,1,4,ORD,MQ,0,0,,On-Time
2015,1,4,ORD,MQ,0,0,,On-Time
2015,1,4,ATL,F9,0,0,,On-Time
2015,1,4,ORD,AS,0,0,,On-Time
2015,1,4,ORD,NK,0,0,,On-Time
2015,1,4,LAX,OO,0,0,,On-Time
2015,1,4,IAH,EV,0,0,,On-Time
2015,1,4,ORD,NK,0,0,,On-Time
2015,1,4,ORD,MQ,0,0,,On-Time
2015,1,4,DFW,AA,0,0,,On-Time
2015,1,4,MSP,AA,0,0,,On-Time
2015,1,4,PHX,US,0,0,,On-Time
2015,1,4,ORD,AA,0,0,,On-Time
2015,1,4,ORD,MQ,0,0,,On-Time
2015,1,4,LAX,US,0,0,,On-Time
2015,1,4,DFW,EV,0,0,,On-Time
2015,1,4,ORD,MQ,0,0,,On-Time
2015,1,4,MSP,OO,0,0,,On-Time
2015,1,4,DFW,MQ,0,0,,On-Time
2015,1,4,PHX,US,0,0,,On-Time
2015,1,4,ORD,AA,0,0,,On-Time
2015,1,4,LAX,AA,0,0,,On-Time
2015,1,4,LAX,OO,0,0,,On-Time
2015,1,4,ORD,OO,0,0,,On-Time
2015,1,4,ORD,AA,0,0,,On-Time
2015,1,4,DFW,MQ,0,0,,On-Time
2015,1,4,LAS,VX,0,0,,On-Time
2015,1,4,DFW,AA,0,0,,On-Time
2015,1,4,IAH,EV,0,0,,On-Time
2015,1,4,DFW,F9,0,0,,On-Time
2015,1,4,LAX,US,0,0,,On-Time
2015,1,4,DFW,US,0,0,,On-Time
2015,1,4,IAH,EV,0,0,,On-Time
2015,1,4,MSP,US,0,0,,On-Time
2015,1,4,ORD,EV,0,0,,On-Time
2015,1,4,ORD,MQ,0,0,,On-Time
2015,1,4,ORD,AA,0,0,,On-Time
2015,1,4,DFW,AA,0,0,,On-Time
2015,1,4,IAH,EV,0,0,,On-Time
2015,1,4,IAH,EV,0,0,,On-Time
2015,1,4,IAH,EV,0,0,,On-Time
2015,1,4,IAH,OO,0,0,,On-Time
2015,1,4,DFW,MQ,0,0,,On-Time
2015,1,4,SFO,OO,0,0,,On-Time
2015,1,4,ORD,AA,0,0,,On-Time
2015,1,4,ORD,MQ,0,0,,On-Time
2015,1,4,SFO,VX,0,0,,On-Time
2015,1,4,DFW,AA,0,0,,On-Time
2015,1,4,LAX,VX,0,0,,On-Time
2015,1,4,IAH,EV,0,0,,On-Time
2015,1,4,ORD,MQ,0,0,,On-Time
2015,1,4,DFW,AA,0,0,,On-Time
2015,1,4,LAS,VX,0,0,,On-Time
2015,1,4,ORD,EV,0,0,,On-Time
2015,1,4,PHX,OO,0,0,,On-Time
2015,1,4,ATL,EV,0,0,,On-Time
2015,1,4,PHX,US,0,0,,On-Time
2015,1,4,LAX,US,0,0,,On-Time
2015,1,4,ORD,US,0,0,,On-Time
2015,1,4,LAX,AA,0,0,,On-Time
2015,1,4,LAX,AA,0,0,,On-Time
2015,1,4,ATL,EV,0,0,,On-Time
2015,1,4,ORD,AA,0,0,,On-Time
2015,1,4,LAX,AA,0,0,,On-Time
2015,1,4,LAX,B6,0,0,,On-Time
2015,1,4,LAS,B6,0,0,,On-Time
2015,1,4,PHX,US,0,0,,On-Time
2015,1,4,PHX,US,0,0,,On-Time
2015,1,4,SFO,AA,0,0,,On-Time
2015,1,4,DEN,F9,0,0,,On-Time
2015,1,4,PHX,US,0,0,,On-Time
2015,1,5,DEN,US,0,0,,On-Time
2015,1,5,ORD,F9,0,0,,On-Time
2015,1,5,IAH,AA,0,0,,On-Time
2015,1,5,LAX,AA,0,0,,On-Time
2015,1,5,ATL,NK,0,0,,On-Time
2015,1,5,ORD,EV,0,0,,On-Time
2015,1,5,IAH,EV,0,0,,On-Time
2015,1,5,IAH,EV,0,0,,On-Time
2015,1,5,LAS,OO,0,0,,On-Time
2015,1,5,DFW,MQ,0,0,,On-Time
2015,1,5,ORD,EV,0,0,,On-Time
2015,1,5,DFW,NK,0,0,,On-Time
2015,1,5,DEN,EV,0,0,,On-Time
2015,1,5,DFW,MQ,0,0,,On-Time
2015,1,5,DFW,MQ,0,0,,On-Time
2015,1,5,ATL,EV,0,0,,On-Time
2015,1,5,DFW,EV,0,0,,On-Time
2015,1,5,DFW,MQ,0,0,,On-Time
2015,1,5,DFW,NK,0,0,,On-Time
2015,1,5,DFW,AA,0,0,,On-Time
2015,1,5,LAX,OO,0,0,,On-Time
2015,1,5,DEN,OO,0,0,,On-Time
2015,1,5,ORD,MQ,0,0,,On-Time
2015,1,5,ATL,EV,0,0,,On-Time
2015,1,5,LAS,US,0,0,,On-Time
2015,1,5,MSP,OO,0,0,,On-Time
2015,1,5,LAS,AA,0,0,,On-Time
2015,1,5,MSP,EV,0,0,,On-Time
2015,1,5,IAH,EV,0,0,,On-Time
2015,1,5,LAS,AA,0,0,,On-Time
2015,1,5,ORD,MQ,0,0,,On-Time
2015,1,5,ORD,EV,0,0,,On-Time
2015,1,5,SFO,VX,0,0,,On-Time
2015,1,5,DFW,AA,0,0,,On-Time
2015,1,5,PHX,OO,0,0,,On-Time
2015,1,5,LAX,AA,0,0,,On-Time
2015,1,5,ORD,MQ,0,0,,On-Time
2015,1,5,LAS,AA,0,0,,On-Time
2015,1,5,IAH,EV,0,0,,On-Time
2015,1,5,IAH,EV,0,0,,On-Time
2015,1,5,DFW,US,0,0,,On-Time
2015,1,5,LAX,AA,0,0,,On-Time
2015,1,5,DEN,F9,0,0,,On-Time
2015,1,5,SFO,B6,0,0,,On-Time
2015,1,5,IAH,EV,0,0,,On-Time
2015,1,5,LAX,AA,0,0,,On-Time
2015,1,5,DFW,MQ,0,0,,On-Time
2015,1,5,SFO,OO,0,0,,On-Time
2015,1,5,PHX,US,0,0,,On-Time
2015,1,5,ORD,AA,0,0,,On-Time
2015,1,5,DEN,F9,0,0,,On-Time
2015,1,5,ORD,MQ,0,0,,On-Time
2015,1,5,ATL,EV,0,0,,On-Time
2015,1,5,LAX,AA,0,0,,On-Time
2015,1,5,DFW,AA,0,0,,On-Time
2015,1,5,SFO,VX,0,0,,On-Time
2015,1,5,DFW,MQ,0,0,,On-Time
2015,1,5,SFO,VX,0,0,,On-Time
2015,1,5,PHX,US,0,0,,On-Time
2015,1,5,ORD,AA,0,0,,On-Time
2015,1,5,DFW,AA,0,0,,On-Time
2015,1,5,LAS,AA,0,0,,On-Time
2015,1,5,DFW,AA,0,0,,On-Time
2015,1,5,DFW,AA,0,0,,On-Time
2015,1,5,SFO,OO,0,0,,On-Time
2015,1,5,IAH,EV,0,0,,On-Time
2015,1,5,DFW,AA,0,0,,On-Time
2015,1,5,LAX,AS,0,0,,On-Time
2015,1,5,DEN,F9,0,0,,On-Time
2015,1,5,PHX,US,0,0,,On-Time
2015,1,5,PHX,US,0,0,,On-Time
2015,1,5,ORD,EV,0,0,,On-Time
2015,1,5,LAX,VX,0,0,,On-Time
2015,1,5,PHX,AA,0,0,,On-Time
2015,1,5,ATL,MQ,0,0,,On-Time
2015,1,5,SFO,VX,0,0,,On-Time
2015,1,5,DEN,US,0,0,,On-Time
2015,1,5,ORD,US,0,0,,On-Time
2015,1,5,ATL,EV,0,0,,On-Time
2015,1,5,ORD,AA,0,0,,On-Time
2015,1,5,ATL,EV,0,0,,On-Time
2015,1,5,ORD,AA,0,0,,On-Time
2015,1,5,LAX,OO,0,0,,On-Time
2015,1,5,DFW,EV,0,0,,On-Time
2015,1,5,LAS,US,0,0,,On-Time
2015,1,5,ATL,EV,0,0,,On-Time
2015,1,5,ATL,EV,0,0,,On-Time
2015,1,5,PHX,AS,0,0,,On-Time
2015,1,5,IAH,EV,0,0,,On-Time
2015,1,5,SFO,OO,0,0,,On-Time
2015,1,5,SFO,OO,0,0,,On-Time
2015,1,5,LAX,OO,0,0,,On-Time
2015,1,5,LAX,VX,0,0,,On-Time
2015,1,5,LAX,VX,0,0,,On-Time
2015,1,5,PHX,US,0,0,,On-Time
2015,1,5,IAH,EV,0,0,,On-Time
2015,1,5,ATL,EV,0,0,,On-Time
2015,1,5,ORD,MQ,0,0,,On-Time
2015,1,5,SFO,OO,0,0,,On-Time
2015,1,5,ATL,EV,0,0,,On-Time
2015,1,5,IAH,EV,0,0,,On-Time
2015,1,5,ATL,EV,0,0,,On-Time
2015,1,5,LAX,AA,0,0,,On-Time
2015,1,5,ATL,EV,0,0,,On-Time
2015,1,5,ORD,MQ,0,0,,On-Time
2015,1,5,ATL,EV,0,0,,On-Time
2015,1,5,DFW,MQ,0,0,,On-Time
2015,1,5,LAX,OO,0,0,,On-Time
2015,1,5,ORD,MQ,0,0,,On-Time
2015,1,5,MSP,OO,0,0,,On-Time
2015,1,5,SFO,AA,0,0,,On-Time
2015,1,5,ORD,MQ,0,0,,On-Time
2015,1,5,ORD,OO,0,0,,On-Time
2015,1,5,MSP,EV,0,0,,On-Time
2015,1,5,IAH,OO,0,0,,On-Time
2015,1,5,PHX,OO,0,0,,On-Time
2015,1,5,PHX,US,0,0,,On-Time
2015,1,5,ORD,OO,0,0,,On-Time
2015,1,5,IAH,OO,0,0,,On-Time
2015,1,5,DFW,MQ,0,0,,On-Time
2015,1,5,ORD,OO,0,0,,On-Time
2015,1,5,PHX,US,0,0,,On-Time
2015,1,5,LAS,VX,0,0,,On-Time
2015,1,5,PHX,OO,0,0,,On-Time
2015,1,5,ORD,AA,0,0,,On-Time
2015,1,5,SFO,AS,0,0,,On-Time
2015,1,5,ORD,B6,0,0,,On-Time
2015,1,4,LAX,UA,0,0,,On-Time
2015,1,4,LAS,UA,0,0,,On-Time
2015,1,4,LAX,UA,0,0,,On-Time
2015,1,4,ORD,UA,0,0,,On-Time
2015,1,4,IAH,UA,0,0,,On-Time
2015,1,4,IAH,UA,0,0,,On-Time
2015,1,4,ORD,UA,0,0,,On-Time
2015,1,4,DEN,UA,0,0,,On-Time
2015,1,4,ORD,UA,0,0,,On-Time
2015,1,4,DEN,UA,0,0,,On-Time
2015,1,4,SFO,UA,0,0,,On-Time
2015,1,4,SFO,UA,0,0,,On-Time
2015,1,4,ORD,UA,0,0,,On-Time
2015,1,4,ORD,UA,0,0,,On-Time
2015,1,4,ORD,UA,0,0,,On-Time
2015,1,4,SFO,UA,0,0,,On-Time
2015,1,4,DEN,UA,0,0,,On-Time
2015,1,4,SFO,UA,0,0,,On-Time
2015,1,4,LAX,UA,0,0,,On-Time
2015,1,4,SFO,UA,0,0,,On-Time
2015,1,4,IAH,UA,0,0,,On-Time
2015,1,4,PHX,UA,0,0,,On-Time
2015,1,4,ORD,UA,0,0,,On-Time
2015,1,4,SFO,UA,0,0,,On-Time
2015,1,4,LAX,UA,0,0,,On-Time
2015,1,4,IAH,UA,0,0,,On-Time
2015,1,4,IAH,UA,0,0,,On-Time
2015,1,4,LAX,UA,0,0,,On-Time
2015,1,4,IAH,UA,0,0,,On-Time
2015,1,4,LAS,UA,0,0,,On-Time
2015,1,4,SFO,UA,0,0,,On-Time
2015,1,4,IAH,UA,0,0,,On-Time
2015,1,4,SFO,UA,0,0,,On-Time
2015,1,4,DEN,UA,0,0,,On-Time
2015,1,4,SFO,UA,0,0,,On-Time
2015,1,4,IAH,UA,0,0,,On-Time
2015,1,4,ORD,UA,0,0,,On-Time
2015,1,4,LAX,UA,0,0,,On-Time
2015,1,4,IAH,UA,0,0,,On-Time
2015,1,4,ORD,UA,0,0,,On-Time
2015,1,4,ORD,UA,0,0,,On-Time
2015,1,4,LAX,UA,0,0,,On-Time
2015,1,4,SFO,UA,0,0,,On-Time
2015,1,4,SFO,UA,0,0,,On-Time
2015,1,4,LAX,UA,0,0,,On-Time
2015,1,5,LAX,UA,0,0,,On-Time
2015,1,5,LAX,UA,0,0,,On-Time
2015,1,5,DEN,UA,0,0,,On-Time
2015,1,5,LAS,UA,0,0,,On-Time
2015,1,5,LAX,UA,0,0,,On-Time
2015,1,5,LAS,UA,0,0,,On-Time
2015,1,5,DEN,UA,0,0,,On-Time
2015,1,5,LAS,UA,0,0,,On-Time
2015,1,5,IAH,UA,0,0,,On-Time
2015,1,5,SFO,UA,0,0,,On-Time
2015,1,5,SFO,UA,0,0,,On-Time
2015,1,5,LAX,UA,0,0,,On-Time
2015,1,5,ORD,UA,0,0,,On-Time
2015,1,5,SFO,UA,0,0,,On-Time
2015,1,5,IAH,UA,0,0,,On-Time
2015,1,5,LAX,UA,0,0,,On-Time
2015,1,5,ORD,UA,0,0,,On-Time
2015,1,5,ORD,UA,0,0,,On-Time
2015,1,5,IAH,UA,0,0,,On-Time
2015,1,5,SFO,UA,0,0,,On-Time
2015,1,5,IAH,UA,0,0,,On-Time
2015,1,5,LAX,UA,0,0,,On-Time
2015,1,5,ORD,UA,0,0,,On-Time
2015,1,5,LAX,UA,0,0,,On-Time
2015,1,5,ORD,UA,0,0,,On-Time
2015,1,5,SFO,UA,0,0,,On-Time
2015,1,5,ORD,UA,0,0,,On-Time
2015,1,5,IAH,UA,0,0,,On-Time
2015,1,5,PHX,UA,0,0,,On-Time
2015,1,5,DEN,UA,0,0,,On-Time
2015,1,5,ORD,UA,0,0,,On-Time
2015,1,5,DEN,UA,0,0,,On-Time
2015,1,5,LAX,UA,0,0,,On-Time
2015,1,5,SFO,UA,0,0,,On-Time
2015,1,5,SFO,UA,0,0,,On-Time
2015,1,4,PHX,WN,0,0,,On-Time
2015,1,4,DEN,WN,0,0,,On-Time
2015,1,4,PHX,WN,0,0,,On-Time
2015,1,4,DEN,WN,0,0,,On-Time
2015,1,4,PHX,WN,0,0,,On-Time
2015,1,4,LAS,WN,0,0,,On-Time
2015,1,4,LAS,WN,0,0,,On-Time
2015,1,4,ATL,WN,0,0,,On-Time
2015,1,4,PHX,WN,0,0,,On-Time
2015,1,4,DEN,WN,0,0,,On-Time
2015,1,4,DEN,WN,0,0,,On-Time
2015,1,4,LAS,WN,0,0,,On-Time
2015,1,4,DEN,WN,0,0,,On-Time
2015,1,4,PHX,WN,0,0,,On-Time
2015,1,4,LAS,WN,0,0,,On-Time
2015,1,4,ATL,WN,0,0,,On-Time
2015,1,4,LAX,WN,0,0,,On-Time
2015,1,4,SFO,WN,0,0,,On-Time
2015,1,4,LAS,WN,0,0,,On-Time
2015,1,4,PHX,WN,0,0,,On-Time
2015,1,4,LAS,WN,0,0,,On-Time
2015,1,4,LAX,WN,0,0,,On-Time
2015,1,4,LAS,WN,0,0,,On-Time
2015,1,4,DEN,WN,0,0,,On-Time
2015,1,4,DEN,WN,0,0,,On-Time
2015,1,4,DEN,WN,0,0,,On-Time
2015,1,4,LAS,WN,0,0,,On-Time
2015,1,4,LAX,WN,0,0,,On-Time
2015,1,4,ATL,WN,0,0,,On-Time
2015,1,4,ATL,WN,0,0,,On-Time
2015,1,4,DEN,WN,0,0,,On-Time
2015,1,4,PHX,WN,0,0,,On-Time
2015,1,4,SFO,WN,0,0,,On-Time
2015,1,4,ATL,WN,0,0,,On-Time
2015,1,4,ATL,WN,0,0,,On-Time
2015,1,4,LAS,WN,0,0,,On-Time
2015,1,4,ATL,WN,0,0,,On-Time
2015,1,4,PHX,WN,0,0,,On-Time
2015,1,4,PHX,WN,0,0,,On-Time
2015,1,4,LAS,WN,0,0,,On-Time
2015,1,4,SFO,WN,0,0,,On-Time
2015,1,4,ATL,WN,0,0,,On-Time
2015,1,4,LAX,WN,0,0,,On-Time
2015,1,4,PHX,WN,0,0,,On-Time
2015,1,4,ATL,WN,0,0,,On-Time
2015,1,5,SFO,WN,0,0,,On-Time
2015,1,5,PHX,WN,0,0,,On-Time
2015,1,5,LAS,WN,0,0,,On-Time
2015,1,5,LAS,WN,0,0,,On-Time
2015,1,5,LAX,WN,0,0,,On-Time
2015,1,5,LAX,WN,0,0,,On-Time
2015,1,5,DEN,WN,0,0,,On-Time
2015,1,5,LAX,WN,0,0,,On-Time
2015,1,5,LAS,WN,0,0,,On-Time
2015,1,5,ATL,WN,0,0,,On-Time
2015,1,5,LAS,WN,0,0,,On-Time
2015,1,5,PHX,WN,0,0,,On-Time
2015,1,5,MSP,WN,0,0,,On-Time
2015,1,5,DEN,WN,0,0,,On-Time
2015,1,5,ATL,WN,0,0,,On-Time
2015,1,5,PHX,WN,0,0,,On-Time
2015,1,5,ATL,WN,0,0,,On-Time
2015,1,5,DEN,WN,0,0,,On-Time
2015,1,5,DEN,WN,0,0,,On-Time
2015,1,5,LAX,WN,0,0,,On-Time
2015,1,5,ATL,WN,0,0,,On-Time
2015,1,5,LAS,WN,0,0,,On-Time
2015,1,5,LAS,WN,0,0,,On-Time
2015,1,5,LAS,WN,0,0,,On-Time
2015,1,5,LAS,WN,0,0,,On-Time
2015,1,5,LAX,WN,0,0,,On-Time
2015,1,5,DEN,WN,0,0,,On-Time
2015,1,5,DEN,WN,0,0,,On-Time
2015,1,5,DEN,WN,0,0,,On-Time
2015,1,5,PHX,WN,0,0,,On-Time
2015,1,5,SFO,WN,0,0,,On-Time
2015,1,5,SFO,WN,0,0,,On-Time
2015,1,5,ATL,WN,0,0,,On-Time
2015,1,5,PHX,WN,0,0,,On-Time
2015,1,5,LAS,WN,0,0,,On-Time
2015,1,5,SFO,WN,0,0,,On-Time
2015,1,5,LAS,WN,0,0,,On-Time
2015,1,5,LAX,WN,0,0,,On-Time
2015,1,4,LAX,DL,0,0,,On-Time
2015,1,4,LAX,DL,0,0,,On-Time
2015,1,4,DEN,DL,0,0,,On-Time
2015,1,4,MSP,DL,0,0,,On-Time
2015,1,4,MSP,DL,0,0,,On-Time
2015,1,4,SFO,DL,0,0,,On-Time
2015,1,4,LAX,DL,0,0,,On-Time
2015,1,4,LAS,DL,0,0,,On-Time
2015,1,4,DFW,DL,0,0,,On-Time
2015,1,4,MSP,DL,0,0,,On-Time
2015,1,4,DFW,DL,0,0,,On-Time
2015,1,4,ORD,DL,0,0,,On-Time
2015,1,4,LAX,DL,0,0,,On-Time
2015,1,4,MSP,DL,0,0,,On-Time
2015,1,4,SFO,DL,0,0,,On-Time
2015,1,4,MSP,DL,0,0,,On-Time
2015,1,4,ORD,DL,0,0,,On-Time
2015,1,4,MSP,DL,0,0,,On-Time
2015,1,4,MSP,DL,0,0,,On-Time
2015,1,4,MSP,DL,0,0,,On-Time
2015,1,4,MSP,DL,0,0,,On-Time
2015,1,4,LAX,DL,0,0,,On-Time
2015,1,4,LAX,DL,0,0,,On-Time
2015,1,4,LAX,DL,0,0,,On-Time
2015,1,4,LAS,DL,0,0,,On-Time
2015,1,5,LAS,DL,0,0,,On-Time
2015,1,5,DEN,DL,0,0,,On-Time
2015,1,5,SFO,DL,0,0,,On-Time
2015,1,5,PHX,DL,0,0,,On-Time
2015,1,5,LAS,DL,0,0,,On-Time
2015,1,5,LAX,DL,0,0,,On-Time
2015,1,5,MSP,DL,0,0,,On-Time
2015,1,5,MSP,DL,0,0,,On-Time
2015,1,5,MSP,DL,0,0,,On-Time
2015,1,5,LAX,DL,0,0,,On-Time
2015,1,5,MSP,DL,0,0,,On-Time
2015,1,5,PHX,DL,0,0,,On-Time
2015,1,5,MSP,DL,0,0,,On-Time
2015,1,5,LAS,DL,0,0,,On-Time
2015,1,5,SFO,DL,0,0,,On-Time
2015,1,5,LAX,DL,0,0,,On-Time
2015,1,5,LAX,DL,0,0,,On-Time
2015,1,5,LAX,DL,0,0,,On-Time
2015,1,5,MSP,DL,0,0,,On-Time
2015,1,5,SFO,DL,0,0,,On-Time
2015,1,5,MSP,DL,0,0,,On-Time
2015,1,5,LAX,DL,0,0,,On-Time
2015,1,5,ORD,DL,0,0,,On-Time
2015,1,4,ATL,DL,0,0,,On-Time
2015,1,4,ATL,DL,0,0,,On-Time
2015,1,4,ATL,DL,0,0,,On-Time
2015,1,4,ATL,DL,0,0,,On-Time
2015,1,4,ATL,DL,0,0,,On-Time
2015,1,4,ATL,DL,0,0,,On-Time
2015,1,4,ATL,DL,0,0,,On-Time
2015,1,4,ATL,DL,0,0,,On-Time
2015,1,4,ATL,DL,0,0,,On-Time
2015,1,4,ATL,DL,0,0,,On-Time
2015,1,4,ATL,DL,0,0,,On-Time
2015,1,4,ATL,DL,0,0,,On-Time
2015,1,4,ATL,DL,0,0,,On-Time
2015,1,4,ATL,DL,0,0,,On-Time
2015,1,4,ATL,DL,0,0,,On-Time
2015,1,4,ATL,DL,0,0,,On-Time
2015,1,4,ATL,DL,0,0,,On-Time
2015,1,4,ATL,DL,0,0,,On-Time
2015,1,4,ATL,DL,0,0,,On-Time
2015,1,4,ATL,DL,0,0,,On-Time
2015,1,4,ATL,DL,0,0,,On-Time
2015,1,4,ATL,DL,0,0,,On-Time
2015,1,4,ATL,DL,0,0,,On-Time
2015,1,4,ATL,DL,0,0,,On-Time
2015,1,4,ATL,DL,0,0,,On-Time
2015,1,4,ATL,DL,0,0,,On-Time
2015,1,4,ATL,DL,0,0,,On-Time
2015,1,4,ATL,DL,0,0,,On-Time
2015,1,4,ATL,DL,0,0,,On-Time
2015,1,4,ATL,DL,0,0,,On-Time
2015,1,4,ATL,DL,0,0,,On-Time
2015,1,4,ATL,DL,0,0,,On-Time
2015,1,4,ATL,DL,0,0,,On-Time
2015,1,4,ATL,DL,0,0,,On-Time
2015,1,4,ATL,DL,0,0,,On-Time
2015,1,4,ATL,DL,0,0,,On-Time
2015,1,4,ATL,DL,0,0,,On-Time
2015,1,4,ATL,DL,0,0,,On-Time
2015,1,4,ATL,DL,0,0,,On-Time
2015,1,4,ATL,DL,0,0,,On-Time
2015,1,4,ATL,DL,0,0,,On-Time
2015,1,4,ATL,DL,0,0,,On-Time
2015,1,4,ATL,DL,0,0,,On-Time
2015,1,4,ATL,DL,0,0,,On-Time
2015,1,4,ATL,DL,0,0,,On-Time
2015,1,4,ATL,DL,0,0,,On-Time
2015,1,4,ATL,DL,0,0,,On-Time
2015,1,4,ATL,DL,0,0,,On-Time
2015,1,4,ATL,DL,0,0,,On-Time
2015,1,4,ATL,DL,0,0,,On-Time
2015,1,4,ATL,DL,0,0,,On-Time
2015,1,4,ATL,DL,0,0,,On-Time
2015,1,5,ATL,DL,0,0,,On-Time
2015,1,5,ATL,DL,0,0,,On-Time
2015,1,5,ATL,DL,0,0,,On-Time
2015,1,5,ATL,DL,0,0,,On-Time
2015,1,5,ATL,DL,0,0,,On-Time
2015,1,5,ATL,DL,0,0,,On-Time
2015,1,5,ATL,DL,0,0,,On-Time
2015,1,5,ATL,DL,0,0,,On-Time
2015,1,5,ATL,DL,0,0,,On-Time
2015,1,5,ATL,DL,0,0,,On-Time
2015,1,5,ATL,DL,0,0,,On-Time
2015,1,5,ATL,DL,0,0,,On-Time
2015,1,5,ATL,DL,0,0,,On-Time
2015,1,5,ATL,DL,0,0,,On-Time
2015,1,5,ATL,DL,0,0,,On-Time
2015,1,5,ATL,DL,0,0,,On-Time
2015,1,5,ATL,DL,0,0,,On-Time
2015,1,5,ATL,DL,0,0,,On-Time
2015,1,5,ATL,DL,0,0,,On-Time
2015,1,5,ATL,DL,0,0,,On-Time
2015,1,5,ATL,DL,0,0,,On-Time
2015,1,5,ATL,DL,0,0,,On-Time
2015,1,5,ATL,DL,0,0,,On-Time
2015,1,5,ATL,DL,0,0,,On-Time
2015,1,5,ATL,DL,0,0,,On-Time
2015,1,5,ATL,DL,0,0,,On-Time
2015,1,5,ATL,DL,0,0,,On-Time
2015,1,5,ATL,DL,0,0,,On-Time
2015,1,5,ATL,DL,0,0,,On-Time
2015,1,5,ATL,DL,0,0,,On-Time
2015,1,5,ATL,DL,0,0,,On-Time
2015,1,5,ATL,DL,0,0,,On-Time
2015,1,5,ATL,DL,0,0,,On-Time
2015,1,5,ATL,DL,0,0,,On-Time
2015,1,5,ATL,DL,0,0,,On-Time
2015,1,5,ATL,DL,0,0,,On-Time
2015,1,5,ATL,DL,0,0,,On-Time
2015,1,5,ATL,DL,0,0,,On-Time
2015,1,5,ATL,DL,0,0,,On-Time
2015,1,5,ATL,DL,0,0,,On-Time
2015,1,5,ATL,DL,0,0,,On-Time
2015,1,5,ATL,DL,0,0,,On-Time
2015,1,5,ATL,DL,0,0,,On-Time
2015,1,5,ATL,DL,0,0,,On-Time
2015,1,5,ATL,DL,0,0,,On-Time
2015,1,5,ATL,DL,0,0,,On-Time
2015,1,5,ATL,DL,0,0,,On-Time
2015,1,5,ATL,DL,0,0,,On-Time
2015,1,5,ATL,DL,0,0,,On-Time
2015,1,5,ATL,DL,0,0,,On-Time
2015,1,5,ATL,DL,0,0,,On-Time
2015,1,5,ATL,DL,0,0,,On-Time
2015,1,5,ATL,DL,0,0,,On-Time
2015,1,5,ATL,DL,0,0,,On-Time
2015,1,5,ATL,DL,0,0,,On-Time
2015,1,5,ATL,DL,0,0,,On-Time
2015,1,5,ATL,DL,0,0,,On-Time
2015,1,5,ATL,DL,0,0,,On-Time
2015,1,5,ATL,DL,0,0,,On-Time
2015,1,5,ATL,DL,0,0,,On-Time
2015,1,5,ATL,DL,0,0,,On-Time
2015,1,5,ATL,DL,0,0,,On-Time
2015,1,4,LAS,DL,-3,0,,On-Time
2015,1,4,LAX,UA,-3,0,,On-Time
2015,1,4,LAS,AA,-3,0,,On-Time
2015,1,4,LAX,AA,-3,0,,On-Time
2015,1,4,IAH,NK,-3,0,,On-Time
2015,1,4,LAS,F9,-3,0,,On-Time
2015,1,4,MSP,US,-3,0,,On-Time
2015,1,4,MSP,DL,-3,0,,On-Time
2015,1,4,LAX,OO,-3,0,,On-Time
2015,1,4,LAS,UA,-3,0,,On-Time
2015,1,4,LAX,UA,-3,0,,On-Time
2015,1,4,PHX,WN,-3,0,,On-Time
2015,1,4,LAS,DL,-3,0,,On-Time
2015,1,4,DFW,NK,-3,0,,On-Time
2015,1,4,LAX,AA,-3,0,,On-Time
2015,1,4,DEN,DL,-3,0,,On-Time
2015,1,4,IAH,DL,-3,0,,On-Time
2015,1,4,IAH,UA,-3,0,,On-Time
2015,1,4,MSP,US,-3,0,,On-Time
2015,1,4,MSP,DL,-3,0,,On-Time
2015,1,4,DFW,DL,-3,0,,On-Time
2015,1,4,LAX,WN,-3,0,,On-Time
2015,1,4,LAS,OO,-3,0,,On-Time
2015,1,4,DFW,AA,-3,0,,On-Time
2015,1,4,LAX,AA,-3,0,,On-Time
2015,1,4,DFW,AA,-3,0,,On-Time
2015,1,4,DFW,US,-3,0,,On-Time
2015,1,4,DFW,AA,-3,0,,On-Time
2015,1,4,PHX,US,-3,0,,On-Time
2015,1,4,LAX,AA,-3,0,,On-Time
2015,1,4,DFW,AA,-3,0,,On-Time
2015,1,4,PHX,US,-3,0,,On-Time
2015,1,4,LAX,DL,-3,0,,On-Time
2015,1,4,DEN,OO,-3,0,,On-Time
2015,1,4,IAH,EV,-3,0,,On-Time
2015,1,4,PHX,US,-3,0,,On-Time
2015,1,4,DEN,AA,-3,0,,On-Time
2015,1,4,MSP,DL,-3,0,,On-Time
2015,1,4,DFW,AA,-3,0,,On-Time
2015,1,4,IAH,EV,-3,0,,On-Time
2015,1,4,MSP,DL,-3,0,,On-Time
2015,1,4,IAH,EV,-3,0,,On-Time
2015,1,4,DEN,WN,-3,0,,On-Time
2015,1,4,LAX,DL,-3,0,,On-Time
2015,1,4,LAS,WN,-3,0,,On-Time
2015,1,4,DFW,AA,-3,0,,On-Time
2015,1,4,MSP,DL,-3,0,,On-Time
2015,1,4,LAS,WN,-3,0,,On-Time
2015,1,4,MSP,OO,-3,0,,On-Time
2015,1,4,LAS,WN,-3,0,,On-Time
2015,1,4,LAX,OO,-3,0,,On-Time
2015,1,4,PHX,OO,-3,0,,On-Time
2015,1,4,PHX,US,-3,0,,On-Time
2015,1,4,LAX,DL,-3,0,,On-Time
2015,1,4,PHX,US,-3,0,,On-Time
2015,1,4,LAX,OO,-3,0,,On-Time
2015,1,4,IAH,EV,-3,0,,On-Time
2015,1,4,LAX,VX,-3,0,,On-Time
2015,1,4,LAX,OO,-3,0,,On-Time
2015,1,4,LAX,VX,-3,0,,On-Time
2015,1,4,DEN,WN,-3,0,,On-Time
2015,1,4,IAH,EV,-3,0,,On-Time
2015,1,4,IAH,UA,-3,0,,On-Time
2015,1,4,PHX,WN,-3,0,,On-Time
2015,1,4,LAX,OO,-3,0,,On-Time
2015,1,4,IAH,EV,-3,0,,On-Time
2015,1,4,IAH,EV,-3,0,,On-Time
2015,1,4,LAS,WN,-3,0,,On-Time
2015,1,4,DEN,DL,-3,0,,On-Time
2015,1,4,LAS,WN,-3,0,,On-Time
2015,1,4,MSP,DL,-3,0,,On-Time
2015,1,4,MSP,US,-3,0,,On-Time
2015,1,4,IAH,EV,-3,0,,On-Time
2015,1,4,IAH,EV,-3,0,,On-Time
2015,1,4,DEN,NK,-3,0,,On-Time
2015,1,4,LAS,AA,-3,0,,On-Time
2015,1,4,DEN,OO,-3,0,,On-Time
2015,1,4,MSP,OO,-3,0,,On-Time
2015,1,4,LAX,AA,-3,0,,On-Time
2015,1,4,DFW,MQ,-3,0,,On-Time
2015,1,4,LAS,OO,-3,0,,On-Time
2015,1,4,LAX,AA,-3,0,,On-Time
2015,1,4,DFW,AA,-3,0,,On-Time
2015,1,4,IAH,AA,-3,0,,On-Time
2015,1,4,LAX,OO,-3,0,,On-Time
2015,1,4,IAH,EV,-3,0,,On-Time
2015,1,4,IAH,EV,-3,0,,On-Time
2015,1,4,IAH,EV,-3,0,,On-Time
2015,1,4,PHX,UA,-3,0,,On-Time
2015,1,4,DFW,AA,-3,0,,On-Time
2015,1,4,MSP,OO,-3,0,,On-Time
2015,1,4,DFW,AA,-3,0,,On-Time
2015,1,4,MSP,DL,-3,0,,On-Time
2015,1,4,DEN,DL,-3,0,,On-Time
2015,1,4,IAH,EV,-3,0,,On-Time
2015,1,4,PHX,US,-3,0,,On-Time
2015,1,4,MSP,DL,-3,0,,On-Time
2015,1,4,DEN,F9,-3,0,,On-Time
2015,1,4,PHX,WN,-3,0,,On-Time
2015,1,4,MSP,DL,-3,0,,On-Time
2015,1,4,DFW,EV,-3,0,,On-Time
2015,1,4,IAH,EV,-3,0,,On-Time
2015,1,4,DFW,EV,-3,0,,On-Time
2015,1,4,LAS,NK,-3,0,,On-Time
2015,1,4,PHX,US,-3,0,,On-Time
2015,1,4,DFW,AA,-3,0,,On-Time
2015,1,4,PHX,AS,-3,0,,On-Time
2015,1,4,LAX,UA,-3,0,,On-Time
2015,1,4,IAH,EV,-3,0,,On-Time
2015,1,4,LAS,US,-3,0,,On-Time
2015,1,4,LAX,OO,-3,0,,On-Time
2015,1,4,IAH,EV,-3,0,,On-Time
2015,1,4,DFW,AA,-3,0,,On-Time
2015,1,4,DEN,US,-3,0,,On-Time
2015,1,4,PHX,OO,-3,0,,On-Time
2015,1,4,IAH,EV,-3,0,,On-Time
2015,1,4,PHX,OO,-3,0,,On-Time
2015,1,4,DFW,MQ,-3,0,,On-Time
2015,1,4,IAH,EV,-3,0,,On-Time
2015,1,4,DFW,AA,-3,0,,On-Time
2015,1,4,LAX,DL,-3,0,,On-Time
2015,1,4,LAX,AA,-3,0,,On-Time
2015,1,4,MSP,DL,-3,0,,On-Time
2015,1,4,IAH,EV,-3,0,,On-Time
2015,1,4,MSP,DL,-3,0,,On-Time
2015,1,4,MSP,DL,-3,0,,On-Time
2015,1,4,PHX,US,-3,0,,On-Time
2015,1,4,MSP,OO,-3,0,,On-Time
2015,1,4,MSP,OO,-3,0,,On-Time
2015,1,4,PHX,WN,-3,0,,On-Time
2015,1,4,MSP,OO,-3,0,,On-Time
2015,1,4,LAS,WN,-3,0,,On-Time
2015,1,4,MSP,DL,-3,0,,On-Time
2015,1,4,DFW,MQ,-3,0,,On-Time
2015,1,4,LAS,AA,-3,0,,On-Time
2015,1,4,DFW,AS,-3,0,,On-Time
2015,1,4,DFW,AA,-3,0,,On-Time
2015,1,4,DEN,F9,-3,0,,On-Time
2015,1,4,DFW,MQ,-3,0,,On-Time
2015,1,4,LAX,OO,-3,0,,On-Time
2015,1,4,LAS,OO,-3,0,,On-Time
2015,1,4,IAH,AA,-3,0,,On-Time
2015,1,4,IAH,EV,-3,0,,On-Time
2015,1,4,LAX,DL,-3,0,,On-Time
2015,1,4,LAX,HA,-3,0,,On-Time
2015,1,4,IAH,US,-3,0,,On-Time
2015,1,4,DEN,F9,-3,0,,On-Time
2015,1,4,IAH,EV,-3,0,,On-Time
2015,1,4,LAX,VX,-3,0,,On-Time
2015,1,4,LAX,AA,-3,0,,On-Time
2015,1,4,LAX,OO,-3,0,,On-Time
2015,1,4,PHX,US,-3,0,,On-Time
2015,1,4,LAX,AA,-3,0,,On-Time
2015,1,4,MSP,NK,-3,0,,On-Time
2015,1,4,IAH,UA,-3,0,,On-Time
2015,1,4,IAH,OO,-3,0,,On-Time
2015,1,4,IAH,EV,-3,0,,On-Time
2015,1,4,PHX,US,-3,0,,On-Time
2015,1,4,PHX,US,-3,0,,On-Time
2015,1,4,LAX,OO,-3,0,,On-Time
2015,1,4,LAX,OO,-3,0,,On-Time
2015,1,4,LAS,WN,-3,0,,On-Time
2015,1,4,PHX,OO,-3,0,,On-Time
2015,1,4,PHX,US,-3,0,,On-Time
2015,1,4,PHX,US,-3,0,,On-Time
2015,1,4,LAS,B6,-3,0,,On-Time
2015,1,4,PHX,US,-3,0,,On-Time
2015,1,4,DFW,AA,-3,0,,On-Time
2015,1,4,LAX,DL,-3,0,,On-Time
2015,1,4,DEN,OO,-3,0,,On-Time
2015,1,4,LAX,DL,-3,0,,On-Time
2015,1,5,DEN,DL,-3,0,,On-Time
2015,1,5,LAS,DL,-3,0,,On-Time
2015,1,5,PHX,US,-3,0,,On-Time
2015,1,5,LAX,AA,-3,0,,On-Time
2015,1,5,LAS,NK,-3,0,,On-Time
2015,1,5,DFW,US,-3,0,,On-Time
2015,1,5,LAX,AA,-3,0,,On-Time
2015,1,5,PHX,DL,-3,0,,On-Time
2015,1,5,LAS,DL,-3,0,,On-Time
2015,1,5,PHX,F9,-3,0,,On-Time
2015,1,5,LAS,WN,-3,0,,On-Time
2015,1,5,MSP,DL,-3,0,,On-Time
2015,1,5,DEN,F9,-3,0,,On-Time
2015,1,5,LAX,UA,-3,0,,On-Time
2015,1,5,DEN,WN,-3,0,,On-Time
2015,1,5,LAS,AA,-3,0,,On-Time
2015,1,5,LAX,AA,-3,0,,On-Time
2015,1,5,DEN,US,-3,0,,On-Time
2015,1,5,LAX,AA,-3,0,,On-Time
2015,1,5,LAX,VX,-3,0,,On-Time
2015,1,5,MSP,WN,-3,0,,On-Time
2015,1,5,DFW,DL,-3,0,,On-Time
2015,1,5,MSP,DL,-3,0,,On-Time
2015,1,5,DFW,NK,-3,0,,On-Time
2015,1,5,DEN,WN,-3,0,,On-Time
2015,1,5,LAS,WN,-3,0,,On-Time
2015,1,5,LAX,WN,-3,0,,On-Time
2015,1,5,MSP,DL,-3,0,,On-Time
2015,1,5,IAH,UA,-3,0,,On-Time
2015,1,5,IAH,UA,-3,0,,On-Time
2015,1,5,IAH,EV,-3,0,,On-Time
2015,1,5,IAH,DL,-3,0,,On-Time
2015,1,5,IAH,UA,-3,0,,On-Time
2015,1,5,LAX,US,-3,0,,On-Time
2015,1,5,IAH,EV,-3,0,,On-Time
2015,1,5,DFW,AA,-3,0,,On-Time
2015,1,5,DFW,AA,-3,0,,On-Time
2015,1,5,LAX,VX,-3,0,,On-Time
2015,1,5,DFW,EV,-3,0,,On-Time
2015,1,5,LAX,AA,-3,0,,On-Time
2015,1,5,DEN,AS,-3,0,,On-Time
2015,1,5,DFW,MQ,-3,0,,On-Time
2015,1,5,LAS,NK,-3,0,,On-Time
2015,1,5,LAX,OO,-3,0,,On-Time
2015,1,5,DFW,AA,-3,0,,On-Time
2015,1,5,DEN,F9,-3,0,,On-Time
2015,1,5,PHX,OO,-3,0,,On-Time
2015,1,5,DEN,WN,-3,0,,On-Time
2015,1,5,DEN,F9,-3,0,,On-Time
2015,1,5,LAX,OO,-3,0,,On-Time
2015,1,5,IAH,EV,-3,0,,On-Time
2015,1,5,LAS,WN,-3,0,,On-Time
2015,1,5,LAX,WN,-3,0,,On-Time
2015,1,5,DFW,AA,-3,0,,On-Time
2015,1,5,DFW,AA,-3,0,,On-Time
2015,1,5,LAX,WN,-3,0,,On-Time
2015,1,5,LAS,HA,-3,0,,On-Time
2015,1,5,IAH,EV,-3,0,,On-Time
2015,1,5,PHX,WN,-3,0,,On-Time
2015,1,5,DEN,DL,-3,0,,On-Time
2015,1,5,MSP,OO,-3,0,,On-Time
2015,1,5,LAX,VX,-3,0,,On-Time
2015,1,5,LAS,NK,-3,0,,On-Time
2015,1,5,LAS,WN,-3,0,,On-Time
2015,1,5,DFW,AA,-3,0,,On-Time
2015,1,5,MSP,DL,-3,0,,On-Time
2015,1,5,DFW,AA,-3,0,,On-Time
2015,1,5,LAS,VX,-3,0,,On-Time
2015,1,5,LAX,DL,-3,0,,On-Time
2015,1,5,PHX,US,-3,0,,On-Time
2015,1,5,PHX,US,-3,0,,On-Time
2015,1,5,PHX,OO,-3,0,,On-Time
2015,1,5,PHX,US,-3,0,,On-Time
2015,1,5,DEN,EV,-3,0,,On-Time
2015,1,5,PHX,US,-3,0,,On-Time
2015,1,5,MSP,OO,-3,0,,On-Time
2015,1,5,DFW,MQ,-3,0,,On-Time
2015,1,5,PHX,US,-3,0,,On-Time
2015,1,5,PHX,WN,-3,0,,On-Time
2015,1,5,PHX,DL,-3,0,,On-Time
2015,1,5,IAH,UA,-3,0,,On-Time
2015,1,5,IAH,EV,-3,0,,On-Time
2015,1,5,DFW,AA,-3,0,,On-Time
2015,1,5,DFW,MQ,-3,0,,On-Time
2015,1,5,DFW,MQ,-3,0,,On-Time
2015,1,5,PHX,DL,-3,0,,On-Time
2015,1,5,DEN,WN,-3,0,,On-Time
2015,1,5,PHX,US,-3,0,,On-Time
2015,1,5,PHX,US,-3,0,,On-Time
2015,1,5,IAH,EV,-3,0,,On-Time
2015,1,5,MSP,OO,-3,0,,On-Time
2015,1,5,LAS,US,-3,0,,On-Time
2015,1,5,LAX,WN,-3,0,,On-Time
2015,1,5,PHX,AS,-3,0,,On-Time
2015,1,5,DEN,AS,-3,0,,On-Time
2015,1,5,DEN,WN,-3,0,,On-Time
2015,1,5,LAS,WN,-3,0,,On-Time
2015,1,5,LAX,AA,-3,0,,On-Time
2015,1,5,IAH,UA,-3,0,,On-Time
2015,1,5,IAH,EV,-3,0,,On-Time
2015,1,5,MSP,DL,-3,0,,On-Time
2015,1,5,LAX,AS,-3,0,,On-Time
2015,1,5,MSP,EV,-3,0,,On-Time
2015,1,5,MSP,DL,-3,0,,On-Time
2015,1,5,LAS,US,-3,0,,On-Time
2015,1,5,MSP,EV,-3,0,,On-Time
2015,1,5,MSP,OO,-3,0,,On-Time
2015,1,5,MSP,OO,-3,0,,On-Time
2015,1,5,PHX,WN,-3,0,,On-Time
2015,1,5,DEN,OO,-3,0,,On-Time
2015,1,5,LAX,UA,-3,0,,On-Time
2015,1,5,LAX,DL,-3,0,,On-Time
2015,1,5,PHX,DL,-3,0,,On-Time
2015,1,5,PHX,DL,-3,0,,On-Time
2015,1,5,MSP,DL,-3,0,,On-Time
2015,1,5,MSP,OO,-3,0,,On-Time
2015,1,5,PHX,US,-3,0,,On-Time
2015,1,5,PHX,US,-3,0,,On-Time
2015,1,5,IAH,EV,-3,0,,On-Time
2015,1,5,LAX,OO,-3,0,,On-Time
2015,1,5,LAX,UA,-3,0,,On-Time
2015,1,5,IAH,EV,-3,0,,On-Time
2015,1,5,PHX,OO,-3,0,,On-Time
2015,1,5,PHX,F9,-3,0,,On-Time
2015,1,5,MSP,OO,-3,0,,On-Time
2015,1,5,IAH,EV,-3,0,,On-Time
2015,1,5,LAX,WN,-3,0,,On-Time
2015,1,5,LAX,AA,-3,0,,On-Time
2015,1,5,MSP,OO,-3,0,,On-Time
2015,1,5,IAH,EV,-3,0,,On-Time
2015,1,5,DEN,F9,-3,0,,On-Time
2015,1,5,LAX,VX,-3,0,,On-Time
2015,1,5,MSP,OO,-3,0,,On-Time
2015,1,5,LAS,OO,-3,0,,On-Time
2015,1,5,LAX,VX,-3,0,,On-Time
2015,1,5,MSP,DL,-3,0,,On-Time
2015,1,5,LAX,WN,-3,0,,On-Time
2015,1,5,MSP,DL,-3,0,,On-Time
2015,1,5,PHX,US,-3,0,,On-Time
2015,1,5,MSP,DL,-3,0,,On-Time
2015,1,5,PHX,US,-3,0,,On-Time
2015,1,5,LAS,WN,-3,0,,On-Time
2015,1,4,SFO,UA,-3,0,,On-Time
2015,1,4,SFO,US,-3,0,,On-Time
2015,1,4,SFO,B6,-3,0,,On-Time
2015,1,4,SFO,VX,-3,0,,On-Time
2015,1,4,SFO,UA,-3,0,,On-Time
2015,1,4,SFO,OO,-3,0,,On-Time
2015,1,4,SFO,OO,-3,0,,On-Time
2015,1,4,SFO,US,-3,0,,On-Time
2015,1,4,SFO,UA,-3,0,,On-Time
2015,1,4,SFO,AA,-3,0,,On-Time
2015,1,4,SFO,UA,-3,0,,On-Time
2015,1,4,SFO,VX,-3,0,,On-Time
2015,1,4,SFO,AA,-3,0,,On-Time
2015,1,4,SFO,UA,-3,0,,On-Time
2015,1,4,SFO,VX,-3,0,,On-Time
2015,1,4,SFO,OO,-3,0,,On-Time
2015,1,4,SFO,OO,-3,0,,On-Time
2015,1,4,SFO,OO,-3,0,,On-Time
2015,1,4,SFO,US,-3,0,,On-Time
2015,1,4,SFO,VX,-3,0,,On-Time
2015,1,4,SFO,OO,-3,0,,On-Time
2015,1,4,SFO,VX,-3,0,,On-Time
2015,1,4,SFO,OO,-3,0,,On-Time
2015,1,4,SFO,OO,-3,0,,On-Time
2015,1,4,SFO,OO,-3,0,,On-Time
2015,1,4,SFO,WN,-3,0,,On-Time
2015,1,4,SFO,UA,-3,0,,On-Time
2015,1,4,SFO,VX,-3,0,,On-Time
2015,1,4,SFO,AS,-3,0,,On-Time
2015,1,4,SFO,UA,-3,0,,On-Time
2015,1,4,SFO,UA,-3,0,,On-Time
2015,1,4,SFO,OO,-3,0,,On-Time
2015,1,4,SFO,AS,-3,0,,On-Time
2015,1,4,SFO,OO,-3,0,,On-Time
2015,1,4,SFO,VX,-3,0,,On-Time
2015,1,4,SFO,UA,-3,0,,On-Time
2015,1,4,SFO,OO,-3,0,,On-Time
2015,1,4,SFO,VX,-3,0,,On-Time
2015,1,4,SFO,UA,-3,0,,On-Time
2015,1,4,SFO,OO,-3,0,,On-Time
2015,1,4,SFO,OO,-3,0,,On-Time
2015,1,4,SFO,OO,-3,0,,On-Time
2015,1,5,SFO,DL,-3,0,,On-Time
2015,1,5,SFO,WN,-3,0,,On-Time
2015,1,5,SFO,DL,-3,0,,On-Time
2015,1,5,SFO,UA,-3,0,,On-Time
2015,1,5,SFO,UA,-3,0,,On-Time
2015,1,5,SFO,VX,-3,0,,On-Time
2015,1,5,SFO,DL,-3,0,,On-Time
2015,1,5,SFO,VX,-3,0,,On-Time
2015,1,5,SFO,UA,-3,0,,On-Time
2015,1,5,SFO,WN,-3,0,,On-Time
2015,1,5,SFO,VX,-3,0,,On-Time
2015,1,5,SFO,US,-3,0,,On-Time
2015,1,5,SFO,UA,-3,0,,On-Time
2015,1,5,SFO,AS,-3,0,,On-Time
2015,1,5,SFO,OO,-3,0,,On-Time
2015,1,5,SFO,UA,-3,0,,On-Time
2015,1,5,SFO,OO,-3,0,,On-Time
2015,1,5,SFO,WN,-3,0,,On-Time
2015,1,5,SFO,VX,-3,0,,On-Time
2015,1,5,SFO,WN,-3,0,,On-Time
2015,1,5,SFO,UA,-3,0,,On-Time
2015,1,5,SFO,AA,-3,0,,On-Time
2015,1,5,SFO,DL,-3,0,,On-Time
2015,1,5,SFO,OO,-3,0,,On-Time
2015,1,5,SFO,AS,-3,0,,On-Time
2015,1,5,SFO,UA,-3,0,,On-Time
2015,1,5,SFO,OO,-3,0,,On-Time
2015,1,5,SFO,UA,-3,0,,On-Time
2015,1,5,SFO,UA,-3,0,,On-Time
2015,1,5,SFO,US,-3,0,,On-Time
2015,1,5,SFO,VX,-3,0,,On-Time
2015,1,5,SFO,WN,-3,0,,On-Time
2015,1,5,SFO,UA,-3,0,,On-Time
2015,1,5,SFO,DL,-3,0,,On-Time
2015,1,5,SFO,VX,-3,0,,On-Time
2015,1,5,SFO,AA,-3,0,,On-Time
2015,1,5,SFO,UA,-3,0,,On-Time
2015,1,5,SFO,OO,-3,0,,On-Time
2015,1,5,SFO,WN,-3,0,,On-Time
2015,1,5,SFO,UA,-3,0,,On-Time
2015,1,4,ORD,OO,-3,0,,On-Time
2015,1,4,ORD,UA,-3,0,,On-Time
2015,1,4,ORD,AS,-3,0,,On-Time
2015,1,4,ORD,EV,-3,0,,On-Time
2015,1,4,ORD,UA,-3,0,,On-Time
2015,1,4,ORD,OO,-3,0,,On-Time
2015,1,4,ORD,AA,-3,0,,On-Time
2015,1,4,ORD,MQ,-3,0,,On-Time
2015,1,4,ORD,MQ,-3,0,,On-Time
2015,1,4,ORD,AA,-3,0,,On-Time
2015,1,4,ORD,MQ,-3,0,,On-Time
2015,1,4,ORD,MQ,-3,0,,On-Time
2015,1,4,ORD,EV,-3,0,,On-Time
2015,1,4,ORD,MQ,-3,0,,On-Time
2015,1,4,ORD,AA,-3,0,,On-Time
2015,1,4,ORD,MQ,-3,0,,On-Time
2015,1,4,ORD,UA,-3,0,,On-Time
2015,1,4,ORD,EV,-3,0,,On-Time
2015,1,4,ORD,AA,-3,0,,On-Time
2015,1,4,ORD,OO,-3,0,,On-Time
2015,1,4,ORD,NK,-3,0,,On-Time
2015,1,4,ORD,AA,-3,0,,On-Time
2015,1,4,ORD,UA,-3,0,,On-Time
2015,1,4,ORD,OO,-3,0,,On-Time
2015,1,4,ORD,MQ,-3,0,,On-Time
2015,1,4,ORD,AA,-3,0,,On-Time
2015,1,4,ORD,UA,-3,0,,On-Time
2015,1,4,ORD,US,-3,0,,On-Time
2015,1,4,ORD,MQ,-3,0,,On-Time
2015,1,4,ORD,MQ,-3,0,,On-Time
2015,1,4,ORD,EV,-3,0,,On-Time
2015,1,4,ORD,OO,-3,0,,On-Time
2015,1,4,ORD,OO,-3,0,,On-Time
2015,1,4,ORD,EV,-3,0,,On-Time
2015,1,4,ORD,UA,-3,0,,On-Time
2015,1,4,ORD,EV,-3,0,,On-Time
2015,1,4,ORD,AA,-3,0,,On-Time
2015,1,4,ORD,MQ,-3,0,,On-Time
2015,1,4,ORD,AA,-3,0,,On-Time
2015,1,4,ORD,EV,-3,0,,On-Time
2015,1,4,ORD,MQ,-3,0,,On-Time
2015,1,4,ORD,EV,-3,0,,On-Time
2015,1,4,ORD,NK,-3,0,,On-Time
2015,1,4,ORD,AA,-3,0,,On-Time
2015,1,4,ORD,MQ,-3,0,,On-Time
2015,1,4,ORD,MQ,-3,0,,On-Time
2015,1,4,ORD,MQ,-3,0,,On-Time
2015,1,5,ORD,US,-3,0,,On-Time
2015,1,5,ORD,EV,-3,0,,On-Time
2015,1,5,ORD,NK,-3,0,,On-Time
2015,1,5,ORD,UA,-3,0,,On-Time
2015,1,5,ORD,EV,-3,0,,On-Time
2015,1,5,ORD,MQ,-3,0,,On-Time
2015,1,5,ORD,EV,-3,0,,On-Time
2015,1,5,ORD,EV,-3,0,,On-Time
2015,1,5,ORD,UA,-3,0,,On-Time
2015,1,5,ORD,OO,-3,0,,On-Time
2015,1,5,ORD,AA,-3,0,,On-Time
2015,1,5,ORD,AA,-3,0,,On-Time
2015,1,5,ORD,US,-3,0,,On-Time
2015,1,5,ORD,MQ,-3,0,,On-Time
2015,1,5,ORD,EV,-3,0,,On-Time
2015,1,5,ORD,AA,-3,0,,On-Time
2015,1,5,ORD,UA,-3,0,,On-Time
2015,1,5,ORD,EV,-3,0,,On-Time
2015,1,5,ORD,EV,-3,0,,On-Time
2015,1,5,ORD,MQ,-3,0,,On-Time
2015,1,5,ORD,OO,-3,0,,On-Time
2015,1,5,ORD,AA,-3,0,,On-Time
2015,1,5,ORD,AA,-3,0,,On-Time
2015,1,5,ORD,MQ,-3,0,,On-Time
2015,1,5,ORD,MQ,-3,0,,On-Time
2015,1,5,ORD,EV,-3,0,,On-Time
2015,1,5,ORD,MQ,-3,0,,On-Time
2015,1,5,ORD,UA,-3,0,,On-Time
2015,1,5,ORD,AA,-3,0,,On-Time
2015,1,5,ORD,OO,-3,0,,On-Time
2015,1,5,ORD,OO,-3,0,,On-Time
2015,1,5,ORD,OO,-3,0,,On-Time
2015,1,5,ORD,EV,-3,0,,On-Time
2015,1,5,ORD,OO,-3,0,,On-Time
2015,1,5,ORD,AA,-3,0,,On-Time
2015,1,5,ORD,MQ,-3,0,,On-Time
2015,1,5,ORD,UA,-3,0,,On-Time
2015,1,5,ORD,EV,-3,0,,On-Time
2015,1,5,ORD,UA,-3,0,,On-Time
2015,1,5,ORD,AA,-3,0,,On-Time
2015,1,5,ORD,EV,-3,0,,On-Time
2015,1,5,ORD,OO,-3,0,,On-Time
2015,1,5,ORD,AA,-3,0,,On-Time
2015,1,5,ORD,MQ,-3,0,,On-Time
2015,1,5,ORD,UA,-3,0,,On-Time
2015,1,5,ORD,AA,-3,0,,On-Time
2015,1,5,ORD,AA,-3,0,,On-Time
2015,1,5,ORD,OO,-3,0,,On-Time
2015,1,5,ORD,OO,-3,0,,On-Time
2015,1,5,ORD,MQ,-3,0,,On-Time
2015,1,5,ORD,EV,-3,0,,On-Time
2015,1,5,ORD,UA,-3,0,,On-Time
2015,1,5,ORD,EV,-3,0,,On-Time
2015,1,5,ORD,EV,-3,0,,On-Time
2015,1,5,ORD,MQ,-3,0,,On-Time
2015,1,5,ORD,NK,-3,0,,On-Time
2015,1,4,ATL,EV,-3,0,,On-Time
2015,1,4,ATL,WN,-3,0,,On-Time
2015,1,4,ATL,WN,-3,0,,On-Time
2015,1,4,ATL,WN,-3,0,,On-Time
2015,1,4,ATL,UA,-3,0,,On-Time
2015,1,4,ATL,EV,-3,0,,On-Time
2015,1,4,ATL,WN,-3,0,,On-Time
2015,1,4,ATL,EV,-3,0,,On-Time
2015,1,4,ATL,EV,-3,0,,On-Time
2015,1,4,ATL,EV,-3,0,,On-Time
2015,1,4,ATL,WN,-3,0,,On-Time
2015,1,4,ATL,EV,-3,0,,On-Time
2015,1,4,ATL,EV,-3,0,,On-Time
2015,1,4,ATL,EV,-3,0,,On-Time
2015,1,4,ATL,EV,-3,0,,On-Time
2015,1,4,ATL,EV,-3,0,,On-Time
2015,1,4,ATL,WN,-3,0,,On-Time
2015,1,4,ATL,WN,-3,0,,On-Time
2015,1,4,ATL,EV,-3,0,,On-Time
2015,1,4,ATL,EV,-3,0,,On-Time
2015,1,4,ATL,OO,-3,0,,On-Time
2015,1,4,ATL,EV,-3,0,,On-Time
2015,1,4,ATL,US,-3,0,,On-Time
2015,1,4,ATL,EV,-3,0,,On-Time
2015,1,4,ATL,EV,-3,0,,On-Time
2015,1,4,ATL,EV,-3,0,,On-Time
2015,1,4,ATL,EV,-3,0,,On-Time
2015,1,4,ATL,EV,-3,0,,On-Time
2015,1,5,ATL,AA,-3,0,,On-Time
2015,1,5,ATL,WN,-3,0,,On-Time
2015,1,5,ATL,EV,-3,0,,On-Time
2015,1,5,ATL,WN,-3,0,,On-Time
2015,1,5,ATL,WN,-3,0,,On-Time
2015,1,5,ATL,WN,-3,0,,On-Time
2015,1,5,ATL,EV,-3,0,,On-Time
2015,1,5,ATL,UA,-3,0,,On-Time
2015,1,5,ATL,WN,-3,0,,On-Time
2015,1,5,ATL,EV,-3,0,,On-Time
2015,1,5,ATL,WN,-3,0,,On-Time
2015,1,5,ATL,EV,-3,0,,On-Time
2015,1,5,ATL,EV,-3,0,,On-Time
2015,1,5,ATL,EV,-3,0,,On-Time
2015,1,5,ATL,US,-3,0,,On-Time
2015,1,5,ATL,EV,-3,0,,On-Time
2015,1,5,ATL,EV,-3,0,,On-Time
2015,1,5,ATL,EV,-3,0,,On-Time
2015,1,5,ATL,EV,-3,0,,On-Time
2015,1,5,ATL,EV,-3,0,,On-Time
2015,1,5,ATL,EV,-3,0,,On-Time
2015,1,5,ATL,EV,-3,0,,On-Time
2015,1,5,ATL,EV,-3,0,,On-Time
2015,1,5,ATL,EV,-3,0,,On-Time
2015,1,5,ATL,EV,-3,0,,On-Time
2015,1,5,ATL,EV,-3,0,,On-Time
2015,1,5,ATL,EV,-3,0,,On-Time
2015,1,5,ATL,US,-3,0,,On-Time
2015,1,5,ATL,OO,-3,0,,On-Time
2015,1,4,ATL,DL,-3,0,,On-Time
2015,1,4,ATL,DL,-3,0,,On-Time
2015,1,4,ATL,DL,-3,0,,On-Time
2015,1,4,ATL,DL,-3,0,,On-Time
2015,1,4,ATL,DL,-3,0,,On-Time
2015,1,4,ATL,DL,-3,0,,On-Time
2015,1,4,ATL,DL,-3,0,,On-Time
2015,1,4,ATL,DL,-3,0,,On-Time
2015,1,4,ATL,DL,-3,0,,On-Time
2015,1,4,ATL,DL,-3,0,,On-Time
2015,1,4,ATL,DL,-3,0,,On-Time
2015,1,4,ATL,DL,-3,0,,On-Time
2015,1,4,ATL,DL,-3,0,,On-Time
2015,1,4,ATL,DL,-3,0,,On-Time
2015,1,4,ATL,DL,-3,0,,On-Time
2015,1,4,ATL,DL,-3,0,,On-Time
2015,1,4,ATL,DL,-3,0,,On-Time
2015,1,4,ATL,DL,-3,0,,On-Time
2015,1,4,ATL,DL,-3,0,,On-Time
2015,1,4,ATL,DL,-3,0,,On-Time
2015,1,4,ATL,DL,-3,0,,On-Time
2015,1,4,ATL,DL,-3,0,,On-Time
2015,1,4,ATL,DL,-3,0,,On-Time
2015,1,4,ATL,DL,-3,0,,On-Time
2015,1,4,ATL,DL,-3,0,,On-Time
2015,1,4,ATL,DL,-3,0,,On-Time
2015,1,4,ATL,DL,-3,0,,On-Time
2015,1,4,ATL,DL,-3,0,,On-Time
2015,1,4,ATL,DL,-3,0,,On-Time
2015,1,4,ATL,DL,-3,0,,On-Time
2015,1,4,ATL,DL,-3,0,,On-Time
2015,1,4,ATL,DL,-3,0,,On-Time
2015,1,4,ATL,DL,-3,0,,On-Time
2015,1,4,ATL,DL,-3,0,,On-Time
2015,1,4,ATL,DL,-3,0,,On-Time
2015,1,4,ATL,DL,-3,0,,On-Time
2015,1,4,ATL,DL,-3,0,,On-Time
2015,1,4,ATL,DL,-3,0,,On-Time
2015,1,4,ATL,DL,-3,0,,On-Time
2015,1,4,ATL,DL,-3,0,,On-Time
2015,1,4,ATL,DL,-3,0,,On-Time
2015,1,4,ATL,DL,-3,0,,On-Time
2015,1,4,ATL,DL,-3,0,,On-Time
2015,1,4,ATL,DL,-3,0,,On-Time
2015,1,4,ATL,DL,-3,0,,On-Time
2015,1,4,ATL,DL,-3,0,,On-Time
2015,1,4,ATL,DL,-3,0,,On-Time
2015,1,4,ATL,DL,-3,0,,On-Time
2015,1,4,ATL,DL,-3,0,,On-Time
2015,1,4,ATL,DL,-3,0,,On-Time
2015,1,4,ATL,DL,-3,0,,On-Time
2015,1,4,ATL,DL,-3,0,,On-Time
2015,1,5,ATL,DL,-3,0,,On-Time
2015,1,5,ATL,DL,-3,0,,On-Time
2015,1,5,ATL,DL,-3,0,,On-Time
2015,1,5,ATL,DL,-3,0,,On-Time
2015,1,5,ATL,DL,-3,0,,On-Time
2015,1,5,ATL,DL,-3,0,,On-Time
2015,1,5,ATL,DL,-3,0,,On-Time
2015,1,5,ATL,DL,-3,0,,On-Time
2015,1,5,ATL,DL,-3,0,,On-Time
2015,1,5,ATL,DL,-3,0,,On-Time
2015,1,5,ATL,DL,-3,0,,On-Time
2015,1,5,ATL,DL,-3,0,,On-Time
2015,1,5,ATL,DL,-3,0,,On-Time
2015,1,5,ATL,DL,-3,0,,On-Time
2015,1,5,ATL,DL,-3,0,,On-Time
2015,1,5,ATL,DL,-3,0,,On-Time
2015,1,5,ATL,DL,-3,0,,On-Time
2015,1,5,ATL,DL,-3,0,,On-Time
2015,1,5,ATL,DL,-3,0,,On-Time
2015,1,5,ATL,DL,-3,0,,On-Time
2015,1,5,ATL,DL,-3,0,,On-Time
2015,1,5,ATL,DL,-3,0,,On-Time
2015,1,5,ATL,DL,-3,0,,On-Time
2015,1,5,ATL,DL,-3,0,,On-Time
2015,1,5,ATL,DL,-3,0,,On-Time
2015,1,5,ATL,DL,-3,0,,On-Time
2015,1,5,ATL,DL,-3,0,,On-Time
2015,1,5,ATL,DL,-3,0,,On-Time
2015,1,5,ATL,DL,-3,0,,On-Time
2015,1,5,ATL,DL,-3,0,,On-Time
2015,1,5,ATL,DL,-3,0,,On-Time
2015,1,5,ATL,DL,-3,0,,On-Time
2015,1,5,ATL,DL,-3,0,,On-Time
2015,1,5,ATL,DL,-3,0,,On-Time
2015,1,5,ATL,DL,-3,0,,On-Time
2015,1,5,ATL,DL,-3,0,,On-Time
2015,1,5,ATL,DL,-3,0,,On-Time
2015,1,4,ORD,US,-2,0,,On-Time
2015,1,4,ORD,UA,-2,0,,On-Time
2015,1,4,ORD,OO,-2,0,,On-Time
2015,1,4,ORD,UA,-2,0,,On-Time
2015,1,4,ORD,US,-2,0,,On-Time
2015,1,4,ORD,MQ,-2,0,,On-Time
2015,1,4,ORD,EV,-2,0,,On-Time
2015,1,4,ORD,EV,-2,0,,On-Time
2015,1,4,ORD,UA,-2,0,,On-Time
2015,1,4,ORD,AA,-2,0,,On-Time
2015,1,4,ORD,AA,-2,0,,On-Time
2015,1,4,ORD,NK,-2,0,,On-Time
2015,1,4,ORD,VX,-2,0,,On-Time
2015,1,4,ORD,UA,-2,0,,On-Time
2015,1,4,ORD,B6,-2,0,,On-Time
2015,1,4,ORD,AA,-2,0,,On-Time
2015,1,4,ORD,MQ,-2,0,,On-Time
2015,1,4,ORD,UA,-2,0,,On-Time
2015,1,4,ORD,UA,-2,0,,On-Time
2015,1,4,ORD,EV,-2,0,,On-Time
2015,1,4,ORD,EV,-2,0,,On-Time
2015,1,4,ORD,UA,-2,0,,On-Time
2015,1,4,ORD,EV,-2,0,,On-Time
2015,1,4,ORD,AA,-2,0,,On-Time
2015,1,4,ORD,MQ,-2,0,,On-Time
2015,1,4,ORD,US,-2,0,,On-Time
2015,1,4,ORD,EV,-2,0,,On-Time
2015,1,4,ORD,MQ,-2,0,,On-Time
2015,1,4,ORD,EV,-2,0,,On-Time
2015,1,4,ORD,MQ,-2,0,,On-Time
2015,1,4,ORD,AA,-2,0,,On-Time
2015,1,4,ORD,MQ,-2,0,,On-Time
2015,1,4,ORD,UA,-2,0,,On-Time
2015,1,4,ORD,MQ,-2,0,,On-Time
2015,1,4,ORD,MQ,-2,0,,On-Time
2015,1,4,ORD,EV,-2,0,,On-Time
2015,1,4,ORD,AA,-2,0,,On-Time
2015,1,4,ORD,OO,-2,0,,On-Time
2015,1,4,ORD,MQ,-2,0,,On-Time
2015,1,4,ORD,AA,-2,0,,On-Time
2015,1,4,ORD,MQ,-2,0,,On-Time
2015,1,4,ORD,AA,-2,0,,On-Time
2015,1,5,ORD,NK,-2,0,,On-Time
2015,1,5,ORD,DL,-2,0,,On-Time
2015,1,5,ORD,AA,-2,0,,On-Time
2015,1,5,ORD,DL,-2,0,,On-Time
2015,1,5,ORD,UA,-2,0,,On-Time
2015,1,5,ORD,MQ,-2,0,,On-Time
2015,1,5,ORD,UA,-2,0,,On-Time
2015,1,5,ORD,AA,-2,0,,On-Time
2015,1,5,ORD,OO,-2,0,,On-Time
2015,1,5,ORD,AA,-2,0,,On-Time
2015,1,5,ORD,OO,-2,0,,On-Time
2015,1,5,ORD,MQ,-2,0,,On-Time
2015,1,5,ORD,DL,-2,0,,On-Time
2015,1,5,ORD,UA,-2,0,,On-Time
2015,1,5,ORD,MQ,-2,0,,On-Time
2015,1,5,ORD,AA,-2,0,,On-Time
2015,1,5,ORD,UA,-2,0,,On-Time
2015,1,5,ORD,B6,-2,0,,On-Time
2015,1,5,ORD,UA,-2,0,,On-Time
2015,1,5,ORD,AA,-2,0,,On-Time
2015,1,5,ORD,AA,-2,0,,On-Time
2015,1,5,ORD,MQ,-2,0,,On-Time
2015,1,5,ORD,MQ,-2,0,,On-Time
2015,1,5,ORD,EV,-2,0,,On-Time
2015,1,5,ORD,OO,-2,0,,On-Time
2015,1,5,ORD,AA,-2,0,,On-Time
2015,1,5,ORD,AA,-2,0,,On-Time
2015,1,5,ORD,MQ,-2,0,,On-Time
2015,1,5,ORD,UA,-2,0,,On-Time
2015,1,5,ORD,EV,-2,0,,On-Time
2015,1,5,ORD,EV,-2,0,,On-Time
2015,1,5,ORD,UA,-2,0,,On-Time
2015,1,5,ORD,AA,-2,0,,On-Time
2015,1,5,ORD,MQ,-2,0,,On-Time
2015,1,5,ORD,EV,-2,0,,On-Time
2015,1,5,ORD,EV,-2,0,,On-Time
2015,1,5,ORD,MQ,-2,0,,On-Time
2015,1,5,ORD,AA,-2,0,,On-Time
2015,1,5,ORD,MQ,-2,0,,On-Time
2015,1,5,ORD,NK,-2,0,,On-Time
2015,1,5,ORD,NK,-2,0,,On-Time
2015,1,5,ORD,MQ,-2,0,,On-Time
2015,1,5,ORD,UA,-2,0,,On-Time
2015,1,5,ORD,MQ,-2,0,,On-Time
2015,1,5,ORD,OO,-2,0,,On-Time
2015,1,5,ORD,MQ,-2,0,,On-Time
2015,1,5,ORD,AA,-2,0,,On-Time
2015,1,5,ORD,AA,-2,0,,On-Time
2015,1,4,LAX,AA,-2,0,,On-Time
2015,1,4,LAX,UA,-2,0,,On-Time
2015,1,4,LAX,UA,-2,0,,On-Time
2015,1,4,LAX,DL,-2,0,,On-Time
2015,1,4,LAX,VX,-2,0,,On-Time
2015,1,4,LAX,OO,-2,0,,On-Time
2015,1,4,LAX,WN,-2,0,,On-Time
2015,1,4,LAX,DL,-2,0,,On-Time
2015,1,4,LAX,WN,-2,0,,On-Time
2015,1,4,LAX,AA,-2,0,,On-Time
2015,1,4,LAX,UA,-2,0,,On-Time
2015,1,4,LAX,OO,-2,0,,On-Time
2015,1,4,LAX,AA,-2,0,,On-Time
2015,1,4,LAX,DL,-2,0,,On-Time
2015,1,4,LAX,WN,-2,0,,On-Time
2015,1,4,LAX,B6,-2,0,,On-Time
2015,1,4,LAX,DL,-2,0,,On-Time
2015,1,4,LAX,AS,-2,0,,On-Time
2015,1,4,LAX,AA,-2,0,,On-Time
2015,1,4,LAX,AA,-2,0,,On-Time
2015,1,4,LAX,DL,-2,0,,On-Time
2015,1,4,LAX,UA,-2,0,,On-Time
2015,1,4,LAX,AS,-2,0,,On-Time
2015,1,4,LAX,UA,-2,0,,On-Time
2015,1,4,LAX,VX,-2,0,,On-Time
2015,1,4,LAX,OO,-2,0,,On-Time
2015,1,4,LAX,DL,-2,0,,On-Time
2015,1,4,LAX,WN,-2,0,,On-Time
2015,1,4,LAX,WN,-2,0,,On-Time
2015,1,4,LAX,DL,-2,0,,On-Time
2015,1,4,LAX,VX,-2,0,,On-Time
2015,1,4,LAX,OO,-2,0,,On-Time
2015,1,4,LAX,OO,-2,0,,On-Time
2015,1,4,LAX,WN,-2,0,,On-Time
2015,1,4,LAX,VX,-2,0,,On-Time
2015,1,4,LAX,DL,-2,0,,On-Time
2015,1,4,LAX,DL,-2,0,,On-Time
2015,1,4,LAX,UA,-2,0,,On-Time
2015,1,4,LAX,UA,-2,0,,On-Time
2015,1,4,LAX,AA,-2,0,,On-Time
2015,1,5,LAX,DL,-2,0,,On-Time
2015,1,5,LAX,WN,-2,0,,On-Time
2015,1,5,LAX,B6,-2,0,,On-Time
2015,1,5,LAX,AS,-2,0,,On-Time
2015,1,5,LAX,WN,-2,0,,On-Time
2015,1,5,LAX,UA,-2,0,,On-Time
2015,1,5,LAX,OO,-2,0,,On-Time
2015,1,5,LAX,UA,-2,0,,On-Time
2015,1,5,LAX,OO,-2,0,,On-Time
2015,1,5,LAX,OO,-2,0,,On-Time
2015,1,5,LAX,VX,-2,0,,On-Time
2015,1,5,LAX,AA,-2,0,,On-Time
2015,1,5,LAX,DL,-2,0,,On-Time
2015,1,5,LAX,UA,-2,0,,On-Time
2015,1,5,LAX,VX,-2,0,,On-Time
2015,1,5,LAX,OO,-2,0,,On-Time
2015,1,5,LAX,US,-2,0,,On-Time
2015,1,5,LAX,OO,-2,0,,On-Time
2015,1,5,LAX,AA,-2,0,,On-Time
2015,1,5,LAX,OO,-2,0,,On-Time
2015,1,5,LAX,WN,-2,0,,On-Time
2015,1,5,LAX,DL,-2,0,,On-Time
2015,1,5,LAX,OO,-2,0,,On-Time
2015,1,5,LAX,AA,-2,0,,On-Time
2015,1,5,LAX,DL,-2,0,,On-Time
2015,1,4,SFO,US,-2,0,,On-Time
2015,1,4,SFO,WN,-2,0,,On-Time
2015,1,4,DEN,DL,-2,0,,On-Time
2015,1,4,LAS,WN,-2,0,,On-Time
2015,1,4,SFO,DL,-2,0,,On-Time
2015,1,4,SFO,UA,-2,0,,On-Time
2015,1,4,MSP,DL,-2,0,,On-Time
2015,1,4,MSP,DL,-2,0,,On-Time
2015,1,4,IAH,EV,-2,0,,On-Time
2015,1,4,IAH,EV,-2,0,,On-Time
2015,1,4,PHX,US,-2,0,,On-Time
2015,1,4,LAS,DL,-2,0,,On-Time
2015,1,4,LAS,WN,-2,0,,On-Time
2015,1,4,DEN,UA,-2,0,,On-Time
2015,1,4,LAS,WN,-2,0,,On-Time
2015,1,4,DEN,F9,-2,0,,On-Time
2015,1,4,IAH,US,-2,0,,On-Time
2015,1,4,DEN,F9,-2,0,,On-Time
2015,1,4,LAS,WN,-2,0,,On-Time
2015,1,4,SFO,AA,-2,0,,On-Time
2015,1,4,DEN,F9,-2,0,,On-Time
2015,1,4,DEN,F9,-2,0,,On-Time
2015,1,4,PHX,US,-2,0,,On-Time
2015,1,4,MSP,DL,-2,0,,On-Time
2015,1,4,LAS,US,-2,0,,On-Time
2015,1,4,IAH,EV,-2,0,,On-Time
2015,1,4,DEN,DL,-2,0,,On-Time
2015,1,4,MSP,DL,-2,0,,On-Time
2015,1,4,MSP,OO,-2,0,,On-Time
2015,1,4,DEN,WN,-2,0,,On-Time
2015,1,4,PHX,WN,-2,0,,On-Time
2015,1,4,IAH,UA,-2,0,,On-Time
2015,1,4,IAH,AA,-2,0,,On-Time
2015,1,4,MSP,OO,-2,0,,On-Time
2015,1,4,LAS,UA,-2,0,,On-Time
2015,1,4,PHX,WN,-2,0,,On-Time
2015,1,4,PHX,US,-2,0,,On-Time
2015,1,4,PHX,US,-2,0,,On-Time
2015,1,4,LAS,WN,-2,0,,On-Time
2015,1,4,PHX,OO,-2,0,,On-Time
2015,1,4,PHX,US,-2,0,,On-Time
2015,1,4,LAS,WN,-2,0,,On-Time
2015,1,4,DFW,AA,-2,0,,On-Time
2015,1,4,PHX,US,-2,0,,On-Time
2015,1,4,DEN,F9,-2,0,,On-Time
2015,1,4,DEN,WN,-2,0,,On-Time
2015,1,4,LAS,WN,-2,0,,On-Time
2015,1,4,IAH,EV,-2,0,,On-Time
2015,1,4,IAH,UA,-2,0,,On-Time
2015,1,4,IAH,EV,-2,0,,On-Time
2015,1,4,IAH,EV,-2,0,,On-Time
2015,1,4,DFW,AA,-2,0,,On-Time
2015,1,4,IAH,OO,-2,0,,On-Time
2015,1,4,DEN,F9,-2,0,,On-Time
2015,1,4,DFW,AA,-2,0,,On-Time
2015,1,4,SFO,OO,-2,0,,On-Time
2015,1,4,SFO,UA,-2,0,,On-Time
2015,1,4,LAS,AA,-2,0,,On-Time
2015,1,4,SFO,UA,-2,0,,On-Time
2015,1,4,DEN,WN,-2,0,,On-Time
2015,1,4,LAS,UA,-2,0,,On-Time
2015,1,4,DFW,AA,-2,0,,On-Time
2015,1,4,LAS,B6,-2,0,,On-Time
2015,1,4,LAS,WN,-2,0,,On-Time
2015,1,4,PHX,US,-2,0,,On-Time
2015,1,4,PHX,US,-2,0,,On-Time
2015,1,4,DEN,EV,-2,0,,On-Time
2015,1,4,MSP,WN,-2,0,,On-Time
2015,1,4,MSP,DL,-2,0,,On-Time
2015,1,4,DFW,EV,-2,0,,On-Time
2015,1,4,DEN,WN,-2,0,,On-Time
2015,1,4,IAH,US,-2,0,,On-Time
2015,1,4,SFO,UA,-2,0,,On-Time
2015,1,4,DEN,US,-2,0,,On-Time
2015,1,4,DFW,AA,-2,0,,On-Time
2015,1,4,IAH,UA,-2,0,,On-Time
2015,1,4,DEN,WN,-2,0,,On-Time
2015,1,4,PHX,WN,-2,0,,On-Time
2015,1,4,DFW,AA,-2,0,,On-Time
2015,1,4,IAH,EV,-2,0,,On-Time
2015,1,4,DFW,AA,-2,0,,On-Time
2015,1,4,DFW,AA,-2,0,,On-Time
2015,1,4,SFO,DL,-2,0,,On-Time
2015,1,4,MSP,DL,-2,0,,On-Time
2015,1,4,MSP,DL,-2,0,,On-Time
2015,1,4,MSP,DL,-2,0,,On-Time
2015,1,4,LAS,WN,-2,0,,On-Time
2015,1,4,MSP,DL,-2,0,,On-Time
2015,1,4,DFW,MQ,-2,0,,On-Time
2015,1,4,PHX,AA,-2,0,,On-Time
2015,1,4,MSP,OO,-2,0,,On-Time
2015,1,4,IAH,EV,-2,0,,On-Time
2015,1,4,PHX,WN,-2,0,,On-Time
2015,1,4,IAH,EV,-2,0,,On-Time
2015,1,4,IAH,OO,-2,0,,On-Time
2015,1,4,SFO,UA,-2,0,,On-Time
2015,1,4,MSP,WN,-2,0,,On-Time
2015,1,4,DFW,AA,-2,0,,On-Time
2015,1,4,DEN,F9,-2,0,,On-Time
2015,1,4,PHX,US,-2,0,,On-Time
2015,1,4,IAH,EV,-2,0,,On-Time
2015,1,4,LAS,WN,-2,0,,On-Time
2015,1,4,PHX,OO,-2,0,,On-Time
2015,1,4,SFO,UA,-2,0,,On-Time
2015,1,4,PHX,US,-2,0,,On-Time
2015,1,4,PHX,AS,-2,0,,On-Time
2015,1,4,IAH,EV,-2,0,,On-Time
2015,1,4,DEN,WN,-2,0,,On-Time
2015,1,4,MSP,DL,-2,0,,On-Time
2015,1,4,MSP,OO,-2,0,,On-Time
2015,1,4,IAH,UA,-2,0,,On-Time
2015,1,4,MSP,DL,-2,0,,On-Time
2015,1,4,IAH,EV,-2,0,,On-Time
2015,1,4,MSP,DL,-2,0,,On-Time
2015,1,4,IAH,EV,-2,0,,On-Time
2015,1,4,LAS,WN,-2,0,,On-Time
2015,1,4,MSP,DL,-2,0,,On-Time
2015,1,4,MSP,DL,-2,0,,On-Time
2015,1,4,DFW,EV,-2,0,,On-Time
2015,1,4,LAS,DL,-2,0,,On-Time
2015,1,4,PHX,US,-2,0,,On-Time
2015,1,4,IAH,EV,-2,0,,On-Time
2015,1,4,LAS,WN,-2,0,,On-Time
2015,1,4,PHX,WN,-2,0,,On-Time
2015,1,4,IAH,EV,-2,0,,On-Time
2015,1,4,PHX,US,-2,0,,On-Time
2015,1,4,PHX,US,-2,0,,On-Time
2015,1,4,PHX,OO,-2,0,,On-Time
2015,1,4,MSP,DL,-2,0,,On-Time
2015,1,4,SFO,DL,-2,0,,On-Time
2015,1,4,PHX,OO,-2,0,,On-Time
2015,1,4,DFW,AA,-2,0,,On-Time
2015,1,4,IAH,EV,-2,0,,On-Time
2015,1,4,DFW,AA,-2,0,,On-Time
2015,1,4,LAS,UA,-2,0,,On-Time
2015,1,4,MSP,EV,-2,0,,On-Time
2015,1,4,IAH,EV,-2,0,,On-Time
2015,1,4,SFO,OO,-2,0,,On-Time
2015,1,4,SFO,UA,-2,0,,On-Time
2015,1,4,IAH,EV,-2,0,,On-Time
2015,1,4,SFO,UA,-2,0,,On-Time
2015,1,4,PHX,US,-2,0,,On-Time
2015,1,4,LAS,WN,-2,0,,On-Time
2015,1,4,DFW,EV,-2,0,,On-Time
2015,1,4,SFO,OO,-2,0,,On-Time
2015,1,4,LAS,VX,-2,0,,On-Time
2015,1,4,LAS,WN,-2,0,,On-Time
2015,1,4,IAH,OO,-2,0,,On-Time
2015,1,4,SFO,UA,-2,0,,On-Time
2015,1,4,PHX,US,-2,0,,On-Time
2015,1,4,SFO,VX,-2,0,,On-Time
2015,1,4,DFW,NK,-2,0,,On-Time
2015,1,4,PHX,US,-2,0,,On-Time
2015,1,4,SFO,UA,-2,0,,On-Time
2015,1,4,DEN,NK,-2,0,,On-Time
2015,1,4,LAS,AS,-2,0,,On-Time
2015,1,4,SFO,UA,-2,0,,On-Time
2015,1,4,PHX,US,-2,0,,On-Time
2015,1,5,LAS,UA,-2,0,,On-Time
2015,1,5,LAS,NK,-2,0,,On-Time
2015,1,5,PHX,US,-2,0,,On-Time
2015,1,5,PHX,US,-2,0,,On-Time
2015,1,5,DEN,DL,-2,0,,On-Time
2015,1,5,IAH,UA,-2,0,,On-Time
2015,1,5,SFO,WN,-2,0,,On-Time
2015,1,5,SFO,UA,-2,0,,On-Time
2015,1,5,DEN,UA,-2,0,,On-Time
2015,1,5,PHX,AS,-2,0,,On-Time
2015,1,5,DFW,DL,-2,0,,On-Time
2015,1,5,IAH,DL,-2,0,,On-Time
2015,1,5,DFW,MQ,-2,0,,On-Time
2015,1,5,DFW,NK,-2,0,,On-Time
2015,1,5,DEN,OO,-2,0,,On-Time
2015,1,5,LAS,DL,-2,0,,On-Time
2015,1,5,IAH,US,-2,0,,On-Time
2015,1,5,DEN,WN,-2,0,,On-Time
2015,1,5,LAS,WN,-2,0,,On-Time
2015,1,5,SFO,B6,-2,0,,On-Time
2015,1,5,MSP,DL,-2,0,,On-Time
2015,1,5,LAS,B6,-2,0,,On-Time
2015,1,5,PHX,WN,-2,0,,On-Time
2015,1,5,DFW,AA,-2,0,,On-Time
2015,1,5,MSP,DL,-2,0,,On-Time
2015,1,5,SFO,VX,-2,0,,On-Time
2015,1,5,IAH,EV,-2,0,,On-Time
2015,1,5,IAH,EV,-2,0,,On-Time
2015,1,5,MSP,OO,-2,0,,On-Time
2015,1,5,MSP,US,-2,0,,On-Time
2015,1,5,DEN,DL,-2,0,,On-Time
2015,1,5,MSP,DL,-2,0,,On-Time
2015,1,5,MSP,DL,-2,0,,On-Time
2015,1,5,IAH,EV,-2,0,,On-Time
2015,1,5,DEN,AA,-2,0,,On-Time
2015,1,5,DEN,WN,-2,0,,On-Time
2015,1,5,LAS,WN,-2,0,,On-Time
2015,1,5,PHX,DL,-2,0,,On-Time
2015,1,5,SFO,WN,-2,0,,On-Time
2015,1,5,DFW,AA,-2,0,,On-Time
2015,1,5,DFW,AA,-2,0,,On-Time
2015,1,5,SFO,VX,-2,0,,On-Time
2015,1,5,LAS,NK,-2,0,,On-Time
2015,1,5,SFO,VX,-2,0,,On-Time
2015,1,5,PHX,US,-2,0,,On-Time
2015,1,5,PHX,US,-2,0,,On-Time
2015,1,5,DEN,WN,-2,0,,On-Time
2015,1,5,LAS,WN,-2,0,,On-Time
2015,1,5,LAS,WN,-2,0,,On-Time
2015,1,5,IAH,EV,-2,0,,On-Time
2015,1,5,LAS,WN,-2,0,,On-Time
2015,1,5,IAH,EV,-2,0,,On-Time
2015,1,5,LAS,WN,-2,0,,On-Time
2015,1,5,IAH,EV,-2,0,,On-Time
2015,1,5,IAH,EV,-2,0,,On-Time
2015,1,5,DFW,MQ,-2,0,,On-Time
2015,1,5,LAS,WN,-2,0,,On-Time
2015,1,5,DFW,MQ,-2,0,,On-Time
2015,1,5,PHX,OO,-2,0,,On-Time
2015,1,5,PHX,US,-2,0,,On-Time
2015,1,5,DFW,MQ,-2,0,,On-Time
2015,1,5,DEN,OO,-2,0,,On-Time
2015,1,5,SFO,UA,-2,0,,On-Time
2015,1,5,MSP,EV,-2,0,,On-Time
2015,1,5,PHX,US,-2,0,,On-Time
2015,1,5,DFW,MQ,-2,0,,On-Time
2015,1,5,IAH,EV,-2,0,,On-Time
2015,1,5,DEN,F9,-2,0,,On-Time
2015,1,5,DFW,AA,-2,0,,On-Time
2015,1,5,MSP,DL,-2,0,,On-Time
2015,1,5,SFO,F9,-2,0,,On-Time
2015,1,5,IAH,EV,-2,0,,On-Time
2015,1,5,SFO,UA,-2,0,,On-Time
2015,1,5,DFW,DL,-2,0,,On-Time
2015,1,5,SFO,OO,-2,0,,On-Time
2015,1,5,PHX,US,-2,0,,On-Time
2015,1,5,SFO,AA,-2,0,,On-Time
2015,1,5,DFW,AA,-2,0,,On-Time
2015,1,5,IAH,EV,-2,0,,On-Time
2015,1,5,SFO,UA,-2,0,,On-Time
2015,1,5,SFO,VX,-2,0,,On-Time
2015,1,5,MSP,OO,-2,0,,On-Time
2015,1,5,SFO,US,-2,0,,On-Time
2015,1,5,LAS,VX,-2,0,,On-Time
2015,1,5,MSP,DL,-2,0,,On-Time
2015,1,5,IAH,EV,-2,0,,On-Time
2015,1,5,IAH,EV,-2,0,,On-Time
2015,1,5,LAS,US,-2,0,,On-Time
2015,1,5,IAH,UA,-2,0,,On-Time
2015,1,5,SFO,DL,-2,0,,On-Time
2015,1,5,LAS,DL,-2,0,,On-Time
2015,1,5,DFW,AA,-2,0,,On-Time
2015,1,5,DFW,AA,-2,0,,On-Time
2015,1,5,PHX,DL,-2,0,,On-Time
2015,1,5,IAH,UA,-2,0,,On-Time
2015,1,5,SFO,OO,-2,0,,On-Time
2015,1,5,IAH,EV,-2,0,,On-Time
2015,1,5,IAH,EV,-2,0,,On-Time
2015,1,5,IAH,UA,-2,0,,On-Time
2015,1,5,LAS,AA,-2,0,,On-Time
2015,1,5,SFO,OO,-2,0,,On-Time
2015,1,5,DEN,F9,-2,0,,On-Time
2015,1,5,DFW,MQ,-2,0,,On-Time
2015,1,5,DEN,EV,-2,0,,On-Time
2015,1,5,SFO,VX,-2,0,,On-Time
2015,1,5,DFW,AA,-2,0,,On-Time
2015,1,5,IAH,EV,-2,0,,On-Time
2015,1,5,IAH,EV,-2,0,,On-Time
2015,1,5,LAS,VX,-2,0,,On-Time
2015,1,5,PHX,OO,-2,0,,On-Time
2015,1,5,PHX,US,-2,0,,On-Time
2015,1,5,MSP,EV,-2,0,,On-Time
2015,1,5,MSP,DL,-2,0,,On-Time
2015,1,5,MSP,OO,-2,0,,On-Time
2015,1,5,DFW,US,-2,0,,On-Time
2015,1,5,IAH,EV,-2,0,,On-Time
2015,1,5,IAH,EV,-2,0,,On-Time
2015,1,5,MSP,DL,-2,0,,On-Time
2015,1,5,DFW,MQ,-2,0,,On-Time
2015,1,5,IAH,EV,-2,0,,On-Time
2015,1,5,PHX,WN,-2,0,,On-Time
2015,1,5,PHX,AA,-2,0,,On-Time
2015,1,5,IAH,EV,-2,0,,On-Time
2015,1,5,IAH,EV,-2,0,,On-Time
2015,1,5,LAS,OO,-2,0,,On-Time
2015,1,5,DEN,OO,-2,0,,On-Time
2015,1,5,MSP,US,-2,0,,On-Time
2015,1,5,IAH,EV,-2,0,,On-Time
2015,1,5,MSP,OO,-2,0,,On-Time
2015,1,5,PHX,US,-2,0,,On-Time
2015,1,5,MSP,DL,-2,0,,On-Time
2015,1,5,MSP,DL,-2,0,,On-Time
2015,1,5,MSP,US,-2,0,,On-Time
2015,1,5,LAS,UA,-2,0,,On-Time
2015,1,5,IAH,EV,-2,0,,On-Time
2015,1,4,ATL,US,-2,0,,On-Time
2015,1,4,ATL,WN,-2,0,,On-Time
2015,1,4,ATL,OO,-2,0,,On-Time
2015,1,4,ATL,EV,-2,0,,On-Time
2015,1,4,ATL,EV,-2,0,,On-Time
2015,1,4,ATL,AA,-2,0,,On-Time
2015,1,4,ATL,WN,-2,0,,On-Time
2015,1,4,ATL,EV,-2,0,,On-Time
2015,1,4,ATL,EV,-2,0,,On-Time
2015,1,4,ATL,WN,-2,0,,On-Time
2015,1,4,ATL,EV,-2,0,,On-Time
2015,1,4,ATL,EV,-2,0,,On-Time
2015,1,4,ATL,EV,-2,0,,On-Time
2015,1,4,ATL,EV,-2,0,,On-Time
2015,1,4,ATL,WN,-2,0,,On-Time
2015,1,4,ATL,WN,-2,0,,On-Time
2015,1,4,ATL,EV,-2,0,,On-Time
2015,1,4,ATL,WN,-2,0,,On-Time
2015,1,4,ATL,UA,-2,0,,On-Time
2015,1,4,ATL,WN,-2,0,,On-Time
2015,1,4,ATL,US,-2,0,,On-Time
2015,1,4,ATL,US,-2,0,,On-Time
2015,1,4,ATL,WN,-2,0,,On-Time
2015,1,4,ATL,AA,-2,0,,On-Time
2015,1,4,ATL,EV,-2,0,,On-Time
2015,1,4,ATL,US,-2,0,,On-Time
2015,1,4,ATL,WN,-2,0,,On-Time
2015,1,4,ATL,WN,-2,0,,On-Time
2015,1,4,ATL,EV,-2,0,,On-Time
2015,1,4,ATL,WN,-2,0,,On-Time
2015,1,5,ATL,WN,-2,0,,On-Time
2015,1,5,ATL,WN,-2,0,,On-Time
2015,1,5,ATL,WN,-2,0,,On-Time
2015,1,5,ATL,AA,-2,0,,On-Time
2015,1,5,ATL,WN,-2,0,,On-Time
2015,1,5,ATL,EV,-2,0,,On-Time
2015,1,5,ATL,EV,-2,0,,On-Time
2015,1,5,ATL,OO,-2,0,,On-Time
2015,1,5,ATL,OO,-2,0,,On-Time
2015,1,5,ATL,EV,-2,0,,On-Time
2015,1,5,ATL,EV,-2,0,,On-Time
2015,1,5,ATL,EV,-2,0,,On-Time
2015,1,5,ATL,WN,-2,0,,On-Time
2015,1,5,ATL,EV,-2,0,,On-Time
2015,1,5,ATL,WN,-2,0,,On-Time
2015,1,5,ATL,US,-2,0,,On-Time
2015,1,5,ATL,EV,-2,0,,On-Time
2015,1,5,ATL,EV,-2,0,,On-Time
2015,1,5,ATL,EV,-2,0,,On-Time
2015,1,5,ATL,EV,-2,0,,On-Time
2015,1,5,ATL,EV,-2,0,,On-Time
2015,1,5,ATL,EV,-2,0,,On-Time
2015,1,5,ATL,EV,-2,0,,On-Time
2015,1,5,ATL,EV,-2,0,,On-Time
2015,1,5,ATL,EV,-2,0,,On-Time
2015,1,5,ATL,EV,-2,0,,On-Time
2015,1,5,ATL,EV,-2,0,,On-Time
2015,1,5,ATL,WN,-2,0,,On-Time
2015,1,5,ATL,DL,-2,0,,On-Time
2015,1,5,ATL,DL,-2,0,,On-Time
2015,1,5,ATL,DL,-2,0,,On-Time
2015,1,5,ATL,DL,-2,0,,On-Time
2015,1,5,ATL,DL,-2,0,,On-Time
2015,1,5,ATL,DL,-2,0,,On-Time
2015,1,5,ATL,DL,-2,0,,On-Time
2015,1,5,ATL,DL,-2,0,,On-Time
2015,1,5,ATL,DL,-2,0,,On-Time
2015,1,5,ATL,DL,-2,0,,On-Time
2015,1,5,ATL,DL,-2,0,,On-Time
2015,1,5,ATL,DL,-2,0,,On-Time
2015,1,5,ATL,DL,-2,0,,On-Time
2015,1,5,ATL,DL,-2,0,,On-Time
2015,1,5,ATL,DL,-2,0,,On-Time
2015,1,5,ATL,DL,-2,0,,On-Time
2015,1,5,ATL,DL,-2,0,,On-Time
2015,1,5,ATL,DL,-2,0,,On-Time
2015,1,5,ATL,DL,-2,0,,On-Time
2015,1,5,ATL,DL,-2,0,,On-Time
2015,1,5,ATL,DL,-2,0,,On-Time
2015,1,5,ATL,DL,-2,0,,On-Time
2015,1,5,ATL,DL,-2,0,,On-Time
2015,1,5,ATL,DL,-2,0,,On-Time
2015,1,5,ATL,DL,-2,0,,On-Time
2015,1,5,ATL,DL,-2,0,,On-Time
2015,1,5,ATL,DL,-2,0,,On-Time
2015,1,5,ATL,DL,-2,0,,On-Time
2015,1,5,ATL,DL,-2,0,,On-Time
2015,1,5,ATL,DL,-2,0,,On-Time
2015,1,5,ATL,DL,-2,0,,On-Time
2015,1,5,ATL,DL,-2,0,,On-Time
2015,1,5,ATL,DL,-2,0,,On-Time
2015,1,5,ATL,DL,-2,0,,On-Time
2015,1,5,ATL,DL,-2,0,,On-Time
2015,1,5,ATL,DL,-2,0,,On-Time
2015,1,5,ATL,DL,-2,0,,On-Time
2015,1,5,ATL,DL,-2,0,,On-Time
2015,1,5,ATL,DL,-2,0,,On-Time
2015,1,5,ATL,DL,-2,0,,On-Time
2015,1,5,ATL,DL,-2,0,,On-Time
2015,1,5,ATL,DL,-2,0,,On-Time
2015,1,5,ATL,DL,-2,0,,On-Time
2015,1,5,ATL,DL,-2,0,,On-Time
2015,1,5,ATL,DL,-2,0,,On-Time
2015,1,5,ATL,DL,-2,0,,On-Time
2015,1,5,ATL,DL,-2,0,,On-Time
2015,1,5,ATL,DL,-2,0,,On-Time
2015,1,5,ATL,DL,-2,0,,On-Time
2015,1,5,ATL,DL,-2,0,,On-Time
2015,1,5,ATL,DL,-2,0,,On-Time
2015,1,5,ATL,DL,-2,0,,On-Time
2015,1,5,ATL,DL,-2,0,,On-Time
2015,1,5,ATL,DL,-2,0,,On-Time
2015,1,5,ATL,DL,-2,0,,On-Time
2015,1,5,ATL,DL,-2,0,,On-Time
2015,1,5,ATL,DL,-2,0,,On-Time
2015,1,5,ATL,DL,-2,0,,On-Time
2015,1,5,ATL,DL,-2,0,,On-Time
2015,1,5,ATL,DL,-2,0,,On-Time
2015,1,4,ATL,DL,-2,0,,On-Time
2015,1,4,ATL,DL,-2,0,,On-Time
2015,1,4,ATL,DL,-2,0,,On-Time
2015,1,4,ATL,DL,-2,0,,On-Time
2015,1,4,ATL,DL,-2,0,,On-Time
2015,1,4,ATL,DL,-2,0,,On-Time
2015,1,4,ATL,DL,-2,0,,On-Time
2015,1,4,ATL,DL,-2,0,,On-Time
2015,1,4,ATL,DL,-2,0,,On-Time
2015,1,4,ATL,DL,-2,0,,On-Time
2015,1,4,ATL,DL,-2,0,,On-Time
2015,1,4,ATL,DL,-2,0,,On-Time
2015,1,4,ATL,DL,-2,0,,On-Time
2015,1,4,ATL,DL,-2,0,,On-Time
2015,1,4,ATL,DL,-2,0,,On-Time
2015,1,4,ATL,DL,-2,0,,On-Time
2015,1,4,ATL,DL,-2,0,,On-Time
2015,1,4,ATL,DL,-2,0,,On-Time
2015,1,4,ATL,DL,-2,0,,On-Time
2015,1,4,ATL,DL,-2,0,,On-Time
2015,1,4,ATL,DL,-2,0,,On-Time
2015,1,4,ATL,DL,-2,0,,On-Time
2015,1,4,ATL,DL,-2,0,,On-Time
2015,1,4,ATL,DL,-2,0,,On-Time
2015,1,4,ATL,DL,-2,0,,On-Time
2015,1,4,ATL,DL,-2,0,,On-Time
2015,1,4,ATL,DL,-2,0,,On-Time
2015,1,4,ATL,DL,-2,0,,On-Time
2015,1,4,ATL,DL,-2,0,,On-Time
2015,1,4,ATL,DL,-2,0,,On-Time
2015,1,4,ATL,DL,-2,0,,On-Time
2015,1,4,ATL,DL,-2,0,,On-Time
2015,1,4,ATL,DL,-2,0,,On-Time
2015,1,4,ATL,DL,-2,0,,On-Time
2015,1,4,ATL,DL,-2,0,,On-Time
2015,1,4,ATL,DL,-2,0,,On-Time
2015,1,4,ATL,DL,-2,0,,On-Time
2015,1,4,ATL,DL,-2,0,,On-Time
2015,1,4,ATL,DL,-2,0,,On-Time
2015,1,4,ATL,DL,-2,0,,On-Time
2015,1,4,ATL,DL,-2,0,,On-Time
2015,1,4,ATL,DL,-2,0,,On-Time
2015,1,4,ATL,DL,-2,0,,On-Time
2015,1,4,ATL,DL,-2,0,,On-Time
2015,1,4,ATL,DL,-2,0,,On-Time
2015,1,4,ATL,DL,-2,0,,On-Time
2015,1,4,ATL,DL,-2,0,,On-Time
2015,1,4,ATL,DL,-2,0,,On-Time
2015,1,4,ATL,DL,-2,0,,On-Time
2015,1,4,ATL,DL,-2,0,,On-Time
2015,1,4,ATL,DL,-2,0,,On-Time
2015,1,4,ATL,DL,-2,0,,On-Time
2015,1,4,ATL,DL,-2,0,,On-Time
2015,1,4,ATL,DL,-2,0,,On-Time
2015,1,4,ATL,DL,-2,0,,On-Time
2015,1,4,ATL,DL,-2,0,,On-Time
2015,1,4,ATL,DL,-2,0,,On-Time
2015,1,4,ATL,DL,-2,0,,On-Time
2015,1,4,ATL,DL,-2,0,,On-Time
2015,1,4,ATL,DL,-2,0,,On-Time
2015,1,4,ATL,DL,-2,0,,On-Time
2015,1,4,ATL,DL,-2,0,,On-Time
2015,1,4,ATL,DL,-2,0,,On-Time
2015,1,4,ATL,DL,-2,0,,On-Time
2015,1,4,ATL,DL,-2,0,,On-Time
2015,1,4,ATL,DL,-2,0,,On-Time
2015,1,4,ATL,DL,-2,0,,On-Time
2015,1,4,ATL,DL,-2,0,,On-Time
2015,1,4,ATL,DL,-2,0,,On-Time
2015,1,4,ATL,DL,-2,0,,On-Time
2015,1,4,ATL,DL,-2,0,,On-Time
2015,1,4,ATL,DL,-2,0,,On-Time
2015,1,4,ATL,DL,-2,0,,On-Time
2015,1,4,ATL,DL,-2,0,,On-Time
2015,1,4,ATL,DL,-2,0,,On-Time
2015,1,4,ATL,DL,-2,0,,On-Time
2015,1,4,ATL,DL,-2,0,,On-Time
2015,1,4,ATL,DL,-2,0,,On-Time
2015,1,4,ATL,DL,-2,0,,On-Time
2015,1,4,ATL,DL,-2,0,,On-Time
2015,1,4,ATL,DL,-2,0,,On-Time
2015,1,4,ATL,DL,-2,0,,On-Time
2015,1,4,LAS,NK,-1,0,,On-Time
2015,1,4,PHX,NK,-1,0,,On-Time
2015,1,4,ORD,US,-1,0,,On-Time
2015,1,4,LAX,AA,-1,0,,On-Time
2015,1,4,LAX,AA,-1,0,,On-Time
2015,1,4,LAX,US,-1,0,,On-Time
2015,1,4,LAX,AS,-1,0,,On-Time
2015,1,4,LAS,VX,-1,0,,On-Time
2015,1,4,LAS,AS,-1,0,,On-Time
2015,1,4,DFW,AA,-1,0,,On-Time
2015,1,4,LAX,US,-1,0,,On-Time
2015,1,4,LAS,WN,-1,0,,On-Time
2015,1,4,PHX,WN,-1,0,,On-Time
2015,1,4,DFW,AA,-1,0,,On-Time
2015,1,4,DFW,AA,-1,0,,On-Time
2015,1,4,SFO,VX,-1,0,,On-Time
2015,1,4,LAX,AA,-1,0,,On-Time
2015,1,4,LAX,AA,-1,0,,On-Time
2015,1,4,LAX,AA,-1,0,,On-Time
2015,1,4,LAX,B6,-1,0,,On-Time
2015,1,4,ORD,NK,-1,0,,On-Time
2015,1,4,DEN,WN,-1,0,,On-Time
2015,1,4,LAX,AS,-1,0,,On-Time
2015,1,4,PHX,US,-1,0,,On-Time
2015,1,4,LAX,AA,-1,0,,On-Time
2015,1,4,LAX,AA,-1,0,,On-Time
2015,1,4,LAS,WN,-1,0,,On-Time
2015,1,4,ORD,AA,-1,0,,On-Time
2015,1,4,PHX,US,-1,0,,On-Time
2015,1,4,PHX,US,-1,0,,On-Time
2015,1,4,ORD,MQ,-1,0,,On-Time
2015,1,4,PHX,US,-1,0,,On-Time
2015,1,4,PHX,WN,-1,0,,On-Time
2015,1,4,MSP,US,-1,0,,On-Time
2015,1,4,PHX,WN,-1,0,,On-Time
2015,1,4,DFW,AA,-1,0,,On-Time
2015,1,4,PHX,US,-1,0,,On-Time
2015,1,4,PHX,WN,-1,0,,On-Time
2015,1,4,ORD,NK,-1,0,,On-Time
2015,1,4,LAS,AS,-1,0,,On-Time
2015,1,4,PHX,AA,-1,0,,On-Time
2015,1,4,LAX,WN,-1,0,,On-Time
2015,1,4,DFW,AA,-1,0,,On-Time
2015,1,4,LAS,WN,-1,0,,On-Time
2015,1,4,ORD,MQ,-1,0,,On-Time
2015,1,4,MSP,WN,-1,0,,On-Time
2015,1,4,DFW,AA,-1,0,,On-Time
2015,1,4,LAX,WN,-1,0,,On-Time
2015,1,4,LAX,AA,-1,0,,On-Time
2015,1,4,LAX,VX,-1,0,,On-Time
2015,1,4,SFO,WN,-1,0,,On-Time
2015,1,4,LAX,VX,-1,0,,On-Time
2015,1,4,DFW,AA,-1,0,,On-Time
2015,1,4,SFO,WN,-1,0,,On-Time
2015,1,4,ORD,US,-1,0,,On-Time
2015,1,4,LAS,NK,-1,0,,On-Time
2015,1,4,DFW,NK,-1,0,,On-Time
2015,1,4,IAH,AA,-1,0,,On-Time
2015,1,4,SFO,WN,-1,0,,On-Time
2015,1,4,DFW,AA,-1,0,,On-Time
2015,1,4,DFW,AA,-1,0,,On-Time
2015,1,4,LAS,WN,-1,0,,On-Time
2015,1,4,ATL,WN,-1,0,,On-Time
2015,1,4,DFW,AA,-1,0,,On-Time
2015,1,4,LAS,VX,-1,0,,On-Time
2015,1,4,DFW,AA,-1,0,,On-Time
2015,1,4,PHX,US,-1,0,,On-Time
2015,1,4,DFW,AA,-1,0,,On-Time
2015,1,4,DFW,AA,-1,0,,On-Time
2015,1,4,DFW,AA,-1,0,,On-Time
2015,1,4,LAS,B6,-1,0,,On-Time
2015,1,4,DEN,WN,-1,0,,On-Time
2015,1,4,PHX,WN,-1,0,,On-Time
2015,1,4,SFO,WN,-1,0,,On-Time
2015,1,4,PHX,WN,-1,0,,On-Time
2015,1,4,IAH,NK,-1,0,,On-Time
2015,1,4,IAH,NK,-1,0,,On-Time
2015,1,4,DFW,MQ,-1,0,,On-Time
2015,1,4,MSP,US,-1,0,,On-Time
2015,1,4,ORD,MQ,-1,0,,On-Time
2015,1,4,DFW,MQ,-1,0,,On-Time
2015,1,4,IAH,US,-1,0,,On-Time
2015,1,4,SFO,VX,-1,0,,On-Time
2015,1,4,PHX,US,-1,0,,On-Time
2015,1,4,ATL,WN,-1,0,,On-Time
2015,1,4,LAS,WN,-1,0,,On-Time
2015,1,4,SFO,VX,-1,0,,On-Time
2015,1,4,ATL,WN,-1,0,,On-Time
2015,1,4,LAS,WN,-1,0,,On-Time
2015,1,4,ATL,WN,-1,0,,On-Time
2015,1,4,LAS,WN,-1,0,,On-Time
2015,1,4,ORD,AA,-1,0,,On-Time
2015,1,4,LAS,NK,-1,0,,On-Time
2015,1,4,IAH,US,-1,0,,On-Time
2015,1,4,DEN,F9,-1,0,,On-Time
2015,1,4,PHX,US,-1,0,,On-Time
2015,1,4,ORD,MQ,-1,0,,On-Time
2015,1,4,PHX,US,-1,0,,On-Time
2015,1,4,DFW,AA,-1,0,,On-Time
2015,1,4,PHX,US,-1,0,,On-Time
2015,1,4,LAS,WN,-1,0,,On-Time
2015,1,4,LAX,WN,-1,0,,On-Time
2015,1,4,ORD,VX,-1,0,,On-Time
2015,1,4,ORD,AA,-1,0,,On-Time
2015,1,4,ORD,MQ,-1,0,,On-Time
2015,1,4,LAX,WN,-1,0,,On-Time
2015,1,4,LAX,AA,-1,0,,On-Time
2015,1,4,LAS,WN,-1,0,,On-Time
2015,1,4,DFW,US,-1,0,,On-Time
2015,1,4,PHX,US,-1,0,,On-Time
2015,1,4,ATL,AA,-1,0,,On-Time
2015,1,4,LAX,AA,-1,0,,On-Time
2015,1,4,SFO,VX,-1,0,,On-Time
2015,1,4,DEN,F9,-1,0,,On-Time
2015,1,4,DFW,AA,-1,0,,On-Time
2015,1,4,ATL,WN,-1,0,,On-Time
2015,1,4,ORD,AA,-1,0,,On-Time
2015,1,4,SFO,B6,-1,0,,On-Time
2015,1,4,ORD,MQ,-1,0,,On-Time
2015,1,4,LAX,VX,-1,0,,On-Time
2015,1,4,MSP,WN,-1,0,,On-Time
2015,1,4,SFO,VX,-1,0,,On-Time
2015,1,4,PHX,US,-1,0,,On-Time
2015,1,4,ORD,AA,-1,0,,On-Time
2015,1,4,PHX,US,-1,0,,On-Time
2015,1,4,PHX,US,-1,0,,On-Time
2015,1,4,DFW,US,-1,0,,On-Time
2015,1,4,DFW,AA,-1,0,,On-Time
2015,1,4,ORD,F9,-1,0,,On-Time
2015,1,4,SFO,B6,-1,0,,On-Time
2015,1,4,LAS,AA,-1,0,,On-Time
2015,1,4,SFO,US,-1,0,,On-Time
2015,1,4,LAS,US,-1,0,,On-Time
2015,1,4,LAS,B6,-1,0,,On-Time
2015,1,4,LAX,VX,-1,0,,On-Time
2015,1,5,LAS,F9,-1,0,,On-Time
2015,1,5,ORD,US,-1,0,,On-Time
2015,1,5,LAX,WN,-1,0,,On-Time
2015,1,5,LAX,AS,-1,0,,On-Time
2015,1,5,SFO,F9,-1,0,,On-Time
2015,1,5,DFW,NK,-1,0,,On-Time
2015,1,5,PHX,US,-1,0,,On-Time
2015,1,5,LAX,WN,-1,0,,On-Time
2015,1,5,DFW,AA,-1,0,,On-Time
2015,1,5,LAS,WN,-1,0,,On-Time
2015,1,5,DFW,AA,-1,0,,On-Time
2015,1,5,DFW,NK,-1,0,,On-Time
2015,1,5,DEN,WN,-1,0,,On-Time
2015,1,5,DEN,WN,-1,0,,On-Time
2015,1,5,MSP,AA,-1,0,,On-Time
2015,1,5,LAS,WN,-1,0,,On-Time
2015,1,5,DFW,AA,-1,0,,On-Time
2015,1,5,LAX,B6,-1,0,,On-Time
2015,1,5,DFW,NK,-1,0,,On-Time
2015,1,5,LAX,VX,-1,0,,On-Time
2015,1,5,ORD,MQ,-1,0,,On-Time
2015,1,5,SFO,VX,-1,0,,On-Time
2015,1,5,PHX,HA,-1,0,,On-Time
2015,1,5,LAS,WN,-1,0,,On-Time
2015,1,5,LAX,AA,-1,0,,On-Time
2015,1,5,DFW,MQ,-1,0,,On-Time
2015,1,5,ATL,WN,-1,0,,On-Time
2015,1,5,ORD,AA,-1,0,,On-Time
2015,1,5,DFW,MQ,-1,0,,On-Time
2015,1,5,DFW,AA,-1,0,,On-Time
2015,1,5,LAX,VX,-1,0,,On-Time
2015,1,5,LAX,AA,-1,0,,On-Time
2015,1,5,DFW,AA,-1,0,,On-Time
2015,1,5,LAX,WN,-1,0,,On-Time
2015,1,5,ATL,AA,-1,0,,On-Time
2015,1,5,LAX,AA,-1,0,,On-Time
2015,1,5,DFW,AA,-1,0,,On-Time
2015,1,5,DFW,MQ,-1,0,,On-Time
2015,1,5,ORD,AS,-1,0,,On-Time
2015,1,5,ORD,NK,-1,0,,On-Time
2015,1,5,LAS,F9,-1,0,,On-Time
2015,1,5,PHX,US,-1,0,,On-Time
2015,1,5,PHX,US,-1,0,,On-Time
2015,1,5,PHX,US,-1,0,,On-Time
2015,1,5,LAS,WN,-1,0,,On-Time
2015,1,5,PHX,US,-1,0,,On-Time
2015,1,5,DEN,WN,-1,0,,On-Time
2015,1,5,ORD,MQ,-1,0,,On-Time
2015,1,5,PHX,WN,-1,0,,On-Time
2015,1,5,LAS,WN,-1,0,,On-Time
2015,1,5,DEN,WN,-1,0,,On-Time
2015,1,5,ORD,AA,-1,0,,On-Time
2015,1,5,DFW,MQ,-1,0,,On-Time
2015,1,5,DFW,AA,-1,0,,On-Time
2015,1,5,DFW,AA,-1,0,,On-Time
2015,1,5,ORD,US,-1,0,,On-Time
2015,1,5,LAX,WN,-1,0,,On-Time
2015,1,5,LAX,US,-1,0,,On-Time
2015,1,5,MSP,US,-1,0,,On-Time
2015,1,5,PHX,US,-1,0,,On-Time
2015,1,5,SFO,WN,-1,0,,On-Time
2015,1,5,ORD,MQ,-1,0,,On-Time
2015,1,5,DFW,AA,-1,0,,On-Time
2015,1,5,DEN,WN,-1,0,,On-Time
2015,1,5,MSP,MQ,-1,0,,On-Time
2015,1,5,PHX,WN,-1,0,,On-Time
2015,1,5,SFO,B6,-1,0,,On-Time
2015,1,5,ORD,AA,-1,0,,On-Time
2015,1,5,ORD,AA,-1,0,,On-Time
2015,1,5,DFW,AA,-1,0,,On-Time
2015,1,5,DFW,MQ,-1,0,,On-Time
2015,1,5,ORD,MQ,-1,0,,On-Time
2015,1,5,LAX,AA,-1,0,,On-Time
2015,1,5,SFO,AS,-1,0,,On-Time
2015,1,5,ORD,MQ,-1,0,,On-Time
2015,1,5,LAX,US,-1,0,,On-Time
2015,1,5,ORD,MQ,-1,0,,On-Time
2015,1,5,PHX,US,-1,0,,On-Time
2015,1,5,ATL,AA,-1,0,,On-Time
2015,1,5,DFW,AA,-1,0,,On-Time
2015,1,5,MSP,AA,-1,0,,On-Time
2015,1,5,ATL,US,-1,0,,On-Time
2015,1,5,ORD,US,-1,0,,On-Time
2015,1,5,DFW,MQ,-1,0,,On-Time
2015,1,5,PHX,US,-1,0,,On-Time
2015,1,5,PHX,US,-1,0,,On-Time
2015,1,5,ATL,WN,-1,0,,On-Time
2015,1,5,PHX,US,-1,0,,On-Time
2015,1,5,ORD,MQ,-1,0,,On-Time
2015,1,5,ORD,MQ,-1,0,,On-Time
2015,1,5,ORD,MQ,-1,0,,On-Time
2015,1,5,ORD,MQ,-1,0,,On-Time
2015,1,5,DEN,WN,-1,0,,On-Time
2015,1,5,DEN,F9,-1,0,,On-Time
2015,1,5,LAS,WN,-1,0,,On-Time
2015,1,5,PHX,US,-1,0,,On-Time
2015,1,5,DFW,MQ,-1,0,,On-Time
2015,1,5,DFW,AA,-1,0,,On-Time
2015,1,5,ORD,MQ,-1,0,,On-Time
2015,1,5,PHX,US,-1,0,,On-Time
2015,1,5,DEN,WN,-1,0,,On-Time
2015,1,5,PHX,US,-1,0,,On-Time
2015,1,5,DFW,MQ,-1,0,,On-Time
2015,1,5,LAX,AA,-1,0,,On-Time
2015,1,5,DEN,F9,-1,0,,On-Time
2015,1,5,LAX,VX,-1,0,,On-Time
2015,1,5,DFW,AA,-1,0,,On-Time
2015,1,5,PHX,US,-1,0,,On-Time
2015,1,5,ORD,MQ,-1,0,,On-Time
2015,1,5,LAX,AA,-1,0,,On-Time
2015,1,5,LAX,VX,-1,0,,On-Time
2015,1,5,ORD,F9,-1,0,,On-Time
2015,1,5,DFW,MQ,-1,0,,On-Time
2015,1,4,MSP,OO,-1,0,,On-Time
2015,1,4,ORD,OO,-1,0,,On-Time
2015,1,4,LAX,OO,-1,0,,On-Time
2015,1,4,PHX,OO,-1,0,,On-Time
2015,1,4,ORD,OO,-1,0,,On-Time
2015,1,4,SFO,OO,-1,0,,On-Time
2015,1,4,LAS,OO,-1,0,,On-Time
2015,1,4,IAH,OO,-1,0,,On-Time
2015,1,4,PHX,OO,-1,0,,On-Time
2015,1,4,LAX,OO,-1,0,,On-Time
2015,1,4,LAX,OO,-1,0,,On-Time
2015,1,4,SFO,OO,-1,0,,On-Time
2015,1,4,DFW,OO,-1,0,,On-Time
2015,1,4,LAX,OO,-1,0,,On-Time
2015,1,4,SFO,OO,-1,0,,On-Time
2015,1,4,IAH,OO,-1,0,,On-Time
2015,1,4,ORD,OO,-1,0,,On-Time
2015,1,4,LAX,OO,-1,0,,On-Time
2015,1,4,PHX,OO,-1,0,,On-Time
2015,1,4,ORD,OO,-1,0,,On-Time
2015,1,4,LAX,OO,-1,0,,On-Time
2015,1,4,PHX,OO,-1,0,,On-Time
2015,1,4,PHX,OO,-1,0,,On-Time
2015,1,4,PHX,OO,-1,0,,On-Time
2015,1,4,LAX,OO,-1,0,,On-Time
2015,1,4,SFO,OO,-1,0,,On-Time
2015,1,4,LAX,OO,-1,0,,On-Time
2015,1,4,MSP,OO,-1,0,,On-Time
2015,1,4,SFO,OO,-1,0,,On-Time
2015,1,4,IAH,OO,-1,0,,On-Time
2015,1,4,ORD,OO,-1,0,,On-Time
2015,1,4,ORD,OO,-1,0,,On-Time
2015,1,4,LAX,OO,-1,0,,On-Time
2015,1,4,LAX,OO,-1,0,,On-Time
2015,1,4,SFO,OO,-1,0,,On-Time
2015,1,4,ORD,OO,-1,0,,On-Time
2015,1,4,SFO,OO,-1,0,,On-Time
2015,1,4,SFO,OO,-1,0,,On-Time
2015,1,5,ORD,OO,-1,0,,On-Time
2015,1,5,ORD,OO,-1,0,,On-Time
2015,1,5,LAX,OO,-1,0,,On-Time
2015,1,5,ORD,OO,-1,0,,On-Time
2015,1,5,SFO,OO,-1,0,,On-Time
2015,1,5,LAX,OO,-1,0,,On-Time
2015,1,5,MSP,OO,-1,0,,On-Time
2015,1,5,MSP,OO,-1,0,,On-Time
2015,1,5,DEN,OO,-1,0,,On-Time
2015,1,5,SFO,OO,-1,0,,On-Time
2015,1,5,PHX,OO,-1,0,,On-Time
2015,1,5,SFO,OO,-1,0,,On-Time
2015,1,5,SFO,OO,-1,0,,On-Time
2015,1,5,DEN,OO,-1,0,,On-Time
2015,1,5,MSP,OO,-1,0,,On-Time
2015,1,5,LAX,OO,-1,0,,On-Time
2015,1,5,ORD,OO,-1,0,,On-Time
2015,1,5,ORD,OO,-1,0,,On-Time
2015,1,5,DEN,OO,-1,0,,On-Time
2015,1,5,MSP,OO,-1,0,,On-Time
2015,1,5,MSP,OO,-1,0,,On-Time
2015,1,5,MSP,OO,-1,0,,On-Time
2015,1,5,LAX,OO,-1,0,,On-Time
2015,1,5,DEN,OO,-1,0,,On-Time
2015,1,5,SFO,OO,-1,0,,On-Time
2015,1,5,SFO,OO,-1,0,,On-Time
2015,1,5,SFO,OO,-1,0,,On-Time
2015,1,4,LAS,UA,-1,0,,On-Time
2015,1,4,DFW,UA,-1,0,,On-Time
2015,1,4,SFO,UA,-1,0,,On-Time
2015,1,4,IAH,UA,-1,0,,On-Time
2015,1,4,IAH,UA,-1,0,,On-Time
2015,1,4,DEN,UA,-1,0,,On-Time
2015,1,4,LAX,UA,-1,0,,On-Time
2015,1,4,SFO,UA,-1,0,,On-Time
2015,1,4,SFO,UA,-1,0,,On-Time
2015,1,4,IAH,UA,-1,0,,On-Time
2015,1,4,LAX,UA,-1,0,,On-Time
2015,1,4,IAH,UA,-1,0,,On-Time
2015,1,4,DFW,UA,-1,0,,On-Time
2015,1,4,LAX,UA,-1,0,,On-Time
2015,1,4,ORD,UA,-1,0,,On-Time
2015,1,4,IAH,UA,-1,0,,On-Time
2015,1,4,SFO,UA,-1,0,,On-Time
2015,1,4,IAH,UA,-1,0,,On-Time
2015,1,4,IAH,UA,-1,0,,On-Time
2015,1,4,LAX,UA,-1,0,,On-Time
2015,1,4,IAH,UA,-1,0,,On-Time
2015,1,4,SFO,UA,-1,0,,On-Time
2015,1,4,SFO,UA,-1,0,,On-Time
2015,1,4,LAX,UA,-1,0,,On-Time
2015,1,4,ORD,UA,-1,0,,On-Time
2015,1,4,SFO,UA,-1,0,,On-Time
2015,1,4,IAH,UA,-1,0,,On-Time
2015,1,4,LAX,UA,-1,0,,On-Time
2015,1,4,IAH,UA,-1,0,,On-Time
2015,1,4,DEN,UA,-1,0,,On-Time
2015,1,4,ORD,UA,-1,0,,On-Time
2015,1,4,DEN,UA,-1,0,,On-Time
2015,1,4,LAX,UA,-1,0,,On-Time
2015,1,4,LAX,UA,-1,0,,On-Time
2015,1,4,IAH,UA,-1,0,,On-Time
2015,1,4,LAX,UA,-1,0,,On-Time
2015,1,4,ORD,UA,-1,0,,On-Time
2015,1,4,DFW,UA,-1,0,,On-Time
2015,1,4,LAX,UA,-1,0,,On-Time
2015,1,4,LAX,UA,-1,0,,On-Time
2015,1,5,IAH,UA,-1,0,,On-Time
2015,1,5,ORD,UA,-1,0,,On-Time
2015,1,5,DEN,UA,-1,0,,On-Time
2015,1,5,ORD,UA,-1,0,,On-Time
2015,1,5,LAX,UA,-1,0,,On-Time
2015,1,5,SFO,UA,-1,0,,On-Time
2015,1,5,SFO,UA,-1,0,,On-Time
2015,1,5,IAH,UA,-1,0,,On-Time
2015,1,5,ORD,UA,-1,0,,On-Time
2015,1,5,SFO,UA,-1,0,,On-Time
2015,1,5,IAH,UA,-1,0,,On-Time
2015,1,5,DEN,UA,-1,0,,On-Time
2015,1,5,SFO,UA,-1,0,,On-Time
2015,1,5,SFO,UA,-1,0,,On-Time
2015,1,5,ORD,UA,-1,0,,On-Time
2015,1,5,IAH,UA,-1,0,,On-Time
2015,1,5,IAH,UA,-1,0,,On-Time
2015,1,5,LAX,UA,-1,0,,On-Time
2015,1,5,PHX,UA,-1,0,,On-Time
2015,1,5,IAH,UA,-1,0,,On-Time
2015,1,5,SFO,UA,-1,0,,On-Time
2015,1,5,ORD,UA,-1,0,,On-Time
2015,1,5,SFO,UA,-1,0,,On-Time
2015,1,5,IAH,UA,-1,0,,On-Time
2015,1,5,SFO,UA,-1,0,,On-Time
2015,1,5,SFO,UA,-1,0,,On-Time
2015,1,5,ORD,UA,-1,0,,On-Time
2015,1,5,ORD,UA,-1,0,,On-Time
2015,1,5,SFO,UA,-1,0,,On-Time
2015,1,4,ORD,EV,-1,0,,On-Time
2015,1,4,DFW,EV,-1,0,,On-Time
2015,1,4,IAH,EV,-1,0,,On-Time
2015,1,4,IAH,EV,-1,0,,On-Time
2015,1,4,IAH,EV,-1,0,,On-Time
2015,1,4,ATL,EV,-1,0,,On-Time
2015,1,4,ATL,EV,-1,0,,On-Time
2015,1,4,ATL,EV,-1,0,,On-Time
2015,1,4,IAH,EV,-1,0,,On-Time
2015,1,4,IAH,EV,-1,0,,On-Time
2015,1,4,IAH,EV,-1,0,,On-Time
2015,1,4,MSP,EV,-1,0,,On-Time
2015,1,4,ORD,EV,-1,0,,On-Time
2015,1,4,ATL,EV,-1,0,,On-Time
2015,1,4,IAH,EV,-1,0,,On-Time
2015,1,4,IAH,EV,-1,0,,On-Time
2015,1,4,DFW,EV,-1,0,,On-Time
2015,1,4,ORD,EV,-1,0,,On-Time
2015,1,4,ORD,EV,-1,0,,On-Time
2015,1,4,ATL,EV,-1,0,,On-Time
2015,1,4,ORD,EV,-1,0,,On-Time
2015,1,4,IAH,EV,-1,0,,On-Time
2015,1,4,IAH,EV,-1,0,,On-Time
2015,1,4,IAH,EV,-1,0,,On-Time
2015,1,4,IAH,EV,-1,0,,On-Time
2015,1,4,ATL,EV,-1,0,,On-Time
2015,1,4,IAH,EV,-1,0,,On-Time
2015,1,4,DFW,EV,-1,0,,On-Time
2015,1,4,IAH,EV,-1,0,,On-Time
2015,1,4,IAH,EV,-1,0,,On-Time
2015,1,4,ORD,EV,-1,0,,On-Time
2015,1,4,ORD,EV,-1,0,,On-Time
2015,1,4,ORD,EV,-1,0,,On-Time
2015,1,4,ATL,EV,-1,0,,On-Time
2015,1,4,IAH,EV,-1,0,,On-Time
2015,1,4,IAH,EV,-1,0,,On-Time
2015,1,4,IAH,EV,-1,0,,On-Time
2015,1,4,IAH,EV,-1,0,,On-Time
2015,1,4,ATL,EV,-1,0,,On-Time
2015,1,4,IAH,EV,-1,0,,On-Time
2015,1,4,IAH,EV,-1,0,,On-Time
2015,1,5,IAH,EV,-1,0,,On-Time
2015,1,5,ORD,EV,-1,0,,On-Time
2015,1,5,ATL,EV,-1,0,,On-Time
2015,1,5,IAH,EV,-1,0,,On-Time
2015,1,5,IAH,EV,-1,0,,On-Time
2015,1,5,ATL,EV,-1,0,,On-Time
2015,1,5,IAH,EV,-1,0,,On-Time
2015,1,5,ORD,EV,-1,0,,On-Time
2015,1,5,IAH,EV,-1,0,,On-Time
2015,1,5,IAH,EV,-1,0,,On-Time
2015,1,5,IAH,EV,-1,0,,On-Time
2015,1,5,ATL,EV,-1,0,,On-Time
2015,1,5,IAH,EV,-1,0,,On-Time
2015,1,5,IAH,EV,-1,0,,On-Time
2015,1,5,ATL,EV,-1,0,,On-Time
2015,1,5,ATL,EV,-1,0,,On-Time
2015,1,5,ATL,EV,-1,0,,On-Time
2015,1,5,DEN,EV,-1,0,,On-Time
2015,1,5,IAH,EV,-1,0,,On-Time
2015,1,5,IAH,EV,-1,0,,On-Time
2015,1,5,ORD,EV,-1,0,,On-Time
2015,1,5,ORD,EV,-1,0,,On-Time
2015,1,5,IAH,EV,-1,0,,On-Time
2015,1,5,IAH,EV,-1,0,,On-Time
2015,1,5,ORD,EV,-1,0,,On-Time
2015,1,5,ATL,EV,-1,0,,On-Time
2015,1,5,IAH,EV,-1,0,,On-Time
2015,1,5,IAH,EV,-1,0,,On-Time
2015,1,5,ATL,EV,-1,0,,On-Time
2015,1,5,IAH,EV,-1,0,,On-Time
2015,1,5,IAH,EV,-1,0,,On-Time
2015,1,5,ATL,EV,-1,0,,On-Time
2015,1,5,ATL,EV,-1,0,,On-Time
2015,1,5,ORD,EV,-1,0,,On-Time
2015,1,5,DFW,EV,-1,0,,On-Time
2015,1,5,ATL,EV,-1,0,,On-Time
2015,1,5,ORD,EV,-1,0,,On-Time
2015,1,5,IAH,EV,-1,0,,On-Time
2015,1,5,ATL,EV,-1,0,,On-Time
2015,1,5,ORD,EV,-1,0,,On-Time
2015,1,4,LAX,DL,-1,0,,On-Time
2015,1,4,LAS,DL,-1,0,,On-Time
2015,1,4,SFO,DL,-1,0,,On-Time
2015,1,4,MSP,DL,-1,0,,On-Time
2015,1,4,MSP,DL,-1,0,,On-Time
2015,1,4,MSP,DL,-1,0,,On-Time
2015,1,4,MSP,DL,-1,0,,On-Time
2015,1,4,MSP,DL,-1,0,,On-Time
2015,1,4,DFW,DL,-1,0,,On-Time
2015,1,4,LAX,DL,-1,0,,On-Time
2015,1,4,MSP,DL,-1,0,,On-Time
2015,1,4,MSP,DL,-1,0,,On-Time
2015,1,4,LAX,DL,-1,0,,On-Time
2015,1,4,MSP,DL,-1,0,,On-Time
2015,1,4,DFW,DL,-1,0,,On-Time
2015,1,4,MSP,DL,-1,0,,On-Time
2015,1,4,LAX,DL,-1,0,,On-Time
2015,1,4,MSP,DL,-1,0,,On-Time
2015,1,4,ORD,DL,-1,0,,On-Time
2015,1,4,LAS,DL,-1,0,,On-Time
2015,1,4,MSP,DL,-1,0,,On-Time
2015,1,4,LAS,DL,-1,0,,On-Time
2015,1,4,LAX,DL,-1,0,,On-Time
2015,1,4,MSP,DL,-1,0,,On-Time
2015,1,4,MSP,DL,-1,0,,On-Time
2015,1,4,MSP,DL,-1,0,,On-Time
2015,1,5,DFW,DL,-1,0,,On-Time
2015,1,5,LAX,DL,-1,0,,On-Time
2015,1,5,PHX,DL,-1,0,,On-Time
2015,1,5,LAS,DL,-1,0,,On-Time
2015,1,5,MSP,DL,-1,0,,On-Time
2015,1,5,MSP,DL,-1,0,,On-Time
2015,1,5,MSP,DL,-1,0,,On-Time
2015,1,5,MSP,DL,-1,0,,On-Time
2015,1,5,SFO,DL,-1,0,,On-Time
2015,1,5,MSP,DL,-1,0,,On-Time
2015,1,5,LAX,DL,-1,0,,On-Time
2015,1,5,MSP,DL,-1,0,,On-Time
2015,1,5,MSP,DL,-1,0,,On-Time
2015,1,5,MSP,DL,-1,0,,On-Time
2015,1,5,MSP,DL,-1,0,,On-Time
2015,1,5,MSP,DL,-1,0,,On-Time
2015,1,5,ORD,DL,-1,0,,On-Time
2015,1,5,MSP,DL,-1,0,,On-Time
2015,1,5,LAX,DL,-1,0,,On-Time
2015,1,5,MSP,DL,-1,0,,On-Time
2015,1,5,MSP,DL,-1,0,,On-Time
2015,1,5,MSP,DL,-1,0,,On-Time
2015,1,5,DEN,DL,-1,0,,On-Time
2015,1,5,LAS,DL,-1,0,,On-Time
2015,1,5,MSP,DL,-1,0,,On-Time
2015,1,5,MSP,DL,-1,0,,On-Time
2015,1,5,MSP,DL,-1,0,,On-Time
2015,1,5,LAX,DL,-1,0,,On-Time
2015,1,5,ATL,DL,-1,0,,On-Time
2015,1,5,ATL,DL,-1,0,,On-Time
2015,1,5,ATL,DL,-1,0,,On-Time
2015,1,5,ATL,DL,-1,0,,On-Time
2015,1,5,ATL,DL,-1,0,,On-Time
2015,1,5,ATL,DL,-1,0,,On-Time
2015,1,5,ATL,DL,-1,0,,On-Time
2015,1,5,ATL,DL,-1,0,,On-Time
2015,1,5,ATL,DL,-1,0,,On-Time
2015,1,5,ATL,DL,-1,0,,On-Time
2015,1,5,ATL,DL,-1,0,,On-Time
2015,1,5,ATL,DL,-1,0,,On-Time
2015,1,5,ATL,DL,-1,0,,On-Time
2015,1,5,ATL,DL,-1,0,,On-Time
2015,1,5,ATL,DL,-1,0,,On-Time
2015,1,5,ATL,DL,-1,0,,On-Time
2015,1,5,ATL,DL,-1,0,,On-Time
2015,1,5,ATL,DL,-1,0,,On-Time
2015,1,5,ATL,DL,-1,0,,On-Time
2015,1,5,ATL,DL,-1,0,,On-Time
2015,1,5,ATL,DL,-1,0,,On-Time
2015,1,5,ATL,DL,-1,0,,On-Time
2015,1,5,ATL,DL,-1,0,,On-Time
2015,1,5,ATL,DL,-1,0,,On-Time
2015,1,5,ATL,DL,-1,0,,On-Time
2015,1,5,ATL,DL,-1,0,,On-Time
2015,1,5,ATL,DL,-1,0,,On-Time
2015,1,5,ATL,DL,-1,0,,On-Time
2015,1,5,ATL,DL,-1,0,,On-Time
2015,1,5,ATL,DL,-1,0,,On-Time
2015,1,5,ATL,DL,-1,0,,On-Time
2015,1,5,ATL,DL,-1,0,,On-Time
2015,1,5,ATL,DL,-1,0,,On-Time
2015,1,5,ATL,DL,-1,0,,On-Time
2015,1,5,ATL,DL,-1,0,,On-Time
2015,1,5,ATL,DL,-1,0,,On-Time
2015,1,5,ATL,DL,-1,0,,On-Time
2015,1,5,ATL,DL,-1,0,,On-Time
2015,1,5,ATL,DL,-1,0,,On-Time
2015,1,5,ATL,DL,-1,0,,On-Time
2015,1,5,ATL,DL,-1,0,,On-Time
2015,1,5,ATL,DL,-1,0,,On-Time
2015,1,5,ATL,DL,-1,0,,On-Time
2015,1,5,ATL,DL,-1,0,,On-Time
2015,1,5,ATL,DL,-1,0,,On-Time
2015,1,5,ATL,DL,-1,0,,On-Time
2015,1,5,ATL,DL,-1,0,,On-Time
2015,1,5,ATL,DL,-1,0,,On-Time
2015,1,5,ATL,DL,-1,0,,On-Time
2015,1,5,ATL,DL,-1,0,,On-Time
2015,1,5,ATL,DL,-1,0,,On-Time
2015,1,5,ATL,DL,-1,0,,On-Time
2015,1,5,ATL,DL,-1,0,,On-Time
2015,1,5,ATL,DL,-1,0,,On-Time
2015,1,5,ATL,DL,-1,0,,On-Time
2015,1,5,ATL,DL,-1,0,,On-Time
2015,1,5,ATL,DL,-1,0,,On-Time
2015,1,5,ATL,DL,-1,0,,On-Time
2015,1,5,ATL,DL,-1,0,,On-Time
2015,1,4,ATL,DL,-1,0,,On-Time
2015,1,4,ATL,DL,-1,0,,On-Time
2015,1,4,ATL,DL,-1,0,,On-Time
2015,1,4,ATL,DL,-1,0,,On-Time
2015,1,4,ATL,DL,-1,0,,On-Time
2015,1,4,ATL,DL,-1,0,,On-Time
2015,1,4,ATL,DL,-1,0,,On-Time
2015,1,4,ATL,DL,-1,0,,On-Time
2015,1,4,ATL,DL,-1,0,,On-Time
2015,1,4,ATL,DL,-1,0,,On-Time
2015,1,4,ATL,DL,-1,0,,On-Time
2015,1,4,ATL,DL,-1,0,,On-Time
2015,1,4,ATL,DL,-1,0,,On-Time
2015,1,4,ATL,DL,-1,0,,On-Time
2015,1,4,ATL,DL,-1,0,,On-Time
2015,1,4,ATL,DL,-1,0,,On-Time
2015,1,4,ATL,DL,-1,0,,On-Time
2015,1,4,ATL,DL,-1,0,,On-Time
2015,1,4,ATL,DL,-1,0,,On-Time
2015,1,4,ATL,DL,-1,0,,On-Time
2015,1,4,ATL,DL,-1,0,,On-Time
2015,1,4,ATL,DL,-1,0,,On-Time
2015,1,4,ATL,DL,-1,0,,On-Time
2015,1,4,ATL,DL,-1,0,,On-Time
2015,1,4,ATL,DL,-1,0,,On-Time
2015,1,4,ATL,DL,-1,0,,On-Time
2015,1,4,ATL,DL,-1,0,,On-Time
2015,1,4,ATL,DL,-1,0,,On-Time
2015,1,4,ATL,DL,-1,0,,On-Time
2015,1,4,ATL,DL,-1,0,,On-Time
2015,1,4,ATL,DL,-1,0,,On-Time
2015,1,4,ATL,DL,-1,0,,On-Time
2015,1,4,ATL,DL,-1,0,,On-Time
2015,1,4,ATL,DL,-1,0,,On-Time
2015,1,4,ATL,DL,-1,0,,On-Time
2015,1,4,ATL,DL,-1,0,,On-Time
2015,1,4,ATL,DL,-1,0,,On-Time
2015,1,4,ATL,DL,-1,0,,On-Time
2015,1,4,ATL,DL,-1,0,,On-Time
2015,1,4,ATL,DL,-1,0,,On-Time
2015,1,4,ATL,DL,-1,0,,On-Time
2015,1,4,ATL,DL,-1,0,,On-Time
2015,1,4,ATL,DL,-1,0,,On-Time
2015,1,4,ATL,DL,-1,0,,On-Time
2015,1,4,ATL,DL,-1,0,,On-Time
2015,1,4,ATL,DL,-1,0,,On-Time
2015,1,4,ATL,DL,-1,0,,On-Time
2015,1,4,ATL,DL,-1,0,,On-Time
2015,1,4,ATL,DL,-1,0,,On-Time
2015,1,4,ATL,DL,-1,0,,On-Time
2015,1,4,ATL,DL,-1,0,,On-Time
2015,1,4,ATL,DL,-1,0,,On-Time
2015,1,4,ATL,DL,-1,0,,On-Time
2015,1,4,ATL,DL,-1,0,,On-Time
2015,1,4,ATL,DL,-1,0,,On-Time
2015,1,4,ATL,DL,-1,0,,On-Time
2015,1,4,ATL,DL,-1,0,,On-Time
2015,1,4,ATL,DL,-1,0,,On-Time
2015,1,4,ATL,DL,-1,0,,On-Time
2015,1,4,ATL,DL,-1,0,,On-Time
2015,1,4,ATL,DL,-1,0,,On-Time
2015,1,4,ATL,DL,-1,0,,On-Time
2015,1,4,ATL,DL,-1,0,,On-Time
2015,1,4,ATL,DL,-1,0,,On-Time
2015,1,4,ATL,DL,-1,0,,On-Time
2015,1,4,ATL,DL,-1,0,,On-Time
2015,1,4,ATL,DL,-1,0,,On-Time
2015,1,4,ATL,DL,-1,0,,On-Time
2015,1,4,ATL,DL,-1,0,,On-Time
2015,1,4,ATL,DL,-1,0,,On-Time
2015,1,4,ATL,DL,-1,0,,On-Time
2015,1,4,ATL,DL,-1,0,,On-Time
2015,1,4,ATL,DL,-1,0,,On-Time
2015,1,4,ATL,DL,-1,0,,On-Time
2015,1,4,ATL,DL,-1,0,,On-Time
2015,1,4,ATL,DL,-1,0,,On-Time
2015,1,4,PHX,AA,,1,B,Canceled
2015,1,4,SFO,AA,,1,B,Canceled
2015,1,4,ORD,F9,,1,A,Canceled
2015,1,4,LAX,AA,,1,A,Canceled
2015,1,4,ATL,AA,,1,B,Canceled
2015,1,4,IAH,AA,,1,B,Canceled
2015,1,4,MSP,AA,,1,B,Canceled
2015,1,4,LAX,UA,,1,A,Canceled
2015,1,4,IAH,EV,,1,C,Canceled
2015,1,4,PHX,OO,,1,A,Canceled
2015,1,4,DEN,OO,,1,C,Canceled
2015,1,4,DEN,OO,,1,C,Canceled
2015,1,4,ORD,UA,,1,A,Canceled
2015,1,4,DEN,OO,,1,C,Canceled
2015,1,4,DEN,OO,,1,C,Canceled
2015,1,4,IAH,EV,,1,C,Canceled
2015,1,4,DEN,OO,,1,C,Canceled
2015,1,4,DEN,OO,,1,C,Canceled
2015,1,4,DEN,EV,,1,C,Canceled
2015,1,4,IAH,EV,,1,C,Canceled
2015,1,4,ATL,NK,,1,B,Canceled
2015,1,4,ORD,MQ,,1,A,Canceled
2015,1,4,ORD,AA,,1,A,Canceled
2015,1,4,DEN,UA,,1,A,Canceled
2015,1,4,ORD,MQ,,1,A,Canceled
2015,1,4,IAH,EV,,1,C,Canceled
2015,1,4,ORD,AA,,1,B,Canceled
2015,1,4,DEN,OO,,1,C,Canceled
2015,1,4,LAX,AA,,1,A,Canceled
2015,1,4,DEN,UA,,1,B,Canceled
2015,1,4,DEN,OO,,1,C,Canceled
2015,1,4,DEN,OO,,1,C,Canceled
2015,1,4,DEN,OO,,1,B,Canceled
2015,1,4,IAH,EV,,1,B,Canceled
2015,1,4,ORD,UA,,1,B,Canceled
2015,1,4,DEN,OO,,1,C,Canceled
2015,1,4,DEN,OO,,1,C,Canceled
2015,1,4,DEN,OO,,1,C,Canceled
2015,1,4,ORD,OO,,1,A,Canceled
2015,1,4,IAH,EV,,1,C,Canceled
2015,1,4,DEN,UA,,1,B,Canceled
2015,1,4,IAH,EV,,1,B,Canceled
2015,1,4,DEN,OO,,1,C,Canceled
2015,1,4,DEN,UA,,1,B,Canceled
2015,1,4,DEN,OO,,1,C,Canceled
2015,1,4,DEN,UA,,1,B,Canceled
2015,1,4,PHX,OO,,1,C,Canceled
2015,1,4,DEN,EV,,1,C,Canceled
2015,1,4,DEN,EV,,1,C,Canceled
2015,1,4,DEN,EV,,1,C,Canceled
2015,1,4,DEN,OO,,1,C,Canceled
2015,1,4,PHX,OO,,1,A,Canceled
2015,1,4,DEN,OO,,1,A,Canceled
2015,1,4,DEN,UA,,1,B,Canceled
2015,1,4,DEN,OO,,1,C,Canceled
2015,1,4,DEN,EV,,1,C,Canceled
2015,1,4,IAH,EV,,1,B,Canceled
2015,1,4,IAH,EV,,1,B,Canceled
2015,1,4,DEN,EV,,1,C,Canceled
2015,1,4,DEN,OO,,1,B,Canceled
2015,1,4,DEN,OO,,1,C,Canceled
2015,1,4,SFO,OO,,1,B,Canceled
2015,1,5,MSP,NK,,1,A,Canceled
2015,1,5,MSP,UA,,1,B,Canceled
2015,1,5,LAX,WN,,1,A,Canceled
2015,1,5,ORD,AA,,1,A,Canceled
2015,1,5,LAX,DL,,1,A,Canceled
2015,1,5,IAH,EV,,1,B,Canceled
2015,1,5,IAH,EV,,1,C,Canceled
2015,1,5,LAX,US,,1,A,Canceled
2015,1,5,DEN,OO,,1,C,Canceled
2015,1,5,DEN,OO,,1,B,Canceled
2015,1,5,DEN,OO,,1,C,Canceled
2015,1,5,DEN,OO,,1,C,Canceled
2015,1,5,SFO,AA,,1,A,Canceled
2015,1,5,LAS,WN,,1,B,Canceled
2015,1,5,DEN,OO,,1,C,Canceled
2015,1,5,IAH,EV,,1,C,Canceled
2015,1,5,DEN,EV,,1,C,Canceled
2015,1,5,DEN,EV,,1,B,Canceled
2015,1,5,DEN,OO,,1,C,Canceled
2015,1,5,DEN,OO,,1,C,Canceled
2015,1,5,IAH,EV,,1,C,Canceled
2015,1,5,DEN,OO,,1,C,Canceled
2015,1,5,ORD,MQ,,1,A,Canceled
2015,1,5,IAH,AA,,1,A,Canceled
2015,1,5,ATL,EV,,1,B,Canceled
2015,1,5,DEN,OO,,1,B,Canceled
2015,1,5,IAH,EV,,1,B,Canceled
2015,1,5,IAH,EV,,1,C,Canceled
2015,1,5,ORD,AA,,1,A,Canceled
2015,1,5,DEN,EV,,1,C,Canceled
2015,1,5,DEN,OO,,1,C,Canceled
2015,1,5,DEN,OO,,1,C,Canceled
2015,1,5,DEN,EV,,1,C,Canceled
2015,1,5,IAH,EV,,1,C,Canceled
2015,1,5,ORD,MQ,,1,A,Canceled
2015,1,5,IAH,EV,,1,B,Canceled
2015,1,5,ORD,AA,,1,A,Canceled
2015,1,5,IAH,EV,,1,B,Canceled
2015,1,5,IAH,EV,,1,B,Canceled
2015,1,4,DFW,AA,,1,B,Canceled
2015,1,4,DFW,AA,,1,B,Canceled
2015,1,4,DFW,AA,,1,B,Canceled
2015,1,4,DFW,AA,,1,B,Canceled
2015,1,4,DFW,EV,,1,A,Canceled
2015,1,4,DFW,NK,,1,B,Canceled
2015,1,4,DFW,AA,,1,B,Canceled
2015,1,4,DFW,EV,,1,A,Canceled
2015,1,4,DFW,AA,,1,B,Canceled
2015,1,4,DFW,AA,,1,B,Canceled
2015,1,4,DFW,AA,,1,B,Canceled
2015,1,4,DFW,NK,,1,B,Canceled
2015,1,4,DFW,EV,,1,A,Canceled
2015,1,4,DFW,AA,,1,B,Canceled
2015,1,4,DFW,EV,,1,A,Canceled
2015,1,4,DFW,EV,,1,A,Canceled
2015,1,4,DFW,AA,,1,B,Canceled
2015,1,4,DFW,EV,,1,A,Canceled
2015,1,4,DFW,EV,,1,A,Canceled
2015,1,4,DFW,AA,,1,B,Canceled
2015,1,4,DFW,AA,,1,B,Canceled
2015,1,4,DFW,AA,,1,B,Canceled
2015,1,4,DFW,AA,,1,B,Canceled
2015,1,4,DFW,AA,,1,B,Canceled
2015,1,4,DFW,AA,,1,B,Canceled
2015,1,4,DFW,AA,,1,B,Canceled
2015,1,4,DFW,AA,,1,B,Canceled
2015,1,4,DFW,AA,,1,B,Canceled
2015,1,4,DFW,AA,,1,B,Canceled
2015,1,4,DFW,AA,,1,B,Canceled
2015,1,4,DFW,AA,,1,B,Canceled
2015,1,4,DFW,AA,,1,B,Canceled
2015,1,4,DFW,AA,,1,B,Canceled
2015,1,4,DFW,AA,,1,B,Canceled
2015,1,4,DFW,AA,,1,B,Canceled
2015,1,4,DFW,AA,,1,B,Canceled
2015,1,4,DFW,AA,,1,B,Canceled
2015,1,4,DFW,AA,,1,B,Canceled
2015,1,4,DFW,AA,,1,B,Canceled
2015,1,4,DFW,AA,,1,B,Canceled
2015,1,4,DFW,AA,,1,B,Canceled
2015,1,4,DFW,AA,,1,B,Canceled
2015,1,4,DFW,AA,,1,B,Canceled
2015,1,4,DFW,EV,,1,A,Canceled
2015,1,4,DFW,AA,,1,B,Canceled
2015,1,4,DFW,AA,,1,B,Canceled
2015,1,4,DFW,AA,,1,B,Canceled
2015,1,4,DFW,EV,,1,A,Canceled
2015,1,4,DFW,AA,,1,B,Canceled
2015,1,4,DFW,AA,,1,B,Canceled
2015,1,4,DFW,AA,,1,B,Canceled
2015,1,4,DFW,AA,,1,B,Canceled
2015,1,4,DFW,AA,,1,B,Canceled
2015,1,4,DFW,AA,,1,B,Canceled
2015,1,4,DFW,AA,,1,B,Canceled
2015,1,4,DFW,AA,,1,B,Canceled
2015,1,4,DFW,AA,,1,B,Canceled
2015,1,4,DFW,AA,,1,B,Canceled
2015,1,4,DFW,EV,,1,A,Canceled
2015,1,4,DFW,UA,,1,A,Canceled
2015,1,4,DFW,AA,,1,B,Canceled
2015,1,4,DFW,EV,,1,A,Canceled
2015,1,4,DFW,UA,,1,B,Canceled
2015,1,4,DFW,EV,,1,A,Canceled
2015,1,5,DFW,AA,,1,A,Canceled
2015,1,5,DFW,AA,,1,A,Canceled
2015,1,5,DFW,AA,,1,A,Canceled
2015,1,5,DFW,AA,,1,A,Canceled
2015,1,5,DFW,EV,,1,A,Canceled
2015,1,5,DFW,EV,,1,A,Canceled
2015,1,5,DFW,AA,,1,A,Canceled
2015,1,5,DFW,AA,,1,A,Canceled
2015,1,5,DFW,AA,,1,A,Canceled
2015,1,5,DFW,AA,,1,A,Canceled
2015,1,5,DFW,EV,,1,A,Canceled
2015,1,5,DFW,AA,,1,A,Canceled
2015,1,5,DFW,EV,,1,A,Canceled
2015,1,5,DFW,AA,,1,A,Canceled
2015,1,5,DFW,AA,,1,A,Canceled
2015,1,5,DFW,AA,,1,A,Canceled
2015,1,5,DFW,EV,,1,A,Canceled
2015,1,5,DFW,AA,,1,A,Canceled
2015,1,4,DFW,MQ,,1,A,Canceled
2015,1,4,DFW,MQ,,1,A,Canceled
2015,1,5,DFW,MQ,,1,A,Canceled
2015,1,5,DFW,MQ,,1,B,Canceled
2015,1,5,DFW,MQ,,1,B,Canceled
2015,1,5,DFW,MQ,,1,B,Canceled
2015,1,5,DFW,MQ,,1,B,Canceled
2015,1,5,DFW,MQ,,1,B,Canceled
2015,1,5,DFW,MQ,,1,B,Canceled
2015,1,5,DFW,MQ,,1,B,Canceled
2015,1,5,DFW,MQ,,1,B,Canceled
2015,1,5,DFW,MQ,,1,B,Canceled
2015,1,5,DFW,MQ,,1,B,Canceled
2015,1,5,DFW,MQ,,1,B,Canceled
2015,1,5,DFW,MQ,,1,B,Canceled
2015,1,5,DFW,MQ,,1,B,Canceled
2015,1,5,DFW,MQ,,1,B,Canceled
2015,1,5,DFW,MQ,,1,B,Canceled
2015,1,5,DFW,MQ,,1,B,Canceled
2015,1,5,DFW,MQ,,1,B,Canceled
2015,1,5,DFW,MQ,,1,B,Canceled
2015,1,5,DFW,MQ,,1,B,Canceled
2015,1,5,DFW,MQ,,1,B,Canceled
2015,1,5,DFW,MQ,,1,B,Canceled
2015,1,4,DFW,MQ,,1,B,Canceled
2015,1,4,DFW,MQ,,1,B,Canceled
2015,1,4,DFW,MQ,,1,B,Canceled
2015,1,4,DFW,MQ,,1,B,Canceled
2015,1,4,DFW,MQ,,1,B,Canceled
2015,1,4,DFW,MQ,,1,B,Canceled
2015,1,4,DFW,MQ,,1,B,Canceled
2015,1,4,DFW,MQ,,1,B,Canceled
2015,1,4,DFW,MQ,,1,B,Canceled
2015,1,4,DFW,MQ,,1,B,Canceled
2015,1,4,DFW,MQ,,1,B,Canceled
2015,1,4,DFW,MQ,,1,B,Canceled
2015,1,4,DFW,MQ,,1,B,Canceled
2015,1,4,DFW,MQ,,1,B,Canceled
2015,1,4,DFW,MQ,,1,B,Canceled
2015,1,4,DFW,MQ,,1,B,Canceled
2015,1,4,DFW,MQ,,1,B,Canceled
2015,1,4,DFW,MQ,,1,B,Canceled
2015,1,4,DFW,MQ,,1,B,Canceled
2015,1,4,DFW,MQ,,1,B,Canceled
2015,1,4,DFW,MQ,,1,B,Canceled
2015,1,4,DFW,MQ,,1,B,Canceled
2015,1,4,DFW,MQ,,1,B,Canceled
2015,1,4,DFW,MQ,,1,B,Canceled
2015,1,4,DFW,MQ,,1,B,Canceled
2015,1,4,DFW,MQ,,1,B,Canceled
2015,1,4,DFW,MQ,,1,B,Canceled
2015,1,4,DFW,MQ,,1,B,Canceled
2015,1,4,DFW,MQ,,1,B,Canceled
2015,1,4,DFW,MQ,,1,B,Canceled
2015,1,4,DFW,MQ,,1,B,Canceled
2015,1,4,DFW,MQ,,1,B,Canceled
2015,1,4,DFW,MQ,,1,B,Canceled
2015,1,4,DFW,MQ,,1,B,Canceled
2015,1,4,DFW,MQ,,1,B,Canceled
2015,1,4,DFW,MQ,,1,B,Canceled
2015,1,4,DFW,MQ,,1,B,Canceled
2015,1,4,DFW,MQ,,1,B,Canceled
2015,1,4,DFW,MQ,,1,B,Canceled
2015,1,4,DFW,MQ,,1,B,Canceled
2015,1,4,DFW,MQ,,1,B,Canceled
2015,1,4,DFW,MQ,,1,B,Canceled
2015,1,4,DFW,MQ,,1,B,Canceled
2015,1,4,DFW,MQ,,1,B,Canceled
2015,1,4,DFW,MQ,,1,B,Canceled
2015,1,4,DFW,MQ,,1,B,Canceled
2015,1,4,DFW,MQ,,1,B,Canceled
2015,1,4,DFW,MQ,,1,B,Canceled
2015,1,4,DFW,MQ,,1,B,Canceled
2015,1,4,DFW,MQ,,1,B,Canceled
2015,1,4,DFW,MQ,,1,B,Canceled
2015,1,4,DFW,MQ,,1,B,Canceled
2015,1,4,DFW,MQ,,1,B,Canceled
2015,1,4,DFW,MQ,,1,B,Canceled
2015,1,4,DFW,MQ,,1,B,Canceled
2015,1,4,DFW,MQ,,1,B,Canceled
2015,1,4,DFW,MQ,,1,B,Canceled
2015,1,4,DFW,MQ,,1,B,Canceled
2015,1,4,DFW,MQ,,1,B,Canceled
2015,1,4,DFW,MQ,,1,B,Canceled
2015,1,4,DFW,MQ,,1,B,Canceled
2015,1,4,DFW,MQ,,1,B,Canceled
2015,1,4,DFW,MQ,,1,B,Canceled
2015,1,4,DFW,MQ,,1,B,Canceled
2015,1,4,DFW,MQ,,1,B,Canceled
2015,1,4,DFW,MQ,,1,B,Canceled
2015,1,4,DFW,MQ,,1,B,Canceled
2015,1,4,DFW,MQ,,1,B,Canceled
2015,1,4,DFW,MQ,,1,B,Canceled
2015,1,4,DFW,MQ,,1,B,Canceled
2015,1,4,DFW,MQ,,1,B,Canceled
2015,1,4,DFW,MQ,,1,B,Canceled
2015,1,4,DFW,MQ,,1,B,Canceled
2015,1,4,DFW,MQ,,1,B,Canceled
2015,1,4,DFW,MQ,,1,B,Canceled
2015,1,4,DFW,MQ,,1,B,Canceled
2015,1,4,DFW,MQ,,1,B,Canceled
2015,1,4,DFW,MQ,,1,B,Canceled
2015,1,4,DFW,MQ,,1,B,Canceled
2015,1,4,DFW,MQ,,1,B,Canceled
2015,1,4,DFW,MQ,,1,B,Canceled
2015,1,4,DFW,MQ,,1,B,Canceled
2015,1,4,DFW,MQ,,1,B,Canceled
2015,1,4,DFW,MQ,,1,B,Canceled
2015,1,4,DFW,MQ,,1,B,Canceled
2015,1,4,DFW,MQ,,1,B,Canceled
2015,1,4,DFW,MQ,,1,B,Canceled
2015,1,4,DFW,MQ,,1,B,Canceled
2015,1,4,DFW,MQ,,1,B,Canceled
2015,1,4,DFW,MQ,,1,B,Canceled
2015,1,4,DFW,MQ,,1,B,Canceled
2015,1,4,DFW,MQ,,1,B,Canceled
2015,1,4,DFW,MQ,,1,B,Canceled
2015,1,4,DFW,MQ,,1,B,Canceled
2015,1,4,DFW,MQ,,1,B,Canceled
2015,1,4,DFW,MQ,,1,B,Canceled
2015,1,4,DFW,MQ,,1,B,Canceled
2015,1,4,DFW,MQ,,1,B,Canceled
2015,1,4,DFW,MQ,,1,B,Canceled
2015,1,4,DFW,MQ,,1,B,Canceled
2015,1,4,DFW,MQ,,1,B,Canceled
2015,1,4,DFW,MQ,,1,B,Canceled
2015,1,4,DFW,MQ,,1,B,Canceled
2015,1,4,DFW,MQ,,1,B,Canceled
2015,1,4,DFW,MQ,,1,B,Canceled
2015,1,4,DFW,MQ,,1,B,Canceled
2015,1,4,IAH,EV,-5,1,B,Canceled
2015,1,4,IAH,EV,7,1,B,Canceled
2015,1,4,DEN,EV,49,1,C,Canceled
2015,1,5,ORD,MQ,0,1,A,Canceled
2015,1,5,DFW,EV,151,1,A,Canceled
